{"type": "FeatureCollection", "features": [{"type": "Feature", "properties": {"route_id": "1", "name": "1", "color": "#B9CE00", "label_lon": 7.628322777777778, "label_lat": 51.95587694444445}, "geometry": {"type": "LineString", "coordinates": [[7.527205, 51.95440694444445], [7.527197777777777, 51.95440694444445], [7.527126944444444, 51.95440583333334], [7.5271308333333335, 51.95432777777778], [7.527145833333333, 51.95408583333334], [7.527146111111111, 51.95408555555556], [7.527145833333333, 51.95408583333334], [7.527447777777778, 51.95407], [7.527735, 51.954055833333335], [7.527741944444444, 51.95388694444445], [7.527736944444444, 51.95382277777778], [7.528092777777777, 51.953790000000005], [7.528687777777778, 51.95376], [7.5290558333333335, 51.95375777777778], [7.529573888888889, 51.953765000000004], [7.529920833333334, 51.953770000000006], [7.530145833333333, 51.953775], [7.530367777777777, 51.95378277777778], [7.530591944444445, 51.95380277777778], [7.530773888888889, 51.953832777777784], [7.530773888888889, 51.953832777777784], [7.530933888888889, 51.953860000000006], [7.5311377777777775, 51.953905000000006], [7.531218888888889, 51.953922777777784], [7.5314499999999995, 51.953986944444445], [7.5316938888888885, 51.95405388888889], [7.531851944444444, 51.95408777777778], [7.532147777777777, 51.95413194444445], [7.532257777777778, 51.95413388888889], [7.532444722222222, 51.95412277777778], [7.532406944444444, 51.95397777777778], [7.53233, 51.95373388888889], [7.532110833333333, 51.953325], [7.532003888888889, 51.95315083333334], [7.531753888888889, 51.952823888888894], [7.531711944444444, 51.95277], [7.531662777777778, 51.95270694444445], [7.531396944444444, 51.952425000000005], [7.531331944444444, 51.95234777777778], [7.531201944444445, 51.95219277777778], [7.531070833333334, 51.95205277777778], [7.530930833333334, 51.95190277777778], [7.530316944444444, 51.95128777777778], [7.530188888888889, 51.95115888888889], [7.530188888888889, 51.95115888888889], [7.5296569444444446, 51.95062583333333], [7.529375833333333, 51.95033777777778], [7.529076944444444, 51.95004194444445], [7.52881, 51.949777777777776], [7.5284458333333335, 51.94941083333333], [7.528418888888889, 51.94938277777777], [7.528030833333333, 51.949012777777774], [7.527862777777778, 51.94883194444444], [7.5273819444444445, 51.948344999999996], [7.5273819444444445, 51.948344999999996], [7.527086944444444, 51.94804583333333], [7.526328888888889, 51.947313888888885], [7.52579, 51.946794999999995], [7.525726944444444, 51.94671888888889], [7.52585, 51.94667777777777], [7.526144722222222, 51.946553888888886], [7.5263108333333335, 51.946524999999994], [7.526368888888888, 51.94655888888889], [7.52644, 51.94658194444444], [7.526501944444444, 51.94658277777778], [7.526555833333333, 51.94656583333333], [7.526802777777777, 51.946419999999996], [7.526805277777778, 51.946421666666666], [7.526802777777777, 51.946419999999996], [7.527058888888889, 51.94626888888889], [7.5271, 51.94622388888889], [7.5271099999999995, 51.94617888888889], [7.52709, 51.94613694444444], [7.527052777777778, 51.946104999999996], [7.526972777777778, 51.946081944444444], [7.526896944444444, 51.946079999999995], [7.5268419444444445, 51.94609277777777], [7.526660833333334, 51.94620388888889], [7.526643888888889, 51.946214999999995], [7.526643888888889, 51.946214999999995], [7.526362777777778, 51.94638888888888], [7.5263108333333335, 51.946437777777774], [7.526297777777778, 51.94649194444444], [7.5263108333333335, 51.946524999999994], [7.526144722222222, 51.946553888888886], [7.52585, 51.94667777777777], [7.525726944444444, 51.94671888888889], [7.525658888888889, 51.94662388888889], [7.525637777777778, 51.946553888888886], [7.525640833333333, 51.946479999999994], [7.52567, 51.94639583333333], [7.525718888888889, 51.94633777777778], [7.526066944444445, 51.94607277777777], [7.526130833333333, 51.94601083333333], [7.526192777777777, 51.94594], [7.526242777777778, 51.94586888888889], [7.526322777777778, 51.945715], [7.526385, 51.94551583333333], [7.526597777777778, 51.94454277777778], [7.526740833333333, 51.94389083333333], [7.526938888888889, 51.94390388888888], [7.527061944444444, 51.943911944444444], [7.527300833333333, 51.94396277777778], [7.5277577777777775, 51.944088888888885], [7.528123888888889, 51.944202777777775], [7.5283058333333335, 51.94426583333333], [7.528996944444445, 51.944492777777775], [7.529318888888889, 51.94461388888889], [7.529773888888889, 51.944802777777774], [7.529857777777778, 51.94484083333333], [7.529857777777778, 51.94484083333333], [7.529972777777778, 51.944892777777774], [7.531080833333333, 51.945409999999995], [7.531575833333333, 51.94561777777778], [7.532127777777777, 51.945817777777776], [7.532607777777778, 51.945993888888886], [7.532838888888889, 51.94607583333333], [7.533032777777778, 51.94614583333333], [7.533032777777778, 51.94614583333333], [7.533168888888889, 51.946194999999996], [7.5337427777777775, 51.946394999999995], [7.534156944444445, 51.94654194444444], [7.534425833333334, 51.946641944444444], [7.534896944444444, 51.946799999999996], [7.534932777777778, 51.94681083333333], [7.535087777777778, 51.94685694444444], [7.535112777777778, 51.946863888888885], [7.535231944444444, 51.94689777777777], [7.535847777777778, 51.94705777777777], [7.536091944444444, 51.94711083333333], [7.536562777777777, 51.94721194444444], [7.537157777777778, 51.94734194444444], [7.537537777777778, 51.947448888888886], [7.53801, 51.947655], [7.538182777777777, 51.94773194444444], [7.538182777777777, 51.94773194444444], [7.538717777777777, 51.94796888888889], [7.538642777777778, 51.94804388888888], [7.538598888888889, 51.948125], [7.5385808333333335, 51.948186944444444], [7.538541944444444, 51.94827194444444], [7.538397777777778, 51.94855194444444], [7.538165833333333, 51.94902388888889], [7.53767, 51.95003083333334], [7.53702, 51.95143], [7.536905833333333, 51.951660833333335], [7.536905833333333, 51.951660833333335], [7.536468888888889, 51.952555000000004], [7.536345, 51.95281888888889], [7.536171944444444, 51.95320277777778], [7.5360877777777775, 51.953388888888895], [7.535931944444444, 51.953735], [7.535827777777778, 51.953965833333335], [7.535791944444444, 51.95404583333334], [7.53569, 51.9543], [7.535671944444444, 51.95442083333334], [7.535677777777778, 51.954483888888895], [7.535907777777778, 51.954505000000005], [7.5362358333333335, 51.954573888888895], [7.53628, 51.95458583333333], [7.53628, 51.95458583333333], [7.536778888888889, 51.95472194444445], [7.537102777777777, 51.95481083333333], [7.537143888888889, 51.95482194444445], [7.537218888888889, 51.954840833333336], [7.537765833333333, 51.954985], [7.537975833333333, 51.955040000000004], [7.538461944444444, 51.95516777777778], [7.538921944444445, 51.95528388888889], [7.539191944444444, 51.95535777777778], [7.53935, 51.95541], [7.539501944444444, 51.95544888888889], [7.53965, 51.95547194444445], [7.5399199999999995, 51.955485], [7.540202777777778, 51.95547694444445], [7.540360833333334, 51.95545888888889], [7.540830833333334, 51.955355833333336], [7.540931944444444, 51.955331944444445], [7.54097, 51.95532277777778], [7.541301944444444, 51.955243888888894], [7.541301944444444, 51.955243888888894], [7.541353888888889, 51.95523194444445], [7.541491944444444, 51.955200000000005], [7.541692777777778, 51.955150833333335], [7.541693333333333, 51.955152222222225], [7.541692777777778, 51.955150833333335], [7.541695, 51.955150833333335], [7.541933888888889, 51.95509194444445], [7.544170833333333, 51.95455194444445], [7.546413888888889, 51.95401777777778], [7.547602777777778, 51.95373194444445], [7.5496558333333335, 51.95324], [7.550731944444444, 51.952981944444446], [7.5516169444444445, 51.952781944444446], [7.551793888888889, 51.95275083333333], [7.551793888888889, 51.95275083333333], [7.551983888888889, 51.95271694444445], [7.55236, 51.952665], [7.552691944444445, 51.95263583333334], [7.553020833333333, 51.95261888888889], [7.5533238888888885, 51.95261388888889], [7.553828888888889, 51.95262277777778], [7.554323888888889, 51.952645000000004], [7.554625, 51.95266277777778], [7.557725, 51.952828888888895], [7.559508888888889, 51.952925], [7.560381944444444, 51.952960833333336], [7.560946944444444, 51.95299583333334], [7.5615049999999995, 51.953066944444444], [7.561635833333333, 51.95309], [7.562100833333333, 51.953205833333335], [7.562427777777778, 51.95331277777778], [7.562705833333333, 51.953430833333336], [7.562998888888889, 51.95358], [7.5632649999999995, 51.95373277777778], [7.565063888888889, 51.95478083333334], [7.5652808333333335, 51.95489194444445], [7.565496944444444, 51.95499], [7.565732777777778, 51.955088888888895], [7.5659849999999995, 51.95517777777778], [7.567685, 51.955731944444445], [7.567775, 51.95576388888889], [7.568025, 51.95585194444445], [7.568025, 51.95585194444445], [7.568175833333333, 51.955905], [7.568332777777777, 51.955960833333336], [7.5693399999999995, 51.956355], [7.5694188888888885, 51.956383888888894], [7.569906944444444, 51.95656694444445], [7.5704988888888884, 51.956788888888894], [7.570521944444444, 51.95679694444445], [7.57062, 51.956832777777784], [7.570805833333333, 51.95690583333334], [7.571213888888889, 51.95705777777778], [7.571777777777777, 51.95727083333334], [7.572495, 51.95754194444445], [7.572643888888889, 51.957591944444445], [7.5729058333333334, 51.95768777777778], [7.573087777777777, 51.957708888888895], [7.573538888888889, 51.95787583333334], [7.573563888888889, 51.957895], [7.573563888888889, 51.957895], [7.573605, 51.95792777777778], [7.574053888888889, 51.95812388888889], [7.575245833333333, 51.95864777777778], [7.57606, 51.959001944444445], [7.576261944444444, 51.95908694444445], [7.576505, 51.95919194444445], [7.5775508333333335, 51.959650833333335], [7.5775508333333335, 51.959650833333335], [7.577651944444444, 51.959695], [7.578278888888889, 51.95995694444445], [7.578563888888889, 51.960060000000006], [7.578939999999999, 51.96017388888889], [7.5794427777777775, 51.96030583333334], [7.579562777777777, 51.96033194444445], [7.579898888888889, 51.960390000000004], [7.580315833333333, 51.960440000000006], [7.58074, 51.96047083333334], [7.581088888888889, 51.960480833333335], [7.581695, 51.960505833333336], [7.581695, 51.960505833333336], [7.581712777777778, 51.96050694444445], [7.581724722222222, 51.96045305555556], [7.581712777777778, 51.96050694444445], [7.582060833333333, 51.960535], [7.582156944444444, 51.960545833333335], [7.582226944444444, 51.96055388888889], [7.582572777777777, 51.960592777777784], [7.583095833333333, 51.96068888888889], [7.583526944444444, 51.96079888888889], [7.583961944444444, 51.96094], [7.584341944444444, 51.96108277777778], [7.584797777777777, 51.96127888888889], [7.586065, 51.96182694444445], [7.586117777777777, 51.961850000000005], [7.587235833333333, 51.96239583333334], [7.587415833333333, 51.96249777777778], [7.587617777777777, 51.962380833333334], [7.5885549999999995, 51.96183694444445], [7.5889219444444445, 51.96161083333334], [7.589193888888889, 51.96145583333334], [7.5892969444444445, 51.96141194444445], [7.5892969444444445, 51.96141194444445], [7.589751944444444, 51.961218888888894], [7.589931944444444, 51.961155833333336], [7.590178888888889, 51.961090000000006], [7.590597777777777, 51.96101277777778], [7.590860833333333, 51.96098388888889], [7.591078888888888, 51.96097277777778], [7.591525, 51.96097694444445], [7.591962777777778, 51.96101194444445], [7.592116944444444, 51.961035833333334], [7.59249, 51.96111583333334], [7.592836944444445, 51.961200000000005], [7.593067777777778, 51.96123583333333], [7.59328, 51.9613], [7.593626944444444, 51.96142277777778], [7.59385, 51.96151694444445], [7.594073888888889, 51.961623888888894], [7.594407777777778, 51.96180777777778], [7.594407777777778, 51.96180777777778], [7.596082777777777, 51.962720000000004], [7.596632777777778, 51.96302888888889], [7.596951944444444, 51.96318194444445], [7.597215833333333, 51.963323888888894], [7.597215833333333, 51.963323888888894], [7.597228888888889, 51.96333083333334], [7.5972599999999995, 51.963347777777784], [7.597705833333333, 51.963590833333335], [7.597978888888888, 51.96374], [7.5981419444444445, 51.96383388888889], [7.59842, 51.96399388888889], [7.598527777777777, 51.964065000000005], [7.598647777777778, 51.964170833333334], [7.5987438888888885, 51.96429388888889], [7.598787777777778, 51.964371944444444], [7.598806944444444, 51.964415], [7.598810833333333, 51.964425000000006], [7.598937777777778, 51.96454], [7.599008888888888, 51.96463277777778], [7.599091944444444, 51.96470583333333], [7.599178888888889, 51.96475277777778], [7.599257777777778, 51.96478583333334], [7.599402777777778, 51.96482694444445], [7.599917777777778, 51.96483277777778], [7.600236944444444, 51.96485277777778], [7.600236944444444, 51.96485277777778], [7.60025, 51.96485388888889], [7.600305, 51.96485888888889], [7.600588888888889, 51.96489583333334], [7.6005988888888885, 51.96489777777778], [7.60086, 51.964940000000006], [7.600922777777777, 51.96495194444445], [7.601040833333333, 51.96497277777778], [7.601341944444444, 51.96502777777778], [7.601525833333333, 51.96506388888889], [7.601740833333333, 51.96510583333334], [7.601870833333333, 51.965131944444444], [7.602702777777777, 51.96532083333334], [7.603135, 51.96541694444445], [7.603395833333333, 51.965496944444446], [7.603816944444444, 51.965583888888894], [7.604350833333333, 51.96570388888889], [7.6047038888888885, 51.96579194444445], [7.605074999999999, 51.96589277777778], [7.605284999999999, 51.96595888888889], [7.6056019444444445, 51.96605777777778], [7.606741944444444, 51.96645], [7.606998888888889, 51.96654277777778], [7.607515833333333, 51.96672277777778], [7.607515833333333, 51.96672277777778], [7.608135833333333, 51.96693888888889], [7.609285, 51.96732888888889], [7.609581944444444, 51.96742888888889], [7.609803888888888, 51.967490833333336], [7.609934999999999, 51.96752083333334], [7.610122777777778, 51.967551944444445], [7.610303888888889, 51.96757277777778], [7.610475833333333, 51.967576944444446], [7.610591944444444, 51.967571944444444], [7.610882777777777, 51.967551944444445], [7.611052777777777, 51.96752888888889], [7.611247777777778, 51.96749694444445], [7.611498888888889, 51.967441944444445], [7.6116399999999995, 51.96741083333333], [7.6116399999999995, 51.96741083333333], [7.611812777777778, 51.967371944444444], [7.61208, 51.96731277777778], [7.612157777777777, 51.967295], [7.6122419444444445, 51.96727583333333], [7.612537777777778, 51.967236944444444], [7.612806944444444, 51.96722388888889], [7.613205, 51.96722694444445], [7.613262777777777, 51.96722694444445], [7.613352777777777, 51.96722888888889], [7.6137999999999995, 51.967236944444444], [7.614166944444444, 51.96724583333334], [7.614616944444444, 51.96725694444444], [7.614833888888889, 51.967261944444445], [7.615076944444444, 51.96730194444444], [7.615142777777778, 51.96726], [7.615472777777778, 51.967084722222225], [7.615685, 51.96698388888889], [7.615891944444444, 51.96688888888889], [7.61607, 51.96681777777778], [7.616292777777778, 51.96673583333334], [7.616292777777778, 51.96673583333334], [7.616292777777778, 51.96673583333334], [7.616362777777778, 51.96671083333334], [7.616586944444444, 51.96662083333334], [7.616610833333333, 51.96664388888889], [7.616586944444444, 51.96662083333334], [7.616611944444444, 51.966611944444445], [7.61667, 51.96658777777778], [7.616698888888889, 51.96657583333334], [7.61678, 51.96651583333334], [7.616976944444445, 51.966370833333336], [7.617195833333334, 51.966431944444444], [7.6172827777777785, 51.966456944444445], [7.617577777777778, 51.96653583333334], [7.61788388888889, 51.966586944444444], [7.617985000000001, 51.96659777777778], [7.618060000000001, 51.96660777777778], [7.6184408333333336, 51.966655833333334], [7.619082777777778, 51.96669583333333], [7.619315, 51.966703888888894], [7.619315, 51.966703888888894], [7.619441944444445, 51.96670777777778], [7.619665, 51.966702777777776], [7.620026944444445, 51.96668694444445], [7.620132777777778, 51.966681944444446], [7.620196944444445, 51.96667777777778], [7.621142777777778, 51.966620000000006], [7.62129, 51.966610833333334], [7.621686944444445, 51.96656194444445], [7.622260833333334, 51.966445], [7.622355833333334, 51.96642083333334], [7.622871944444445, 51.966276944444445], [7.6230850000000006, 51.96619777777778], [7.623352777777778, 51.966098888888894], [7.623587777777778, 51.966005], [7.6237369444444445, 51.965943888888894], [7.624226944444445, 51.965715], [7.624245833333334, 51.96570694444445], [7.62438, 51.96564888888889], [7.624745833333334, 51.96552194444445], [7.624972777777778, 51.96546194444445], [7.6256, 51.96534888888889], [7.62578888888889, 51.96532083333334], [7.626146944444445, 51.965290833333334], [7.6263538888888895, 51.965291944444445], [7.62651388888889, 51.96529888888889], [7.626615, 51.96530388888889], [7.626827777777779, 51.96530583333334], [7.626900000000001, 51.965305], [7.62698388888889, 51.96530083333334], [7.62698388888889, 51.96530083333334], [7.626998888888889, 51.965300000000006], [7.627080833333334, 51.965295833333336], [7.6272777777777785, 51.965265], [7.627322777777779, 51.965255000000006], [7.627342777777779, 51.965250833333336], [7.627532777777779, 51.96519194444445], [7.627875833333333, 51.965055], [7.628176944444445, 51.96492083333334], [7.628313888888889, 51.96485083333334], [7.628396944444445, 51.96479777777778], [7.628442777777778, 51.964765], [7.628441944444445, 51.964765], [7.628442777777778, 51.964765], [7.628537777777778, 51.96469694444445], [7.628650833333333, 51.96460777777778], [7.628741944444445, 51.964558888888895], [7.628901944444445, 51.96449694444445], [7.628922222222223, 51.96451888888889], [7.628901944444445, 51.96449694444445], [7.629351944444445, 51.96434083333334], [7.6295858333333335, 51.964265833333336], [7.630021944444445, 51.96414194444445], [7.6300469444444445, 51.96413583333334], [7.6302488888888895, 51.964085833333336], [7.630602777777778, 51.96397], [7.630785833333333, 51.963906944444446], [7.630785833333333, 51.963906944444446], [7.630926944444445, 51.96385888888889], [7.631095833333334, 51.96378194444445], [7.631105833333334, 51.96377777777778], [7.631207777777778, 51.963701944444445], [7.6313127777777785, 51.963592777777784], [7.631585, 51.963258888888895], [7.631760000000001, 51.963050833333334], [7.631825833333334, 51.96297388888889], [7.631953888888889, 51.96285777777778], [7.632043888888889, 51.96279277777778], [7.632418888888889, 51.96260388888889], [7.632633888888889, 51.96250194444445], [7.632852777777778, 51.962380833333334], [7.633061944444445, 51.96228083333334], [7.633276944444445, 51.962203888888894], [7.63343, 51.962138888888894], [7.633629999999999, 51.96208083333334], [7.633761944444444, 51.962045], [7.633862777777777, 51.96203083333334], [7.633996944444444, 51.96202], [7.634362777777778, 51.96201], [7.634668888888888, 51.962005000000005], [7.635097777777777, 51.96199083333334], [7.63538, 51.96194694444445], [7.63538, 51.96187694444445], [7.635372777777778, 51.961820833333334], [7.635314999999999, 51.96150194444445], [7.635236944444444, 51.961133888888895], [7.635225833333333, 51.96107888888889], [7.635191944444444, 51.96091583333334], [7.635191944444444, 51.96091583333334], [7.6351627777777775, 51.960772777777784], [7.635140833333333, 51.960665000000006], [7.63509, 51.96040888888889], [7.63509, 51.96040777777778], [7.635083888888889, 51.960368888888894], [7.635067777777778, 51.96013083333334], [7.635053888888889, 51.95997388888889], [7.635045, 51.95987277777778], [7.635034999999999, 51.95973888888889], [7.634866944444444, 51.959525], [7.634810833333333, 51.95929], [7.634804999999999, 51.95926277777778], [7.634759999999999, 51.959073888888895], [7.6345688888888885, 51.95843388888889], [7.634542777777777, 51.958350833333334], [7.634524999999999, 51.95829888888889], [7.634475833333333, 51.958126944444444], [7.634408888888888, 51.95789194444445], [7.6343, 51.957520833333334], [7.6343, 51.957520833333334], [7.634271944444444, 51.95742694444445], [7.634215833333333, 51.957245], [7.6341319444444435, 51.95706388888889], [7.633995, 51.95684888888889], [7.633892777777778, 51.956720000000004], [7.6336627777777775, 51.95652777777778], [7.6334188888888885, 51.95633083333334], [7.633295, 51.956230000000005], [7.633187777777779, 51.956145], [7.632841944444445, 51.955866944444445], [7.632750833333334, 51.95577194444445], [7.6326438888888894, 51.955795], [7.631993888888889, 51.95598777777778], [7.631873888888889, 51.95603194444445], [7.631390833333334, 51.95620388888889], [7.63134888888889, 51.95621888888889], [7.631280833333334, 51.95624277777778], [7.631223888888889, 51.95626277777778], [7.6311350000000004, 51.956293888888894], [7.630915833333334, 51.95636694444445], [7.630716944444445, 51.95643277777778], [7.630581944444445, 51.95647777777778], [7.630417777777779, 51.95650583333334], [7.630321944444445, 51.956495000000004], [7.630090833333334, 51.95644777777778], [7.629947777777779, 51.95639777777778], [7.629813888888889, 51.95635083333334], [7.629652777777778, 51.956293888888894], [7.628772777777778, 51.95598888888889], [7.6285219444444445, 51.95592083333334], [7.628322777777778, 51.95587694444445], [7.628005000000001, 51.955830000000006], [7.627703888888889, 51.955803888888894], [7.627698888888889, 51.95586777777778], [7.627698888888889, 51.95586777777778], [7.627703888888889, 51.955803888888894], [7.627508888888889, 51.95579194444445], [7.627335833333333, 51.955795], [7.627253888888889, 51.95579888888889], [7.627037777777779, 51.9558], [7.627023888888889, 51.95590083333334], [7.626965, 51.95599388888889], [7.6268650000000004, 51.956073888888895], [7.626733888888889, 51.95613388888889], [7.626618888888889, 51.956161944444446], [7.626497777777778, 51.956175], [7.626317777777778, 51.956163888888895], [7.626205000000001, 51.956136944444445], [7.626102777777779, 51.95609777777778], [7.626016944444445, 51.956045], [7.6259258333333335, 51.95594888888889], [7.625887777777778, 51.95584083333333], [7.625905833333333, 51.95573], [7.625967777777778, 51.95563777777778], [7.62606888888889, 51.95556083333334], [7.6261527777777784, 51.95552083333334], [7.626248888888889, 51.955489722222225], [7.626405, 51.955466944444446], [7.626371944444445, 51.955335000000005], [7.626311944444445, 51.95507583333334], [7.626060833333334, 51.95428583333334], [7.6258550000000005, 51.953651944444445], [7.62584, 51.953605], [7.625793888888889, 51.95346277777778], [7.625772777777779, 51.95339777777778], [7.62571388888889, 51.95321694444445], [7.625685833333334, 51.95312694444445], [7.625605, 51.952875000000006], [7.625605, 51.952875000000006], [7.625588888888889, 51.95282277777778], [7.625555833333334, 51.95271888888889], [7.625516944444445, 51.95259], [7.625485, 51.952491944444446], [7.625365, 51.95211777777778], [7.625247777777778, 51.95175694444445], [7.625226944444445, 51.95169083333334], [7.625146944444445, 51.95145194444445], [7.624991944444445, 51.95099388888889], [7.624950833333334, 51.95087083333333], [7.624896944444445, 51.95070277777778], [7.624770000000001, 51.95030888888889], [7.62473388888889, 51.95019277777778], [7.624583888888889, 51.949765], [7.624521944444445, 51.94957583333333], [7.624482777777779, 51.94944777777778], [7.624447777777778, 51.94933194444444], [7.624447777777778, 51.94933194444444], [7.624433888888889, 51.94928694444444], [7.624300000000001, 51.94884194444444], [7.624265, 51.948735], [7.624206944444445, 51.94856583333333], [7.624071944444445, 51.94817388888889], [7.623948888888889, 51.947815], [7.623943888888889, 51.947799999999994], [7.623935, 51.94777194444444], [7.623903888888889, 51.947669999999995], [7.623895833333334, 51.947643888888884], [7.623892777777778, 51.947635], [7.623767777777778, 51.94721388888888], [7.623731944444445, 51.947087777777774], [7.623593888888889, 51.946707777777775], [7.623581944444445, 51.94667888888888], [7.623543888888889, 51.94664083333333], [7.6235100000000005, 51.94661194444444], [7.623392777777778, 51.946234999999994], [7.623342777777778, 51.94598694444444], [7.623342777777778, 51.94598694444444], [7.6233288888888895, 51.94591888888888], [7.623281944444445, 51.945665], [7.623216944444445, 51.94546277777778], [7.62320388888889, 51.94542777777777], [7.6231477777777785, 51.94525888888889], [7.623117777777778, 51.945117777777774], [7.623090833333333, 51.94492083333333], [7.623091944444445, 51.94479583333333], [7.623092777777778, 51.944745], [7.6231019444444446, 51.94468694444444], [7.623118888888889, 51.944579999999995], [7.623171944444445, 51.944255], [7.623267777777778, 51.94376888888888], [7.62344, 51.942967777777774], [7.6234777777777785, 51.94279083333333], [7.623487777777778, 51.94274083333333], [7.623613888888889, 51.94221777777778], [7.623615833333334, 51.942209999999996], [7.623615833333334, 51.942209999999996], [7.623620000000001, 51.94219194444444], [7.623648888888889, 51.942065], [7.623670833333334, 51.94196888888889], [7.623692777777778, 51.941872777777775], [7.623718888888889, 51.94176777777778], [7.623735000000001, 51.94170083333333], [7.623760000000001, 51.94159777777777], [7.623942777777779, 51.94102694444444], [7.623996944444445, 51.94085888888888], [7.6240169444444446, 51.940793888888884], [7.6242, 51.94020388888889], [7.624271944444445, 51.939883888888886], [7.624311944444445, 51.93973083333333], [7.624311944444445, 51.93973083333333], [7.624335, 51.93964194444444], [7.624385833333334, 51.939429999999994], [7.6244008333333335, 51.939368888888886], [7.624421944444445, 51.93928083333333], [7.624433888888889, 51.93923083333333], [7.624605833333334, 51.93850888888888], [7.6247050000000005, 51.93811888888889], [7.624750833333334, 51.93793694444444], [7.62476, 51.93789694444444], [7.624785833333334, 51.93778388888889], [7.624825, 51.93761388888888], [7.625008888888889, 51.93687388888888], [7.6250350000000005, 51.936769999999996], [7.625070000000001, 51.93662888888888], [7.62508388888889, 51.936567777777775], [7.625111944444445, 51.93645194444444], [7.625148888888889, 51.93630583333333], [7.625190000000001, 51.936142777777775], [7.625301944444445, 51.93575499999999], [7.625381944444445, 51.93545583333333], [7.625475833333334, 51.9351], [7.625475833333334, 51.9351], [7.625518888888889, 51.93493888888889], [7.6255427777777784, 51.93484694444444], [7.625575833333333, 51.93472194444444], [7.625685000000001, 51.934309999999996], [7.6257069444444445, 51.93423277777777], [7.625741944444445, 51.93411583333333], [7.6258550000000005, 51.93373777777777], [7.626036944444445, 51.93328083333333], [7.626055833333334, 51.933231944444444], [7.626085000000001, 51.933155], [7.62625388888889, 51.93274694444444], [7.626333888888889, 51.93255], [7.626537777777778, 51.932063888888884], [7.626607777777778, 51.93190277777777], [7.626695000000001, 51.931695], [7.6267538888888895, 51.931555833333334], [7.6267538888888895, 51.931555833333334], [7.627015, 51.93094388888888], [7.627632777777778, 51.92951], [7.628661944444445, 51.927074999999995], [7.628755833333334, 51.926853888888886], [7.628755833333334, 51.926853888888886], [7.628797777777779, 51.926755], [7.628828888888889, 51.92667972222222], [7.628848888888889, 51.926632777777776], [7.628985833333334, 51.926313888888885], [7.629313888888889, 51.92553777777778], [7.629528888888889, 51.92502777777778], [7.629670000000001, 51.92468583333333], [7.629711944444445, 51.92458694444444], [7.629757777777778, 51.924483888888886], [7.629810000000001, 51.924371944444445], [7.629840000000001, 51.92431583333333], [7.630028888888889, 51.923968888888886], [7.630212777777778, 51.92357583333333], [7.630378888888889, 51.923177777777774], [7.630730000000001, 51.92234777777777], [7.631072777777778, 51.92153083333333], [7.631131944444445, 51.92135777777778], [7.631157777777778, 51.921278888888885], [7.631157777777778, 51.921278888888885], [7.631291944444445, 51.92086777777777], [7.631362777777778, 51.920561944444444], [7.631328333333334, 51.92055916666666], [7.631362777777778, 51.920561944444444], [7.631466944444445, 51.92005777777778], [7.631521944444445, 51.919732777777774], [7.631562777777778, 51.919488888888885], [7.631587777777778, 51.91934388888889], [7.631767777777778, 51.91935472222222], [7.631858888888889, 51.91935972222222], [7.632620833333334, 51.91942694444444], [7.632725833333334, 51.919419999999995], [7.632815000000001, 51.91939694444444], [7.632882777777779, 51.91935972222222], [7.632935833333334, 51.91930583333333], [7.632985000000001, 51.91921583333333], [7.633066944444445, 51.919063888888886], [7.6330969444444445, 51.91900694444444], [7.6331588888888895, 51.91889388888889], [7.633327777777779, 51.91860694444444], [7.633501944444444, 51.91835194444444], [7.634008888888888, 51.91768583333333], [7.634120833333333, 51.917542777777776], [7.634155833333333, 51.917495833333334], [7.634155833333333, 51.917495833333334], [7.634315, 51.91728277777778], [7.634555, 51.91693083333333], [7.634564999999999, 51.916915833333334], [7.634590833333333, 51.916870833333334], [7.634935833333333, 51.91627388888889], [7.634990833333333, 51.91615888888889], [7.635107777777777, 51.915915], [7.635170833333333, 51.91578388888889], [7.6352327777777775, 51.91565], [7.635407777777777, 51.91526888888889], [7.635637777777777, 51.914697777777775], [7.635696944444444, 51.91455194444444], [7.635705833333333, 51.91449083333333], [7.635663888888889, 51.91441694444444], [7.6356238888888885, 51.91436888888889], [7.635685, 51.914342777777776], [7.6357349999999995, 51.91430888888889], [7.6357727777777775, 51.91428277777778], [7.635825, 51.91419888888889], [7.6358588888888885, 51.91414388888889], [7.635916944444444, 51.914047777777775], [7.635982777777778, 51.91389888888889], [7.636203888888889, 51.91336388888889], [7.636288888888888, 51.91315888888889], [7.636288888888888, 51.91315888888889], [7.636634999999999, 51.91232], [7.636783888888888, 51.911963888888884], [7.637187777777777, 51.91099694444444], [7.637293888888888, 51.91070694444444], [7.637293888888888, 51.91070694444444], [7.637397777777777, 51.910424722222224], [7.637440833333333, 51.910315833333335], [7.637454444444444, 51.91031777777778], [7.637440833333333, 51.910315833333335], [7.637611944444444, 51.90988972222222], [7.6376888888888885, 51.90970194444444], [7.637725, 51.909613888888885], [7.638001944444444, 51.908942777777774], [7.638178888888889, 51.90852388888889], [7.638427777777777, 51.90803277777778], [7.638621944444444, 51.907671944444445], [7.638896944444444, 51.90729777777778], [7.638970833333333, 51.907199999999996], [7.639038888888888, 51.90711583333333], [7.639085833333333, 51.90706], [7.6393708333333326, 51.906715], [7.6393708333333326, 51.906715], [7.639404999999999, 51.90667388888889], [7.639360833333333, 51.906660277777775], [7.639404999999999, 51.90667388888889], [7.639423888888889, 51.90665083333333], [7.639788888888888, 51.90623194444444], [7.640038888888888, 51.905955], [7.640043055555555, 51.90595666666667], [7.640038888888888, 51.905955], [7.640078888888889, 51.90591083333333], [7.640529999999999, 51.90549583333333], [7.6406069444444435, 51.905427777777774], [7.640695833333333, 51.90535277777778], [7.640696944444444, 51.90535277777778], [7.640695833333333, 51.90535277777778], [7.640861944444444, 51.90521277777778], [7.641117777777778, 51.90499388888889], [7.641196944444444, 51.90491194444444], [7.641464999999999, 51.90458777777778], [7.641503888888888, 51.90454083333333], [7.641595, 51.904426944444445], [7.641622777777777, 51.90439277777778], [7.641622777777777, 51.90439277777778], [7.641629999999999, 51.904385], [7.641878888888888, 51.90407888888889], [7.641877777777777, 51.90407888888889], [7.641878888888888, 51.90407888888889], [7.642004999999999, 51.90392388888889], [7.642031944444444, 51.903890833333335], [7.6420699999999995, 51.90384472222222], [7.641898888888888, 51.90380583333333], [7.641399999999999, 51.903683888888885], [7.641047777777778, 51.90356777777777], [7.640463888888888, 51.90336583333333], [7.64037, 51.90333583333333], [7.640126944444444, 51.90324583333333], [7.640080833333333, 51.90322888888889], [7.639656944444444, 51.90307194444444], [7.639633888888889, 51.90306277777778], [7.639602777777777, 51.90305194444444], [7.639602777777777, 51.90305194444444], [7.639449999999999, 51.902995], [7.639379999999999, 51.902968888888886], [7.639320833333333, 51.902946944444444], [7.6392999999999995, 51.90293888888889], [7.638965, 51.902809999999995], [7.638940833333333, 51.90280083333333], [7.638800833333333, 51.902746944444445], [7.638435833333332, 51.902607777777774], [7.638332777777777, 51.902563888888885], [7.638262777777777, 51.90253388888889], [7.638147777777777, 51.902481944444446], [7.638031944444444, 51.90241694444444], [7.637951944444444, 51.90237083333333], [7.637781944444444, 51.90227194444444], [7.637298888888888, 51.901984999999996], [7.637261944444444, 51.901961944444444], [7.635834999999999, 51.901128888888884], [7.635706944444444, 51.901046944444445], [7.635498888888889, 51.90092583333333], [7.635267777777777, 51.90080888888889], [7.635267777777777, 51.90080888888889], [7.635014999999999, 51.90068083333333], [7.634939999999999, 51.90064388888889], [7.634793888888888, 51.90058888888889], [7.634237777777777, 51.90042888888889], [7.633636944444444, 51.90026777777778], [7.6326, 51.90004972222222], [7.63259388888889, 51.900058888888886], [7.6326, 51.90004972222222], [7.631957777777778, 51.89991194444445], [7.631778888888889, 51.89987194444444], [7.631778888888889, 51.89987194444444], [7.631718888888889, 51.899857777777775], [7.631490833333334, 51.899807777777774], [7.631021944444445, 51.8997], [7.630583888888889, 51.89960388888889], [7.629020000000001, 51.89926277777778], [7.627698888888889, 51.89897777777778], [7.627698888888889, 51.89897777777778], [7.627315, 51.898894999999996], [7.627065000000001, 51.89883888888889], [7.627050833333334, 51.89883583333333], [7.626800833333334, 51.89877583333333], [7.625660833333334, 51.89851888888889], [7.6251508333333335, 51.898406944444446], [7.625115833333334, 51.89839888888889], [7.624341944444445, 51.89821888888889], [7.624341944444445, 51.89821888888889], [7.623200000000001, 51.897952777777775], [7.623080833333334, 51.89792], [7.6230400000000005, 51.897955833333334], [7.62296888888889, 51.897985], [7.622895833333334, 51.89799388888889], [7.62282888888889, 51.89798888888889], [7.622766944444445, 51.89797083333333], [7.622716944444445, 51.89794083333333], [7.622680833333334, 51.897895], [7.622675833333334, 51.897845833333335], [7.6226938888888895, 51.89780472222222], [7.622730000000001, 51.89777194444444], [7.622795833333334, 51.89774194444444], [7.622868888888889, 51.89773], [7.6229450000000005, 51.89773388888889], [7.62298, 51.897663888888886], [7.6229827777777786, 51.897617777777775], [7.622958888888889, 51.897547777777774], [7.622862777777779, 51.89732277777778], [7.622703888888889, 51.897012777777775], [7.622636944444445, 51.89683888888889], [7.622612777777778, 51.89674194444444], [7.622602777777778, 51.89669194444444], [7.622576944444445, 51.89651388888889], [7.622576944444445, 51.89651388888889], [7.622552777777778, 51.89616888888889], [7.622555, 51.895984999999996], [7.6225377777777785, 51.89528583333333], [7.622493888888889, 51.89471777777778], [7.622481944444445, 51.894585], [7.622420833333334, 51.89429888888889], [7.622350833333334, 51.894035], [7.622333888888889, 51.89398], [7.6222327777777785, 51.89397694444445], [7.622176944444445, 51.89396194444444], [7.62212888888889, 51.89393777777778], [7.622090833333334, 51.893905], [7.622072777777778, 51.89387194444444], [7.622068888888889, 51.893835], [7.622080833333333, 51.89379888888889], [7.622106944444445, 51.89376583333333], [7.622146944444445, 51.89373777777778], [7.622245833333333, 51.89370777777778], [7.622222777777778, 51.893655], [7.622176944444445, 51.89355], [7.622157777777778, 51.89350777777778], [7.622081944444445, 51.89334], [7.622081944444445, 51.89334], [7.622080833333333, 51.89333583333333], [7.621796944444445, 51.892718888888886], [7.621548888888889, 51.892275], [7.62138, 51.891965], [7.621286944444445, 51.89175888888889], [7.62122, 51.89152388888889], [7.621191944444445, 51.89128], [7.621191944444445, 51.89107], [7.621195, 51.89096083333333], [7.621236944444445, 51.89037888888889], [7.621255000000001, 51.890137777777774], [7.62126, 51.89004888888889], [7.621285833333334, 51.88961388888889], [7.621282777777778, 51.88949777777778], [7.621221944444445, 51.88918694444445], [7.621215833333334, 51.88904194444444], [7.6212100000000005, 51.88883694444444], [7.621207777777778, 51.888799999999996], [7.62113888888889, 51.888418888888886], [7.621060000000001, 51.88816], [7.620937777777778, 51.887882777777776], [7.620806944444445, 51.88765], [7.620675, 51.887456944444445], [7.62056, 51.88731], [7.62056, 51.88731], [7.620550000000001, 51.887296944444444], [7.620232777777778, 51.88696083333333], [7.619821944444445, 51.88657777777778], [7.619547777777778, 51.886315833333335], [7.619118888888889, 51.88591777777778], [7.618405, 51.88525277777778], [7.6180577777777785, 51.88494083333333], [7.617546944444445, 51.88445083333333], [7.617130833333333, 51.88393583333333], [7.616991944444445, 51.88379388888889], [7.61656, 51.88347], [7.616140833333333, 51.88316388888889], [7.616088888888888, 51.88318777777778], [7.615945833333333, 51.88322083333333], [7.615742777777777, 51.883215], [7.615598888888888, 51.88321083333334], [7.615461944444444, 51.88318888888889], [7.615367777777777, 51.883161944444446], [7.615069999999999, 51.883026944444445], [7.615069999999999, 51.883026944444445], [7.614957777777778, 51.882975], [7.6145338888888885, 51.88278777777778], [7.614518888888888, 51.88278388888889], [7.6140799999999995, 51.88268277777778], [7.6136349999999995, 51.88258], [7.613196944444444, 51.88248388888889], [7.612743888888889, 51.88238888888889], [7.612462777777777, 51.88233], [7.612135833333333, 51.88234388888889], [7.6117019444444445, 51.88245388888889], [7.611418888888888, 51.882685], [7.610893888888889, 51.88314888888889], [7.610466944444444, 51.883538888888886], [7.609907777777777, 51.88381777777778], [7.609476944444444, 51.884055833333335], [7.609085833333333, 51.884305833333336], [7.609085833333333, 51.884305833333336], [7.608705, 51.88455888888889], [7.608270833333333, 51.884901944444444], [7.607520833333333, 51.88553388888889], [7.606763888888889, 51.88540277777778], [7.606363888888889, 51.88532194444444], [7.606045833333333, 51.885237777777775], [7.605646944444444, 51.8851], [7.605646944444444, 51.8851], [7.605631944444444, 51.88509388888889], [7.605225833333333, 51.88498277777778], [7.6048527777777775, 51.884885], [7.604775, 51.88487], [7.604933888888889, 51.88471], [7.605065, 51.884550833333336], [7.605418888888889, 51.88404694444444], [7.606097777777777, 51.88341694444444], [7.6061749999999995, 51.88330194444445], [7.606204999999999, 51.883105], [7.606201944444444, 51.88298277777778], [7.606147777777777, 51.88285888888889], [7.60635, 51.88283083333334], [7.606478888888889, 51.882765], [7.6069177777777774, 51.88243083333333], [7.607452777777778, 51.88200888888889], [7.607452777777778, 51.88200888888889], [7.6076999999999995, 51.881815], [7.607945833333333, 51.88160777777778], [7.608255, 51.881325000000004], [7.6085127777777775, 51.88104277777778], [7.608695, 51.880565], [7.608695, 51.880565], [7.608911944444444, 51.87999777777778], [7.6092949999999995, 51.87888777777778], [7.609313888888889, 51.87883388888889], [7.609411944444444, 51.87855], [7.609525, 51.87822388888889], [7.6095427777777775, 51.878171944444446], [7.609562777777778, 51.878115], [7.609581944444444, 51.87806194444445], [7.609741944444444, 51.87759777777778], [7.609835833333333, 51.877335], [7.609853888888889, 51.877276944444446], [7.609797777777778, 51.87726388888889], [7.60975, 51.87724277777778], [7.609712777777777, 51.877215], [7.609688888888889, 51.877180833333334], [7.609681944444444, 51.877145], [7.60969, 51.87710888888889], [7.609742777777777, 51.877051944444446], [7.609785, 51.877030833333336], [7.609886944444444, 51.87701083333334], [7.609929999999999, 51.87701277777778], [7.609928888888889, 51.8770175], [7.609929999999999, 51.87701277777778], [7.609940833333333, 51.87701388888889], [7.609995, 51.877025], [7.610042777777777, 51.877045], [7.610080833333333, 51.877071944444445], [7.610105833333333, 51.87710388888889], [7.610115833333333, 51.87714], [7.610110833333333, 51.877175], [7.610058888888888, 51.87723583333334], [7.610015833333333, 51.87725777777778], [7.609965, 51.877272777777776], [7.609909999999999, 51.87727888888889], [7.609853888888889, 51.877276944444446], [7.609835833333333, 51.877335], [7.609741944444444, 51.87759777777778], [7.609581944444444, 51.87806194444445], [7.609562777777778, 51.878115], [7.6095427777777775, 51.878171944444446], [7.609525, 51.87822388888889], [7.609412777777777, 51.878547777777776], [7.609412777777777, 51.878547777777776], [7.609411944444444, 51.87855], [7.609313888888889, 51.87883388888889], [7.6092949999999995, 51.87888777777778], [7.608911944444444, 51.87999777777778], [7.6085127777777775, 51.88104277777778], [7.608255, 51.881325000000004], [7.607945833333333, 51.88160777777778], [7.6076999999999995, 51.881815], [7.6069177777777774, 51.88243083333333], [7.606478888888889, 51.882765], [7.60635, 51.88283083333334], [7.606147777777777, 51.88285888888889], [7.606012777777777, 51.882886944444444], [7.605181944444444, 51.88311], [7.604821944444444, 51.88320777777778], [7.604320833333333, 51.88334888888889], [7.604136944444444, 51.88340083333333], [7.604138333333333, 51.88340222222222], [7.604136944444444, 51.88340083333333], [7.603472777777777, 51.88358777777778], [7.602188888888889, 51.88413277777778], [7.602024999999999, 51.884186944444444], [7.6018469444444445, 51.884253888888885], [7.601711944444444, 51.884281944444446], [7.601570833333333, 51.884297777777775], [7.600896944444444, 51.88430888888889], [7.600812777777778, 51.88431083333333], [7.5999099999999995, 51.88433388888889], [7.5996999999999995, 51.88442388888889]]}}, {"type": "Feature", "properties": {"route_id": "2", "name": "2", "color": "#0099D8", "label_lon": 7.632750833333334, "label_lat": 51.95577194444445}, "geometry": {"type": "LineString", "coordinates": [[7.7215469444444444, 52.00215388888889], [7.721513888888889, 52.00215277777778], [7.7213658333333335, 52.002137777777776], [7.721407777777778, 52.001960833333335], [7.721422777777778, 52.00183694444444], [7.721406944444444, 52.00174583333333], [7.721367777777778, 52.001670833333336], [7.721293888888889, 52.001595], [7.7209827777777775, 52.00133388888889], [7.719818888888889, 52.00036583333333], [7.719636944444445, 52.000235833333335], [7.719388888888889, 52.00010777777778], [7.719206944444444, 52.00004194444445], [7.7189169444444445, 51.999965833333334], [7.718577777777778, 51.99991777777778], [7.717835833333334, 51.99983], [7.7173227777777775, 51.99976888888889], [7.717140833333334, 51.99973194444445], [7.716958888888889, 51.99968], [7.716808888888889, 51.99961277777778], [7.716675833333333, 51.99953694444444], [7.7165388888888895, 51.99942083333333], [7.716450833333334, 51.99930694444445], [7.716450833333334, 51.99930694444445], [7.716413888888889, 51.999226944444445], [7.716386944444444, 51.99913], [7.7163900000000005, 51.99896583333334], [7.7165019444444445, 51.99863277777778], [7.715086944444445, 51.99876777777778], [7.714232777777778, 51.998851944444446], [7.714232777777778, 51.998851944444446], [7.714231944444444, 51.998851944444446], [7.713691944444444, 51.99891], [7.7135838888888895, 51.99892083333334], [7.713053888888889, 51.99897888888889], [7.712325833333334, 51.999045833333334], [7.711995, 51.99906694444444], [7.711702777777778, 51.999070833333334], [7.709713888888889, 51.99911], [7.7096350000000005, 51.99911083333333], [7.709648888888889, 51.99888194444445], [7.709695, 51.998646944444445], [7.709725833333334, 51.99856583333334], [7.709725833333334, 51.99856583333334], [7.709760833333333, 51.99847277777778], [7.709883888888889, 51.99824388888889], [7.710120833333334, 51.99785277777778], [7.710505, 51.997225], [7.7105258333333335, 51.997186944444444], [7.710670833333333, 51.996900833333335], [7.71072, 51.99678388888889], [7.710802777777778, 51.996415], [7.710835, 51.99624194444444], [7.710892777777778, 51.995937777777776], [7.710892777777778, 51.995937777777776], [7.71092, 51.99579388888889], [7.7109419444444445, 51.99572694444444], [7.7109869444444445, 51.99558888888889], [7.711083888888889, 51.995422777777776], [7.711117777777778, 51.99537277777778], [7.711296944444444, 51.99518694444445], [7.711503888888889, 51.99503083333333], [7.711613888888889, 51.99496083333334], [7.711681944444445, 51.99492277777778], [7.711645833333334, 51.994890833333336], [7.711626944444444, 51.99485277777778], [7.711626944444444, 51.99481388888889], [7.711645833333334, 51.994775833333335], [7.711680833333333, 51.99474277777778], [7.711610833333333, 51.99469777777778], [7.711266944444445, 51.994486944444446], [7.711145833333333, 51.99441388888889], [7.710965833333334, 51.99428888888889], [7.710883888888889, 51.99422388888889], [7.710662777777778, 51.994011944444445], [7.710568888888889, 51.99392777777778], [7.710445, 51.993835000000004], [7.710303888888889, 51.993746944444446], [7.710135, 51.99365388888889], [7.709893888888889, 51.99354777777778], [7.709852777777778, 51.99353194444445], [7.709505, 51.99342083333333], [7.709198888888889, 51.99335388888889], [7.708425833333333, 51.99323694444445], [7.708036944444444, 51.99313888888889], [7.707872777777778, 51.993085], [7.70763, 51.992986944444446], [7.70688, 51.99262], [7.706525, 51.992475], [7.706225833333334, 51.99237388888889], [7.705825833333334, 51.99227277777778], [7.705825833333334, 51.99227277777778], [7.705212777777778, 51.99214388888889], [7.705027777777778, 51.99210388888889], [7.704882777777778, 51.99206777777778], [7.704707777777778, 51.992020000000004], [7.704440833333334, 51.99193277777778], [7.70415, 51.991820833333335], [7.703946944444445, 51.99173888888889], [7.703391944444444, 51.99150388888889], [7.702836944444445, 51.99127083333333], [7.702382777777778, 51.991065], [7.7019400000000005, 51.99086694444445], [7.701465833333334, 51.99062888888889], [7.701345833333334, 51.99055083333334], [7.701345833333334, 51.99055083333334], [7.701207777777778, 51.99046083333334], [7.700520833333334, 51.989955], [7.700493888888889, 51.989935], [7.699915833333334, 51.98949888888889], [7.699915833333334, 51.98949888888889], [7.699863888888889, 51.98945888888889], [7.699708888888889, 51.989335000000004], [7.69927, 51.98895777777778], [7.699020833333334, 51.98871888888889], [7.698886944444444, 51.98861388888889], [7.698965, 51.988555], [7.699001944444444, 51.98850277777778], [7.699027777777778, 51.988437777777776], [7.699035833333333, 51.98836888888889], [7.698996944444445, 51.988025], [7.698922777777778, 51.987860833333336], [7.698607777777778, 51.98725777777778], [7.698577777777778, 51.987175], [7.698577777777778, 51.987175], [7.698567777777778, 51.98703777777778], [7.698612777777778, 51.986941944444446], [7.698690833333334, 51.98682388888889], [7.6987958333333335, 51.98670388888889], [7.698846944444445, 51.986650000000004], [7.699251944444445, 51.986222777777776], [7.699585833333334, 51.98587194444445], [7.69981, 51.98569777777778], [7.700111944444445, 51.98555694444445], [7.70028, 51.98542388888889], [7.700532777777778, 51.98529583333333], [7.700875833333334, 51.985095], [7.701036944444445, 51.984968888888886], [7.701133888888889, 51.98488388888889], [7.701270833333334, 51.98476083333333], [7.701408888888889, 51.984615833333336], [7.701408888888889, 51.984615833333336], [7.701585000000001, 51.9844], [7.701732777777778, 51.98418], [7.701817777777778, 51.98409], [7.702042777777778, 51.98365777777778], [7.702705, 51.98203388888889], [7.702875833333334, 51.98165277777778], [7.702875833333334, 51.98165277777778], [7.702923888888889, 51.981546944444446], [7.702991944444444, 51.98137694444445], [7.7031519444444445, 51.98102083333333], [7.703250833333334, 51.98076694444445], [7.7034, 51.98032888888889], [7.703427777777778, 51.98024777777778], [7.704106944444445, 51.97857888888889], [7.704325, 51.97805972222223], [7.704407777777778, 51.97790694444445], [7.704407777777778, 51.97790694444445], [7.704415833333334, 51.97789277777778], [7.704526944444445, 51.977695833333335], [7.70476, 51.97730583333333], [7.705020833333333, 51.976835], [7.70492, 51.976635], [7.704848888888889, 51.976555833333336], [7.704636944444444, 51.97637], [7.704287777777778, 51.97623277777778], [7.704205, 51.97618888888889], [7.704205, 51.97618888888889], [7.703861944444444, 51.97600694444445], [7.703111944444444, 51.975611944444445], [7.702276944444445, 51.97515583333333], [7.701787777777778, 51.97491388888889], [7.701420833333334, 51.97475277777778], [7.700996944444444, 51.97459388888889], [7.700721944444445, 51.97450777777778], [7.700507777777778, 51.974451944444446], [7.6999458333333335, 51.974331944444444], [7.69929, 51.97425583333334], [7.698715, 51.97419], [7.697782777777778, 51.97405388888889], [7.697233888888889, 51.97398888888889], [7.693850833333333, 51.97358388888889], [7.69358, 51.97355], [7.693071944444445, 51.973486944444446], [7.693071944444445, 51.973486944444446], [7.689336944444444, 51.97302472222223], [7.68837, 51.972875], [7.686535833333334, 51.97253777777778], [7.686088888888889, 51.97245388888889], [7.685742777777778, 51.97239583333334], [7.684941944444445, 51.972250833333334], [7.684785000000001, 51.972225], [7.684268888888889, 51.97218277777778], [7.683991944444445, 51.97219583333334], [7.683358888888889, 51.97224583333333], [7.6829350000000005, 51.97226472222222], [7.682695833333334, 51.97228777777778], [7.682075833333333, 51.97237888888889], [7.679776944444445, 51.972835], [7.678967777777778, 51.973035], [7.678268888888889, 51.97318888888889], [7.677825, 51.973220000000005], [7.677265, 51.97322583333334], [7.676912777777778, 51.973211944444444], [7.676576944444445, 51.97318583333333], [7.676131944444445, 51.973130833333336], [7.6749358333333335, 51.97300277777778], [7.674682777777778, 51.973065000000005], [7.674523888888889, 51.973126944444445], [7.674432777777778, 51.97320083333334], [7.674368888888889, 51.97328277777778], [7.674342777777778, 51.97334583333333], [7.674338888888889, 51.97342388888889], [7.6743508333333335, 51.97349083333334], [7.6744208333333335, 51.97359194444444], [7.674505, 51.97365388888889], [7.674602777777778, 51.973711944444446], [7.674846944444445, 51.973778888888894], [7.675257777777778, 51.97378972222222], [7.675665, 51.97381777777778], [7.676291944444444, 51.973886944444445], [7.676798888888889, 51.97389888888889], [7.676900000000001, 51.97389777777778], [7.676840833333333, 51.97374694444444], [7.676833888888889, 51.97371277777778], [7.676646944444445, 51.97296388888889], [7.6763908333333335, 51.97195583333333], [7.676300833333333, 51.97179777777778], [7.675977777777778, 51.97159194444445], [7.675725833333334, 51.97140888888889], [7.676106944444444, 51.97100888888889], [7.676066944444445, 51.970864722222224], [7.676021944444445, 51.97079083333333], [7.675946944444445, 51.970710000000004], [7.675806944444445, 51.97058694444445], [7.67516, 51.970465000000004], [7.67516, 51.970465000000004], [7.674431944444445, 51.97032777777778], [7.674337777777778, 51.970310000000005], [7.67215, 51.969895], [7.671790833333334, 51.969884722222226], [7.671635, 51.969880833333335], [7.670888888888889, 51.96975388888889], [7.670192777777778, 51.96960583333333], [7.669735, 51.96952777777778], [7.669697777777778, 51.969520833333334], [7.669420000000001, 51.96946888888889], [7.669101944444445, 51.96940888888889], [7.668815, 51.969344722222225], [7.667800833333334, 51.96912888888889], [7.667435833333333, 51.96899583333334], [7.666175833333334, 51.968744722222226], [7.665325, 51.96858277777778], [7.665091944444445, 51.96853777777778], [7.6648869444444445, 51.968496944444446], [7.6648869444444445, 51.968496944444446], [7.664757777777778, 51.968470833333335], [7.664515000000001, 51.96842], [7.664381944444445, 51.96839388888889], [7.6642319444444444, 51.96836388888889], [7.663895833333334, 51.968293888888894], [7.663640833333334, 51.96823888888889], [7.663570833333334, 51.968224722222224], [7.66309, 51.96813], [7.661666944444445, 51.96786], [7.660883888888889, 51.96771888888889], [7.660751944444445, 51.96770583333333], [7.660751944444445, 51.96770583333333], [7.659987777777778, 51.96762888888889], [7.659757777777778, 51.96758888888889], [7.659052777777778, 51.96746888888889], [7.658980000000001, 51.96745694444444], [7.658638888888889, 51.967395833333335], [7.658031944444445, 51.96728777777778], [7.657970833333334, 51.96727694444445], [7.657688888888889, 51.96722888888889], [7.657678888888889, 51.96722777777778], [7.657678888888889, 51.96722777777778], [7.657545833333334, 51.96720583333334], [7.656986944444445, 51.96711194444445], [7.6565900000000005, 51.967040833333336], [7.656552777777778, 51.967035], [7.656477777777778, 51.96702277777778], [7.6564258333333335, 51.96701388888889], [7.6563227777777785, 51.96699777777778], [7.6561908333333335, 51.966974722222226], [7.655905000000001, 51.96692], [7.655698888888889, 51.96687777777778], [7.654958888888889, 51.96671472222222], [7.65453, 51.96659888888889], [7.65453, 51.96659888888889], [7.654507777777778, 51.966592777777784], [7.654405000000001, 51.966525000000004], [7.654151944444445, 51.966436944444446], [7.653886944444444, 51.96632777777778], [7.653505, 51.96614277777778], [7.65308, 51.965895], [7.652706944444445, 51.96566083333334], [7.652593888888889, 51.965590000000006], [7.652182777777778, 51.96534194444445], [7.652059722222223, 51.965285], [7.651846944444445, 51.96519277777778], [7.65179, 51.96517277777778], [7.651606944444445, 51.96511277777778], [7.651360833333333, 51.965041944444444], [7.6510308333333334, 51.96494888888889], [7.6510308333333334, 51.96494888888889], [7.650702777777778, 51.96485694444445], [7.650580000000001, 51.964820833333334], [7.649911944444444, 51.96463083333334], [7.648882777777778, 51.96433777777778], [7.64868, 51.96427888888889], [7.647695, 51.96398277777778], [7.647591944444444, 51.963950000000004], [7.647105833333333, 51.963765], [7.6470038888888885, 51.963706944444446], [7.646886944444444, 51.96364194444445], [7.646261944444444, 51.963275], [7.646083888888889, 51.963175], [7.646083888888889, 51.963175], [7.6456188888888885, 51.96291388888889], [7.6454169444444435, 51.96280083333333], [7.644889999999999, 51.962541944444446], [7.644363888888888, 51.962295833333336], [7.644001944444444, 51.96215277777778], [7.643503888888889, 51.96201694444445], [7.642988888888889, 51.96190083333334], [7.642334999999999, 51.96178888888889], [7.642203888888888, 51.96177083333334], [7.642126944444444, 51.96176277777778], [7.641648888888889, 51.961730833333334], [7.641648888888889, 51.961730833333334], [7.641464999999999, 51.96171777777778], [7.640969999999999, 51.961710000000004], [7.640151944444444, 51.961710000000004], [7.639742777777777, 51.961711944444446], [7.638782777777777, 51.961740000000006], [7.638217777777777, 51.96177], [7.637850833333333, 51.96179], [7.637284999999999, 51.961821944444445], [7.636436944444444, 51.96188], [7.636285833333333, 51.961890000000004], [7.636005, 51.961981944444446], [7.635685, 51.96200277777778], [7.635560833333333, 51.96201388888889], [7.635378888888888, 51.962048888888894], [7.63538, 51.96194694444445], [7.63538, 51.96187694444445], [7.635372777777778, 51.961820833333334], [7.635314999999999, 51.96150194444445], [7.635236944444444, 51.961133888888895], [7.635225833333333, 51.96107888888889], [7.635191944444444, 51.96091583333334], [7.635191944444444, 51.96091583333334], [7.6351627777777775, 51.960772777777784], [7.635140833333333, 51.960665000000006], [7.63509, 51.96040888888889], [7.63509, 51.96040777777778], [7.635083888888889, 51.960368888888894], [7.635067777777778, 51.96013083333334], [7.635053888888889, 51.95997388888889], [7.635045, 51.95987277777778], [7.635034999999999, 51.95973888888889], [7.634866944444444, 51.959525], [7.634810833333333, 51.95929], [7.634804999999999, 51.95926277777778], [7.634759999999999, 51.959073888888895], [7.6345688888888885, 51.95843388888889], [7.634542777777777, 51.958350833333334], [7.634524999999999, 51.95829888888889], [7.634475833333333, 51.958126944444444], [7.634408888888888, 51.95789194444445], [7.634271944444444, 51.95742694444445], [7.634215833333333, 51.957245], [7.6341319444444435, 51.95706388888889], [7.633995, 51.95684888888889], [7.633892777777778, 51.956720000000004], [7.633783888888888, 51.95662888888889], [7.633779444444444, 51.956630555555556], [7.633783888888888, 51.95662888888889], [7.6336627777777775, 51.95652777777778], [7.6335927777777774, 51.956470833333334], [7.6335927777777774, 51.956470833333334], [7.6334188888888885, 51.95633083333334], [7.633295, 51.956230000000005], [7.633187777777779, 51.956145], [7.632820000000001, 51.95584388888889], [7.632750833333334, 51.95577194444445], [7.6326438888888894, 51.955795], [7.631993888888889, 51.95598777777778], [7.631873888888889, 51.95603194444445], [7.631390833333334, 51.95620388888889], [7.63134888888889, 51.95621888888889], [7.631280833333334, 51.95624277777778], [7.631223888888889, 51.95626277777778], [7.6311350000000004, 51.956293888888894], [7.630915833333334, 51.95636694444445], [7.630716944444445, 51.95643277777778], [7.630581944444445, 51.95647777777778], [7.630567777777778, 51.95653388888889], [7.6305708333333335, 51.95659888888889], [7.630588888888889, 51.956655833333336], [7.630696944444445, 51.95677583333334], [7.630836944444445, 51.95686888888889], [7.630960833333334, 51.95695777777778], [7.63097388888889, 51.95695138888889], [7.630960833333334, 51.95695777777778], [7.631235, 51.95717583333334], [7.631235, 51.95717583333334], [7.6312338888888895, 51.957175], [7.63123, 51.95717694444445], [7.6312338888888895, 51.957175], [7.631296944444445, 51.95722777777778], [7.631453888888889, 51.95738777777778], [7.6314697222222225, 51.95738222222222], [7.631453888888889, 51.95738777777778], [7.631480833333334, 51.957415833333336], [7.631141944444445, 51.957570833333335], [7.630723888888889, 51.957785], [7.630637777777778, 51.95783], [7.630563888888889, 51.95786777777778], [7.630486944444445, 51.957907777777784], [7.63037, 51.95796777777778], [7.630215833333334, 51.95804694444445], [7.629917777777778, 51.958200833333336], [7.629745833333334, 51.958365], [7.629603888888889, 51.95854583333334], [7.6292019444444445, 51.959028888888895], [7.629152777777779, 51.95908388888889], [7.629132777777778, 51.959136944444445], [7.6291408333333335, 51.959165000000006], [7.62916388888889, 51.95919777777778], [7.629211944444445, 51.95923194444445], [7.6294619444444445, 51.959341944444446], [7.6294619444444445, 51.959341944444446], [7.629497777777778, 51.95935888888889], [7.629542777777778, 51.95937694444445], [7.629771944444445, 51.959473888888894], [7.629928888888889, 51.95955], [7.630312777777778, 51.95973583333333], [7.630447777777778, 51.959805833333334], [7.63051, 51.959855833333336], [7.630582777777779, 51.959990000000005], [7.63059888888889, 51.960060000000006], [7.630591944444445, 51.960122777777784], [7.630568888888889, 51.960175], [7.630490833333334, 51.960275833333334], [7.630346944444445, 51.96039694444445], [7.630112777777779, 51.960548888888894], [7.630006944444445, 51.96060694444445], [7.629973888888889, 51.960625], [7.629863888888889, 51.960685000000005], [7.6297788888888896, 51.960730000000005], [7.6295527777777785, 51.96083083333333], [7.6293177777777785, 51.96087694444445], [7.62875, 51.96092083333333], [7.62875, 51.96092083333333], [7.628562777777779, 51.960935000000006], [7.628456944444445, 51.96094277777778], [7.627768888888889, 51.960995000000004], [7.627555833333334, 51.961174722222225], [7.627492777777778, 51.96122694444445], [7.627581944444445, 51.961287777777784], [7.6275988888888895, 51.961310833333336], [7.62777888888889, 51.961600000000004], [7.627866944444445, 51.961740000000006], [7.627730833333334, 51.96177277777778], [7.627210000000001, 51.96188888888889], [7.626853888888889, 51.961960000000005], [7.62661, 51.96199694444445], [7.626145833333334, 51.96205194444445], [7.626145833333334, 51.96205194444445], [7.62613888888889, 51.96205277777778], [7.626122777777779, 51.962055], [7.6257150000000005, 51.962092777777784], [7.625188888888889, 51.96213], [7.625075833333334, 51.962135], [7.624790000000001, 51.96214694444445], [7.624417777777778, 51.96215194444445], [7.624223888888889, 51.96215194444445], [7.624080833333334, 51.96214194444445], [7.624002777777778, 51.96198777777778], [7.62399, 51.96196277777778], [7.623851944444445, 51.961640833333334], [7.623780833333334, 51.96147888888889], [7.623716944444445, 51.961330833333335], [7.623626944444445, 51.96112083333334], [7.623575833333334, 51.96103194444445], [7.623461944444445, 51.960860833333335], [7.623573888888889, 51.96082194444445], [7.623663888888889, 51.96079277777778], [7.623951944444445, 51.96069583333334], [7.623951944444445, 51.96069583333334], [7.62403, 51.96067], [7.6240950000000005, 51.96064194444445], [7.62412388888889, 51.960611944444445], [7.624115833333334, 51.96056], [7.624077777777778, 51.96047388888889], [7.623871944444445, 51.96031194444445], [7.623548888888889, 51.96009], [7.623466944444445, 51.960030833333334], [7.623358888888889, 51.959955], [7.623252777777778, 51.959875000000004], [7.62291, 51.95962083333334], [7.62271388888889, 51.959475000000005], [7.622511944444445, 51.95932583333334], [7.622076944444445, 51.959005833333336], [7.6220550000000005, 51.95899], [7.62185, 51.958830000000006], [7.621835833333334, 51.95881777777778], [7.621813055555556, 51.95882805555556], [7.621835833333334, 51.95881777777778], [7.621743888888889, 51.95873777777778], [7.621642777777779, 51.95865083333334], [7.621520833333334, 51.95851777777778], [7.621520833333334, 51.95851777777778], [7.621495833333334, 51.958490000000005], [7.621320833333334, 51.95829194444445], [7.621095, 51.958085833333335], [7.620993888888889, 51.95799388888889], [7.620951944444445, 51.957955000000005], [7.620811944444445, 51.95783777777778], [7.620572777777778, 51.957637777777784], [7.620538888888889, 51.95760888888889], [7.620491944444445, 51.95756777777778], [7.620410833333334, 51.9575], [7.62028, 51.957420000000006], [7.620202777777778, 51.95738777777778], [7.620102777777778, 51.95736194444445], [7.619996944444445, 51.95735388888889], [7.6198508333333335, 51.95734277777778], [7.619748888888889, 51.957341944444444], [7.619671944444445, 51.957341944444444], [7.619595833333334, 51.95734388888889], [7.619552777777778, 51.95724888888889], [7.6195200000000005, 51.957167777777784], [7.619502777777778, 51.95713388888889], [7.619502222222223, 51.95713444444445], [7.619502777777778, 51.95713388888889], [7.619480833333334, 51.95709], [7.619425833333334, 51.95698083333333], [7.619422777777778, 51.95698138888889], [7.619425833333334, 51.95698083333333], [7.619351944444445, 51.956785], [7.619295833333334, 51.956515], [7.619294166666667, 51.956514722222224], [7.619295833333334, 51.956515], [7.619280000000001, 51.95643777777778], [7.6191827777777785, 51.956300000000006], [7.619146944444445, 51.95628083333334], [7.618992777777779, 51.956201944444445], [7.618857777777778, 51.95620388888889], [7.618411944444445, 51.95619777777778], [7.618345833333334, 51.95619194444445], [7.618010833333334, 51.956138888888894], [7.617850000000001, 51.956095000000005], [7.617850000000001, 51.956095000000005], [7.617720833333334, 51.95606], [7.617453888888889, 51.955958888888894], [7.6170969444444445, 51.95579083333334], [7.616401944444444, 51.95542583333334], [7.6159719444444445, 51.95518388888889], [7.615871944444444, 51.955109722222225], [7.615875833333333, 51.955045000000005], [7.616118888888889, 51.95479], [7.616118888888889, 51.95479], [7.616160833333333, 51.954745833333334], [7.616418888888888, 51.95448694444445], [7.616723888888889, 51.95418083333334], [7.616765833333334, 51.95413888888889], [7.6161538888888884, 51.95399694444445], [7.615825, 51.953920833333335], [7.615717777777777, 51.953895833333334], [7.615374999999999, 51.95381583333334], [7.614553888888889, 51.95345694444445], [7.61412, 51.95325888888889], [7.613751944444444, 51.95308388888889], [7.613751944444444, 51.95308388888889], [7.613351944444444, 51.952892777777784], [7.6131327777777775, 51.95278888888889], [7.613114444444444, 51.952803888888894], [7.6131327777777775, 51.95278888888889], [7.61248, 51.95247777777778], [7.612306944444444, 51.952375833333335], [7.612047777777778, 51.95222694444445], [7.611798888888888, 51.95208388888889], [7.611798888888888, 51.95208388888889], [7.611695833333333, 51.952025000000006], [7.61166, 51.95200388888889], [7.611651944444444, 51.951998888888895], [7.611180833333333, 51.95174083333334], [7.610824999999999, 51.951546944444445], [7.6107958333333325, 51.95153083333334], [7.610601944444444, 51.95140694444445], [7.610345833333333, 51.95126694444445], [7.610225, 51.95121], [7.610091944444444, 51.95115777777778], [7.6100980555555555, 51.95115166666667], [7.610091944444444, 51.95115777777778], [7.609718888888889, 51.95100888888889], [7.6088627777777775, 51.950699722222225], [7.608521944444444, 51.95056972222223], [7.608521944444444, 51.95056972222223], [7.608413888888888, 51.95052694444445], [7.608034999999999, 51.95035888888889], [7.607966944444444, 51.95032777777778], [7.607182777777777, 51.94995583333333], [7.607125833333333, 51.94992277777777], [7.607111944444444, 51.949915], [7.6065258333333325, 51.94959583333333], [7.606505555555556, 51.94961027777777], [7.6065258333333325, 51.94959583333333], [7.606504999999999, 51.94958388888889], [7.60636, 51.94950583333333], [7.606208888888888, 51.94963], [7.606150833333333, 51.94967777777777], [7.605885833333333, 51.949887777777775], [7.604790833333333, 51.950716944444444], [7.604525833333333, 51.95091777777778], [7.6043119444444445, 51.95110888888889], [7.604165, 51.951260833333336], [7.604165, 51.951260833333336], [7.603961944444444, 51.95150777777778], [7.6038749999999995, 51.95163], [7.603736944444444, 51.951856944444444], [7.60366, 51.952020000000005], [7.603276944444444, 51.952981944444446], [7.603263888888889, 51.95301888888889], [7.602905833333333, 51.954012777777784], [7.602833888888888, 51.954413888888894], [7.602818888888889, 51.95459277777778], [7.602824999999999, 51.95505694444445], [7.602831944444444, 51.955175833333335], [7.60284, 51.955290000000005], [7.602866944444444, 51.95555388888889], [7.602895833333333, 51.955796944444444], [7.602905833333333, 51.955895000000005], [7.602905833333333, 51.955895000000005], [7.602913888888889, 51.95596388888889], [7.602931944444444, 51.956135833333335], [7.6029438888888885, 51.956296944444446], [7.602935833333333, 51.956698888888894], [7.602933888888889, 51.95677694444445], [7.602795833333333, 51.958130000000004], [7.602757777777778, 51.95850194444445], [7.602661944444444, 51.95947777777778], [7.602661944444444, 51.95948194444445], [7.602653888888889, 51.959588888888895], [7.602646944444444, 51.95968694444445], [7.602640833333333, 51.959755], [7.602625833333333, 51.96000083333334], [7.602583888888889, 51.96071277777778], [7.602576944444444, 51.960928888888894], [7.602576944444444, 51.960928888888894], [7.602575833333333, 51.96096388888889], [7.602571944444444, 51.961106944444445], [7.602557777777777, 51.961106944444445], [7.602571944444444, 51.961106944444445], [7.602570833333333, 51.961146944444444], [7.602535, 51.96166277777778], [7.602461944444444, 51.96204083333333], [7.602431944444444, 51.96217083333334], [7.602315, 51.96254888888889], [7.602116944444444, 51.96309277777778], [7.601992777777777, 51.963435833333335], [7.601880833333333, 51.96380388888889], [7.601837777777777, 51.96397694444445], [7.601821944444444, 51.96407583333334], [7.601763888888889, 51.96441777777778], [7.6017399999999995, 51.96476583333334], [7.601736944444444, 51.96499583333333], [7.601736944444444, 51.965], [7.601740833333333, 51.96510583333334], [7.601745833333333, 51.96524], [7.601532777777777, 51.965201944444445], [7.601355, 51.96516694444445], [7.60091, 51.965055], [7.6006, 51.96500777777778], [7.60028, 51.96497], [7.60028, 51.96497], [7.600273888888888, 51.96496888888889], [7.599905833333333, 51.96494277777778], [7.599751944444444, 51.964936944444446], [7.599630833333333, 51.96493277777778], [7.5993788888888885, 51.965], [7.599150833333333, 51.965026944444446], [7.5990488888888885, 51.965050833333336], [7.598913888888888, 51.965086944444444], [7.598820833333333, 51.96512194444445], [7.59872, 51.96516888888889], [7.598560833333333, 51.96526583333333], [7.598475833333333, 51.96537388888889], [7.598366944444444, 51.96557888888889], [7.598290833333333, 51.965871944444444], [7.598266944444444, 51.96593694444445], [7.598165833333333, 51.966135], [7.598033888888889, 51.966295833333334], [7.597933888888889, 51.966385833333334], [7.59779, 51.96648777777778], [7.5976019444444445, 51.96659888888889], [7.597497777777778, 51.96664388888889], [7.597497777777778, 51.96664388888889], [7.597155833333333, 51.966791944444445], [7.596927777777777, 51.96692], [7.596780833333333, 51.967040000000004], [7.596695833333333, 51.967135], [7.5966177777777775, 51.96727777777778], [7.596575833333333, 51.96742888888889], [7.596553888888889, 51.96761277777778], [7.596525, 51.96821083333334], [7.596525833333333, 51.968525], [7.596542777777778, 51.96876], [7.596576944444444, 51.96911388888889], [7.596576944444444, 51.96911388888889], [7.596582777777778, 51.96917083333334], [7.596588888888888, 51.96922194444445], [7.5965927777777775, 51.969250833333334], [7.596627777777777, 51.96948472222223], [7.596685, 51.969746944444445], [7.59671, 51.96982777777778], [7.596742777777777, 51.969966944444444], [7.596755833333333, 51.970038888888894], [7.596792777777777, 51.97018], [7.596813888888889, 51.97025083333334], [7.596825, 51.970284722222225], [7.596926944444444, 51.97059388888889], [7.5970088888888885, 51.97079888888889], [7.597020833333333, 51.97083083333334], [7.597106944444445, 51.97102277777778], [7.597106944444445, 51.97102277777778], [7.597145833333333, 51.971111944444445], [7.59721, 51.971235], [7.597277777777777, 51.97134777777778], [7.597102777777778, 51.97137194444445], [7.596903888888889, 51.97139777777778], [7.59654, 51.971446944444445], [7.595830833333333, 51.97154277777778], [7.595473888888889, 51.97159194444445], [7.595332777777777, 51.97161083333334], [7.595222777777778, 51.971630833333336], [7.594977777777777, 51.971675833333336], [7.594866944444444, 51.97170388888889], [7.594866944444444, 51.97170388888889], [7.594627777777777, 51.971764722222225], [7.594233888888889, 51.97188583333334], [7.593907777777778, 51.97199583333334], [7.593635, 51.97210694444445], [7.592960833333333, 51.97243], [7.592259722222222, 51.972769722222225], [7.5915799999999996, 51.97307888888889], [7.590827777777777, 51.973415833333334], [7.590827777777777, 51.973415833333334], [7.5906199999999995, 51.97350194444444], [7.590537777777778, 51.97353888888889], [7.590565833333333, 51.973576944444446], [7.590574999999999, 51.97361777777778], [7.5905627777777775, 51.97365888888889], [7.590531944444444, 51.973695], [7.590483888888889, 51.97372388888889], [7.590423888888888, 51.97374277777778], [7.5903608333333334, 51.97375], [7.590297777777778, 51.973745], [7.590238888888889, 51.97373], [7.590190833333333, 51.97370388888889], [7.590111944444444, 51.97374083333334], [7.5893299999999995, 51.974131944444444], [7.5892027777777775, 51.97419388888889], [7.588277777777778, 51.974646944444444], [7.587405833333333, 51.975074722222224], [7.587003888888889, 51.97527083333333], [7.5854977777777775, 51.975990833333334], [7.585502777777777, 51.976084722222225], [7.585456944444444, 51.97614194444444], [7.585329722222222, 51.97629972222222], [7.585303888888888, 51.97631472222223]]}}, {"type": "Feature", "properties": {"route_id": "4", "name": "4", "color": "#92C56E", "label_lon": 7.638346944444444, "label_lat": 51.96648694444445}, "geometry": {"type": "LineString", "coordinates": [[7.750623888888889, 52.000105833333336], [7.75051, 52.000015833333336], [7.750482777777778, 51.99999694444445], [7.750545, 51.99984388888889], [7.75054, 51.999675833333335], [7.75047, 51.99961888888889], [7.750383888888889, 51.99954777777778], [7.750185833333333, 51.999495833333334], [7.750082777777778, 51.99951], [7.749986944444444, 51.99954], [7.749900833333333, 51.99959694444445], [7.750120833333333, 51.99974777777778], [7.750482777777778, 51.99999694444445], [7.75051, 52.000015833333336], [7.750726944444445, 52.000186944444444], [7.750931944444445, 52.000345833333334], [7.750797777777778, 52.00039388888889], [7.750592777777777, 52.00045], [7.750020833333333, 52.000566944444444], [7.749696944444445, 52.00061888888889], [7.749436944444445, 52.000661944444445], [7.748733888888889, 52.00078694444444], [7.74841, 52.000839722222224], [7.747690833333333, 52.000955833333336], [7.747468888888889, 52.000992777777775], [7.746822777777778, 52.00109277777778], [7.7466277777777774, 52.00111583333333], [7.746067777777778, 52.00118694444444], [7.74524, 52.00129277777778], [7.744933888888889, 52.001330833333334], [7.744861944444445, 52.00134], [7.744375, 52.00139583333333], [7.744165833333334, 52.00141083333333], [7.743925, 52.001420833333334], [7.742371944444445, 52.00143277777778], [7.74099, 52.001435], [7.740025833333333, 52.001442777777775], [7.739798888888889, 52.001462777777775], [7.739707777777777, 52.00148277777778], [7.739655, 52.00149777777778], [7.739482777777778, 52.001575833333334], [7.738465, 52.002415], [7.737518888888889, 52.00319777777778], [7.737518888888889, 52.00319777777778], [7.737456944444444, 52.00324888888889], [7.737315, 52.00334388888889], [7.737165, 52.00342], [7.737047777777778, 52.00346777777778], [7.736823888888889, 52.00353277777778], [7.736195833333333, 52.003681944444445], [7.73601, 52.00374194444444], [7.735865, 52.003812777777775], [7.73575, 52.00388777777778], [7.735636944444445, 52.003995], [7.735553888888889, 52.004109722222225], [7.735492777777778, 52.00425777777778], [7.735268888888889, 52.00543583333334], [7.735228888888889, 52.00559], [7.73513, 52.00582083333333], [7.735022777777778, 52.00597388888889], [7.734873888888889, 52.006125833333336], [7.734697777777778, 52.00626388888889], [7.733881944444445, 52.006858888888885], [7.732913888888889, 52.00756583333333], [7.731320833333333, 52.00871194444444], [7.730917777777778, 52.00898194444444], [7.730710833333333, 52.00911], [7.729401944444445, 52.009885], [7.729137777777778, 52.010021944444446], [7.72818, 52.01044388888889], [7.727805833333333, 52.01059194444444], [7.727805833333333, 52.01059194444444], [7.727612777777778, 52.01065694444444], [7.727506944444444, 52.01067583333333], [7.727418888888889, 52.01067777777778], [7.727330833333333, 52.01065], [7.727268888888889, 52.01060694444445], [7.724968888888889, 52.007985], [7.723846944444444, 52.006703888888886], [7.723325, 52.00608583333333], [7.722278888888889, 52.00490694444444], [7.7212250000000004, 52.00369], [7.721165833333333, 52.003590833333334], [7.721115833333333, 52.00344777777778], [7.721100833333334, 52.00333], [7.721113888888889, 52.003191944444445], [7.721343888888889, 52.002227777777776], [7.7213658333333335, 52.002137777777776], [7.721407777777778, 52.001960833333335], [7.721422777777778, 52.00183694444444], [7.7215308333333335, 52.001845833333334], [7.721945, 52.00199583333333], [7.721935, 52.00207388888889], [7.721910833333333, 52.00211777777778], [7.721873888888889, 52.002145], [7.721796944444445, 52.002158888888886], [7.721720833333333, 52.002160833333335], [7.7215469444444444, 52.00215388888889], [7.7215469444444444, 52.00215388888889], [7.721513888888889, 52.00215277777778], [7.7213658333333335, 52.002137777777776], [7.721407777777778, 52.001960833333335], [7.721422777777778, 52.00183694444444], [7.721406944444444, 52.00174583333333], [7.721367777777778, 52.001670833333336], [7.721293888888889, 52.001595], [7.7209827777777775, 52.00133388888889], [7.719818888888889, 52.00036583333333], [7.719636944444445, 52.000235833333335], [7.719388888888889, 52.00010777777778], [7.719206944444444, 52.00004194444445], [7.7189169444444445, 51.999965833333334], [7.718577777777778, 51.99991777777778], [7.717835833333334, 51.99983], [7.7173227777777775, 51.99976888888889], [7.717140833333334, 51.99973194444445], [7.716958888888889, 51.99968], [7.716808888888889, 51.99961277777778], [7.716675833333333, 51.99953694444444], [7.7165388888888895, 51.99942083333333], [7.716450833333334, 51.99930694444445], [7.716450833333334, 51.99930694444445], [7.716413888888889, 51.999226944444445], [7.716386944444444, 51.99913], [7.7163900000000005, 51.99896583333334], [7.7165019444444445, 51.99863277777778], [7.715086944444445, 51.99876777777778], [7.714232777777778, 51.998851944444446], [7.714232777777778, 51.998851944444446], [7.714231944444444, 51.998851944444446], [7.713691944444444, 51.99891], [7.7135838888888895, 51.99892083333334], [7.713053888888889, 51.99897888888889], [7.712325833333334, 51.999045833333334], [7.711995, 51.99906694444444], [7.711702777777778, 51.999070833333334], [7.709713888888889, 51.99911], [7.7096350000000005, 51.99911083333333], [7.709648888888889, 51.99888194444445], [7.709695, 51.998646944444445], [7.709725833333334, 51.99856583333334], [7.709725833333334, 51.99856583333334], [7.709760833333333, 51.99847277777778], [7.709883888888889, 51.99824388888889], [7.710120833333334, 51.99785277777778], [7.710505, 51.997225], [7.7105258333333335, 51.997186944444444], [7.710670833333333, 51.996900833333335], [7.71072, 51.99678388888889], [7.710802777777778, 51.996415], [7.710835, 51.99624194444444], [7.710892777777778, 51.995937777777776], [7.710892777777778, 51.995937777777776], [7.71092, 51.99579388888889], [7.7109419444444445, 51.99572694444444], [7.7109869444444445, 51.99558888888889], [7.711083888888889, 51.995422777777776], [7.711117777777778, 51.99537277777778], [7.711296944444444, 51.99518694444445], [7.711503888888889, 51.99503083333333], [7.711613888888889, 51.99496083333334], [7.711681944444445, 51.99492277777778], [7.711645833333334, 51.994890833333336], [7.711626944444444, 51.99485277777778], [7.711626944444444, 51.99481388888889], [7.711645833333334, 51.994775833333335], [7.711680833333333, 51.99474277777778], [7.711610833333333, 51.99469777777778], [7.711266944444445, 51.994486944444446], [7.711145833333333, 51.99441388888889], [7.710965833333334, 51.99428888888889], [7.710883888888889, 51.99422388888889], [7.710662777777778, 51.994011944444445], [7.710568888888889, 51.99392777777778], [7.710445, 51.993835000000004], [7.710303888888889, 51.993746944444446], [7.710135, 51.99365388888889], [7.709893888888889, 51.99354777777778], [7.709852777777778, 51.99353194444445], [7.709505, 51.99342083333333], [7.709198888888889, 51.99335388888889], [7.708425833333333, 51.99323694444445], [7.708036944444444, 51.99313888888889], [7.707872777777778, 51.993085], [7.70763, 51.992986944444446], [7.70688, 51.99262], [7.706525, 51.992475], [7.706225833333334, 51.99237388888889], [7.705825833333334, 51.99227277777778], [7.705825833333334, 51.99227277777778], [7.705212777777778, 51.99214388888889], [7.705027777777778, 51.99210388888889], [7.704882777777778, 51.99206777777778], [7.704707777777778, 51.992020000000004], [7.704440833333334, 51.99193277777778], [7.70415, 51.991820833333335], [7.703946944444445, 51.99173888888889], [7.703391944444444, 51.99150388888889], [7.702836944444445, 51.99127083333333], [7.702382777777778, 51.991065], [7.7019400000000005, 51.99086694444445], [7.701465833333334, 51.99062888888889], [7.701345833333334, 51.99055083333334], [7.701345833333334, 51.99055083333334], [7.701207777777778, 51.99046083333334], [7.700520833333334, 51.989955], [7.700493888888889, 51.989935], [7.699915833333334, 51.98949888888889], [7.699915833333334, 51.98949888888889], [7.699863888888889, 51.98945888888889], [7.699708888888889, 51.989335000000004], [7.69927, 51.98895777777778], [7.699020833333334, 51.98871888888889], [7.698886944444444, 51.98861388888889], [7.698782777777778, 51.988655], [7.698717777777778, 51.98866888888889], [7.698347777777778, 51.98872388888889], [7.69805, 51.98876583333333], [7.6978108333333335, 51.98879888888889], [7.697606944444445, 51.988845833333336], [7.696827777777778, 51.98899277777778], [7.696153888888889, 51.98913388888889], [7.6952919444444445, 51.98930888888889], [7.6941088888888896, 51.98954583333333], [7.69397, 51.98957277777778], [7.693441944444444, 51.98967583333334], [7.693090000000001, 51.98975083333333], [7.692621944444444, 51.98986583333333], [7.692265, 51.989982777777776], [7.691976944444445, 51.99010083333334], [7.691621944444445, 51.99026277777778], [7.691198888888889, 51.99049083333333], [7.6909188888888895, 51.99066583333333], [7.690416944444444, 51.99102388888889], [7.689266944444444, 51.99188388888889], [7.688583888888889, 51.99238583333334], [7.6883558333333335, 51.99253888888889], [7.687898888888889, 51.99281888888889], [7.687565833333333, 51.99300888888889], [7.687441944444445, 51.99308], [7.687377777777778, 51.99305277777778], [7.687176944444444, 51.99295], [7.687045, 51.99288], [7.68686, 51.99278388888889], [7.686857777777778, 51.99278277777778], [7.686857777777778, 51.99278277777778], [7.6865177777777784, 51.99260694444445], [7.686396944444445, 51.992545], [7.68612, 51.99239888888889], [7.685178888888889, 51.991905], [7.6848358333333335, 51.991726944444444], [7.684400833333334, 51.99149888888889], [7.683962777777778, 51.99126694444445], [7.68267, 51.990586944444445], [7.682015000000001, 51.99024194444444], [7.6816127777777785, 51.99002277777778], [7.681351944444445, 51.989855], [7.68113388888889, 51.98968694444444], [7.680892777777778, 51.989466944444445], [7.680240833333333, 51.98885694444444], [7.6800338888888895, 51.988637777777775], [7.6798238888888894, 51.98838083333334], [7.679753888888889, 51.98827], [7.6796669444444445, 51.988285833333336], [7.679340000000001, 51.98834083333333], [7.679098888888889, 51.988365], [7.678601944444445, 51.98838388888889], [7.678601944444445, 51.98838388888889], [7.677172777777778, 51.988440000000004], [7.67485, 51.98852388888889], [7.674525, 51.98851277777778], [7.674301944444445, 51.98849694444444], [7.674301944444445, 51.98849694444444], [7.673912777777778, 51.98847], [7.671935, 51.98830888888889], [7.6716669444444445, 51.988275], [7.671506944444444, 51.988240833333336], [7.670842777777778, 51.988060000000004], [7.670218888888889, 51.98788888888889], [7.669953888888889, 51.98782], [7.669712777777778, 51.98775194444445], [7.669217777777778, 51.987615], [7.668893888888889, 51.98752388888889], [7.668893888888889, 51.98752388888889], [7.668541944444445, 51.987425], [7.668416944444445, 51.987390833333336], [7.666932777777778, 51.986981944444445], [7.666133888888889, 51.98676888888889], [7.665751944444445, 51.98665694444445], [7.665355833333334, 51.98651388888889], [7.665093888888889, 51.98641194444445], [7.664295833333334, 51.986086944444445], [7.664155, 51.986040833333334], [7.6640250000000005, 51.98601194444444], [7.6639269444444444, 51.986001944444446], [7.663747777777778, 51.98600888888889], [7.6635, 51.98605], [7.66266888888889, 51.98623083333334], [7.66266888888889, 51.98623083333334], [7.662520833333334, 51.986267777777776], [7.662371944444445, 51.986330833333334], [7.662267777777778, 51.986385], [7.662135833333334, 51.986486944444444], [7.6620388888888895, 51.98659694444444], [7.6619850000000005, 51.986650000000004], [7.661790833333334, 51.98659388888889], [7.6616388888888896, 51.98656277777778], [7.6609427777777785, 51.986450833333336], [7.6597638888888895, 51.98627277777778], [7.659526944444445, 51.98623388888889], [7.6594338888888895, 51.98621083333333], [7.659248888888889, 51.98614583333333], [7.659147777777778, 51.98609583333334], [7.6590758333333335, 51.98605083333334], [7.658960833333333, 51.985953888888886], [7.658903888888889, 51.98588888888889], [7.658830833333334, 51.98575], [7.658805, 51.98559388888889], [7.658827777777778, 51.985436944444444], [7.658891944444445, 51.98531694444444], [7.6589977777777785, 51.985205], [7.659362777777778, 51.984877777777776], [7.6595127777777785, 51.984700000000004], [7.6596077777777785, 51.984546944444446], [7.6596688888888895, 51.98442388888889], [7.659711944444445, 51.984305], [7.659753888888889, 51.98412583333334], [7.659926944444445, 51.982708888888894], [7.659942777777778, 51.98256888888889], [7.6599577777777785, 51.98242694444445], [7.6599577777777785, 51.98242694444445], [7.6600608333333335, 51.98146], [7.66007, 51.98123694444445], [7.660051944444445, 51.980920833333336], [7.659915000000001, 51.98011277777778], [7.659737777777778, 51.97918083333334], [7.659597777777778, 51.97843972222223], [7.659525, 51.97808277777778], [7.6594750000000005, 51.97789888888889], [7.65943, 51.97776388888889], [7.65933888888889, 51.97755277777778], [7.659182777777779, 51.97726194444444], [7.658625833333334, 51.976465833333336], [7.658515833333333, 51.97627888888889], [7.658375833333333, 51.97598083333334], [7.658266944444445, 51.975700833333335], [7.658266944444445, 51.975700833333335], [7.658250833333334, 51.975659722222225], [7.658181944444445, 51.975454722222224], [7.658105833333334, 51.975188888888894], [7.658015833333334, 51.974875000000004], [7.657918888888889, 51.97457583333333], [7.657573888888889, 51.97351777777778], [7.657406944444444, 51.97299777777778], [7.657388888888889, 51.97294083333333], [7.657287777777778, 51.97262694444445], [7.6572169444444445, 51.97240888888889], [7.657210833333334, 51.972390833333336], [7.657210833333334, 51.972390833333336], [7.657198888888889, 51.97235388888889], [7.657075833333334, 51.97197083333334], [7.657041944444445, 51.97186277777778], [7.657017777777778, 51.971780833333334], [7.6570027777777785, 51.971736944444444], [7.656413888888889, 51.96992777777778], [7.65639, 51.96985472222222], [7.656232777777778, 51.969386944444445], [7.656232777777778, 51.969386944444445], [7.656152777777778, 51.96914777777778], [7.656106944444445, 51.96900194444444], [7.656081944444445, 51.968920833333335], [7.656035, 51.96877083333334], [7.6559927777777785, 51.96864277777778], [7.655881944444444, 51.968295833333336], [7.655855833333334, 51.96822388888889], [7.655775833333334, 51.96814583333334], [7.6557, 51.96803583333334], [7.655677777777778, 51.96799083333334], [7.655573888888889, 51.96798888888889], [7.654947777777778, 51.967976944444445], [7.654753888888889, 51.967955833333335], [7.654753888888889, 51.967955833333335], [7.654531944444445, 51.96793277777778], [7.654481944444445, 51.96793], [7.654317777777778, 51.96792194444445], [7.654235833333334, 51.96791777777778], [7.653930000000001, 51.96790277777778], [7.653635, 51.967890833333335], [7.653229722222223, 51.96788888888889], [7.652826944444445, 51.96792583333333], [7.652507777777778, 51.96798694444445], [7.65248888888889, 51.96799083333334], [7.6524277777777785, 51.96800388888889], [7.651870833333334, 51.968115833333336], [7.651870833333334, 51.968115833333336], [7.651890000000001, 51.96815083333333], [7.651870833333334, 51.968115833333336], [7.651801944444445, 51.96813], [7.651767777777778, 51.968135833333335], [7.651773333333334, 51.96814722222222], [7.651767777777778, 51.968135833333335], [7.65167, 51.968155], [7.651465, 51.96819388888889], [7.651301944444445, 51.96821388888889], [7.650973888888889, 51.96821583333333], [7.65073, 51.96821194444445], [7.650100833333334, 51.96818583333334], [7.649627777777777, 51.968156944444445], [7.648760833333333, 51.96810194444445], [7.648551944444444, 51.968089722222224], [7.648095833333333, 51.96806388888889], [7.647748888888889, 51.968045000000004], [7.647673888888888, 51.968050000000005], [7.647469999999999, 51.968065], [7.647263888888888, 51.968055], [7.6470908333333325, 51.96803277777778], [7.646915, 51.96800888888889], [7.646629999999999, 51.96795277777778], [7.646629999999999, 51.96795277777778], [7.64654, 51.96792777777778], [7.646536666666666, 51.967931666666665], [7.64654, 51.96792777777778], [7.6464888888888884, 51.96791277777778], [7.64624, 51.96783972222222], [7.645981944444444, 51.96776277777778], [7.645888888888888, 51.96774277777778], [7.645754999999999, 51.96771388888889], [7.645632777777777, 51.96769694444445], [7.645409999999999, 51.967675], [7.64525, 51.967661944444444], [7.644810833333333, 51.96763277777778], [7.644615833333333, 51.967580833333336], [7.643967777777777, 51.967550833333334], [7.643781944444444, 51.96754], [7.643491944444444, 51.96751777777778], [7.6433349999999995, 51.96749888888889], [7.6433349999999995, 51.96749888888889], [7.643116944444444, 51.96747083333334], [7.643005833333333, 51.96745277777778], [7.64284, 51.967416944444444], [7.642602777777777, 51.96736194444445], [7.642380833333333, 51.967310833333336], [7.6422108333333325, 51.96727194444445], [7.642166944444444, 51.967261944444445], [7.6420988888888886, 51.96724583333334], [7.641642777777777, 51.96714194444445], [7.641253888888889, 51.967061944444445], [7.641150833333333, 51.967040833333336], [7.641058888888889, 51.96702277777778], [7.640991944444444, 51.96701], [7.639553888888888, 51.966735], [7.639315833333333, 51.96668388888889], [7.639121944444444, 51.96664388888889], [7.638941944444444, 51.96663083333333], [7.638346944444444, 51.96648694444445], [7.637811944444444, 51.96637277777778], [7.6377308333333325, 51.96635583333334], [7.6377308333333325, 51.96635583333334], [7.637642777777777, 51.96633777777778], [7.637522777777777, 51.96628277777778], [7.637373888888888, 51.96624583333334], [7.636909999999999, 51.96614888888889], [7.636810833333333, 51.96613083333334], [7.636435833333333, 51.966056944444446], [7.636013888888888, 51.96597694444445], [7.635565, 51.965896944444445], [7.635426944444444, 51.96586777777778], [7.635166944444444, 51.96581388888889], [7.634990833333333, 51.96577777777778], [7.634990833333333, 51.96577777777778], [7.635003888888888, 51.96578083333333], [7.634903888888888, 51.96576], [7.634962777777777, 51.96577194444445], [7.6344458333333325, 51.96566583333334], [7.634238888888889, 51.96562777777778], [7.634284999999999, 51.96550277777778], [7.634433888888888, 51.965092777777784], [7.6346227777777775, 51.96454694444445], [7.634986944444444, 51.963520833333334], [7.635185833333333, 51.96299888888889], [7.635280833333333, 51.96270583333334], [7.635353888888888, 51.96240777777778], [7.635376944444444, 51.962113888888894], [7.635378888888888, 51.962048888888894], [7.63538, 51.96194694444445], [7.63538, 51.96187694444445], [7.635372777777778, 51.961820833333334], [7.635314999999999, 51.96150194444445], [7.635225833333333, 51.96107888888889], [7.635191944444444, 51.96091583333334], [7.635191944444444, 51.96091583333334], [7.6351627777777775, 51.960772777777784], [7.635140833333333, 51.960665000000006], [7.63509, 51.96040888888889], [7.63509, 51.96040777777778], [7.635083888888889, 51.960368888888894], [7.635067777777778, 51.96013083333334], [7.635053888888889, 51.95997388888889], [7.635045, 51.95987277777778], [7.635034999999999, 51.95973888888889], [7.634866944444444, 51.959525], [7.634810833333333, 51.95929], [7.634804999999999, 51.95926277777778], [7.634759999999999, 51.959073888888895], [7.6345688888888885, 51.95843388888889], [7.634542777777777, 51.958350833333334], [7.634524999999999, 51.95829888888889], [7.634475833333333, 51.958126944444444], [7.634408888888888, 51.95789194444445], [7.634271944444444, 51.95742694444445], [7.634220833333333, 51.957259722222226], [7.634220833333333, 51.957259722222226], [7.634215833333333, 51.957245], [7.6341319444444435, 51.95706388888889], [7.633995, 51.95684888888889], [7.633892777777778, 51.956720000000004], [7.6336627777777775, 51.95652777777778], [7.6334188888888885, 51.95633083333334], [7.633295, 51.956230000000005], [7.633187777777779, 51.956145], [7.632841944444445, 51.955866944444445], [7.632750833333334, 51.95577194444445], [7.6326438888888894, 51.955795], [7.631993888888889, 51.95598777777778], [7.631873888888889, 51.95603194444445], [7.631390833333334, 51.95620388888889], [7.63134888888889, 51.95621888888889], [7.631280833333334, 51.95624277777778], [7.631223888888889, 51.95626277777778], [7.6311350000000004, 51.956293888888894], [7.630581944444445, 51.95647777777778], [7.630567777777778, 51.95653388888889], [7.6305708333333335, 51.95659888888889], [7.630588888888889, 51.956655833333336], [7.630696944444445, 51.95677583333334], [7.630836944444445, 51.95686888888889], [7.631047777777778, 51.95702083333334], [7.631235, 51.95717583333334], [7.631235, 51.95717583333334], [7.6312338888888895, 51.957175], [7.63123, 51.95717694444445], [7.6312338888888895, 51.957175], [7.631296944444445, 51.95722777777778], [7.631453888888889, 51.95738777777778], [7.6314697222222225, 51.95738222222222], [7.631453888888889, 51.95738777777778], [7.631480833333334, 51.957415833333336], [7.631141944444445, 51.957570833333335], [7.630723888888889, 51.957785], [7.630637777777778, 51.95783], [7.630563888888889, 51.95786777777778], [7.630486944444445, 51.957907777777784], [7.63037, 51.95796777777778], [7.630215833333334, 51.95804694444445], [7.629917777777778, 51.958200833333336], [7.629745833333334, 51.958365], [7.629603888888889, 51.95854583333334], [7.6292019444444445, 51.959028888888895], [7.629152777777779, 51.95908388888889], [7.629132777777778, 51.959136944444445], [7.6291408333333335, 51.959165000000006], [7.62916388888889, 51.95919777777778], [7.629211944444445, 51.95923194444445], [7.6294619444444445, 51.959341944444446], [7.6294619444444445, 51.959341944444446], [7.629497777777778, 51.95935888888889], [7.629542777777778, 51.95937694444445], [7.629771944444445, 51.959473888888894], [7.629928888888889, 51.95955], [7.630312777777778, 51.95973583333333], [7.630447777777778, 51.959805833333334], [7.63051, 51.959855833333336], [7.630582777777779, 51.959990000000005], [7.63059888888889, 51.960060000000006], [7.630591944444445, 51.960122777777784], [7.630568888888889, 51.960175], [7.630490833333334, 51.960275833333334], [7.630346944444445, 51.96039694444445], [7.630112777777779, 51.960548888888894], [7.630006944444445, 51.96060694444445], [7.629973888888889, 51.960625], [7.629863888888889, 51.960685000000005], [7.6297788888888896, 51.960730000000005], [7.6295527777777785, 51.96083083333333], [7.6293177777777785, 51.96087694444445], [7.62875, 51.96092083333333], [7.62875, 51.96092083333333], [7.628562777777779, 51.960935000000006], [7.628456944444445, 51.96094277777778], [7.627768888888889, 51.960995000000004], [7.627555833333334, 51.961174722222225], [7.627492777777778, 51.96122694444445], [7.627581944444445, 51.961287777777784], [7.6275988888888895, 51.961310833333336], [7.62777888888889, 51.961600000000004], [7.627866944444445, 51.961740000000006], [7.627730833333334, 51.96177277777778], [7.627210000000001, 51.96188888888889], [7.626853888888889, 51.961960000000005], [7.62661, 51.96199694444445], [7.626145833333334, 51.96205194444445], [7.626145833333334, 51.96205194444445], [7.62613888888889, 51.96205277777778], [7.626122777777779, 51.962055], [7.6257150000000005, 51.962092777777784], [7.625188888888889, 51.96213], [7.625075833333334, 51.962135], [7.624790000000001, 51.96214694444445], [7.624417777777778, 51.96215194444445], [7.624223888888889, 51.96215194444445], [7.624080833333334, 51.96214194444445], [7.624002777777778, 51.96198777777778], [7.62399, 51.96196277777778], [7.623851944444445, 51.961640833333334], [7.623780833333334, 51.96147888888889], [7.623716944444445, 51.961330833333335], [7.623626944444445, 51.96112083333334], [7.623575833333334, 51.96103194444445], [7.623461944444445, 51.960860833333335], [7.623573888888889, 51.96082194444445], [7.623663888888889, 51.96079277777778], [7.623951944444445, 51.96069583333334], [7.623951944444445, 51.96069583333334], [7.62403, 51.96067], [7.6240950000000005, 51.96064194444445], [7.62412388888889, 51.960611944444445], [7.624115833333334, 51.96056], [7.624077777777778, 51.96047388888889], [7.623871944444445, 51.96031194444445], [7.623548888888889, 51.96009], [7.623466944444445, 51.960030833333334], [7.623358888888889, 51.959955], [7.623252777777778, 51.959875000000004], [7.62291, 51.95962083333334], [7.62271388888889, 51.959475000000005], [7.622511944444445, 51.95932583333334], [7.622076944444445, 51.959005833333336], [7.6220550000000005, 51.95899], [7.62185, 51.958830000000006], [7.621835833333334, 51.95881777777778], [7.621813055555556, 51.95882805555556], [7.621835833333334, 51.95881777777778], [7.621743888888889, 51.95873777777778], [7.621642777777779, 51.95865083333334], [7.621520833333334, 51.95851777777778], [7.621520833333334, 51.95851777777778], [7.621495833333334, 51.958490000000005], [7.621320833333334, 51.95829194444445], [7.621095, 51.958085833333335], [7.620993888888889, 51.95799388888889], [7.620951944444445, 51.957955000000005], [7.620811944444445, 51.95783777777778], [7.620572777777778, 51.957637777777784], [7.620538888888889, 51.95760888888889], [7.620491944444445, 51.95756777777778], [7.620410833333334, 51.9575], [7.62028, 51.957420000000006], [7.620202777777778, 51.95738777777778], [7.620102777777778, 51.95736194444445], [7.619996944444445, 51.95735388888889], [7.6198508333333335, 51.95734277777778], [7.619748888888889, 51.957341944444444], [7.619671944444445, 51.957341944444444], [7.619595833333334, 51.95734388888889], [7.619552777777778, 51.95724888888889], [7.6195200000000005, 51.957167777777784], [7.619501944444445, 51.95713277777778], [7.619521944444445, 51.957128611111116], [7.619501944444445, 51.95713277777778], [7.619480833333334, 51.95709], [7.61941, 51.95694888888889], [7.619360833333334, 51.956810833333336], [7.6193583333333335, 51.956810833333336], [7.619360833333334, 51.956810833333336], [7.619330000000001, 51.95667777777778], [7.619331944444445, 51.95667805555556], [7.619330000000001, 51.95667777777778], [7.619280000000001, 51.95643777777778], [7.6193100000000005, 51.95628], [7.619402777777778, 51.95617583333333], [7.619502777777778, 51.955911944444445], [7.619578888888889, 51.955795], [7.619585000000001, 51.955781944444446], [7.619603888888889, 51.955735000000004], [7.61972, 51.955446944444446], [7.619802777777778, 51.955236944444444], [7.619831944444445, 51.95512], [7.619835833333334, 51.95507583333334], [7.619835833333334, 51.955063888888894], [7.619838888888889, 51.95503277777778], [7.619843888888889, 51.95497694444445], [7.619797777777778, 51.954890000000006], [7.619791944444445, 51.95482888888889], [7.619806944444445, 51.95457583333334], [7.619796944444445, 51.95457583333334], [7.619806944444445, 51.95457583333334], [7.619797777777778, 51.954212777777784], [7.619745000000001, 51.95393777777778], [7.619681944444445, 51.95373777777778], [7.619630000000001, 51.95359888888889], [7.619533888888889, 51.953401944444444], [7.61940388888889, 51.953160000000004], [7.61935888888889, 51.95308583333333], [7.619162777777778, 51.95281388888889], [7.619055833333334, 51.95266777777778], [7.619175, 51.95263194444445], [7.6193227777777786, 51.95258388888889], [7.619605833333334, 51.952455], [7.6197719444444445, 51.95237388888889], [7.620015, 51.95223388888889], [7.620015, 51.95223388888889], [7.620382777777778, 51.952021944444446], [7.620605833333334, 51.95181083333333], [7.620711944444445, 51.95167388888889], [7.620808888888889, 51.95151694444445], [7.620830000000001, 51.951482777777784], [7.621151944444445, 51.950925000000005], [7.621396944444445, 51.95039194444445], [7.621472777777778, 51.95022083333333], [7.621472777777778, 51.95022083333333], [7.621483888888889, 51.95019694444445], [7.62163388888889, 51.94975694444444], [7.621668888888889, 51.94965583333333], [7.621718888888889, 51.94948083333333], [7.62183, 51.94898388888888], [7.621841944444445, 51.94891194444444], [7.62193888888889, 51.94834777777778], [7.6219608333333335, 51.948249999999994], [7.622031944444445, 51.94782277777777], [7.622172777777778, 51.94723694444444], [7.622237777777778, 51.946934999999996], [7.62228888888889, 51.946733888888886], [7.62238388888889, 51.946217777777775], [7.622411944444445, 51.94602277777778], [7.622425000000001, 51.94598194444444], [7.622420000000001, 51.94591583333333], [7.622450000000001, 51.94573083333333], [7.622450000000001, 51.94573083333333], [7.62236138888889, 51.945724999999996], [7.622450000000001, 51.94573083333333], [7.62236138888889, 51.945724999999996], [7.622450000000001, 51.94573083333333], [7.622485833333334, 51.94564194444444], [7.6225708333333335, 51.945502777777776], [7.622703888888889, 51.945297777777775], [7.622820833333334, 51.94515694444444], [7.62286, 51.94510777777777], [7.622859166666667, 51.94510777777777], [7.62286, 51.94510777777777], [7.622876944444445, 51.94508583333333], [7.622983888888889, 51.94492888888889], [7.623092777777778, 51.944745], [7.623171944444445, 51.944255], [7.623267777777778, 51.94376888888888], [7.62344, 51.942967777777774], [7.6234777777777785, 51.94279083333333], [7.623487777777778, 51.94274083333333], [7.623613888888889, 51.94221777777778], [7.623615833333334, 51.942209999999996], [7.623615833333334, 51.942209999999996], [7.623620000000001, 51.94219194444444], [7.623648888888889, 51.942065], [7.623670833333334, 51.94196888888889], [7.623692777777778, 51.941872777777775], [7.623718888888889, 51.94176777777778], [7.623735000000001, 51.94170083333333], [7.623760000000001, 51.94159777777777], [7.623767777777778, 51.94157277777777], [7.623942777777779, 51.94102694444444], [7.623996944444445, 51.94085888888888], [7.623853888888889, 51.94083277777777], [7.623776944444445, 51.940817777777774], [7.623526944444445, 51.940777777777775], [7.623168888888889, 51.94071583333333], [7.622736944444445, 51.94062888888889], [7.622616944444445, 51.94060888888889], [7.6225000000000005, 51.940594999999995], [7.621940833333333, 51.940512777777776], [7.621380833333334, 51.940419999999996], [7.621250000000001, 51.940398888888886], [7.6209427777777785, 51.940347777777774], [7.6209427777777785, 51.940347777777774], [7.620919166666667, 51.940400555555556], [7.6209427777777785, 51.94034694444444], [7.620805833333334, 51.940324999999994], [7.6207327777777785, 51.94031083333333], [7.620252777777778, 51.94022], [7.617116944444445, 51.93970583333333], [7.617000000000001, 51.93969194444444], [7.616656944444444, 51.93965083333333], [7.616540833333333, 51.93964583333333], [7.6159, 51.93964], [7.615125833333333, 51.93965194444444], [7.61423, 51.93969583333333], [7.613944999999999, 51.93971388888889], [7.613944999999999, 51.93971388888889], [7.613848888888889, 51.939719999999994], [7.61362, 51.939735], [7.613385, 51.93976], [7.613012777777778, 51.93980083333333], [7.612908888888889, 51.93981194444444], [7.612895833333333, 51.939812777777774], [7.612637777777778, 51.93984194444444], [7.612380833333333, 51.939882777777775], [7.612139999999999, 51.939922777777774], [7.611834999999999, 51.94001083333333], [7.611688888888889, 51.940054999999994], [7.611532777777778, 51.94010194444444], [7.611493888888888, 51.94011388888889], [7.611271944444444, 51.94018277777777], [7.611149999999999, 51.94022083333333], [7.610519999999999, 51.940417777777775], [7.610004999999999, 51.940578888888886], [7.609976944444444, 51.94058777777777], [7.609853888888889, 51.94063083333333], [7.609788888888889, 51.940551944444444], [7.609647777777777, 51.940349999999995], [7.609631944444444, 51.94030583333333], [7.609629999999999, 51.940259999999995], [7.609699999999999, 51.94006694444444], [7.60992, 51.939555], [7.609937777777778, 51.93951], [7.609937777777778, 51.93951], [7.610057777777778, 51.93919583333333], [7.610047777777777, 51.93906388888889], [7.610040833333333, 51.938964999999996], [7.610021944444444, 51.93889583333333], [7.610003888888889, 51.93883083333333], [7.609831944444444, 51.93841083333333], [7.609781944444444, 51.93828277777777], [7.609673888888889, 51.93800888888889], [7.609600833333333, 51.93784694444444], [7.609417777777778, 51.93737694444444], [7.609205833333333, 51.93688583333333], [7.608942777777777, 51.936256944444445], [7.608942777777777, 51.936256944444445], [7.608777777777777, 51.93586194444444], [7.608702777777777, 51.93568194444444], [7.608615833333333, 51.935472777777775], [7.608605833333333, 51.93544583333333], [7.608568888888889, 51.93535083333333], [7.608476944444444, 51.935114999999996], [7.608371944444444, 51.93484583333333], [7.608221944444444, 51.934463888888885], [7.608201944444444, 51.93441583333333], [7.608180833333333, 51.93436583333333], [7.608118888888889, 51.934214999999995], [7.608031944444444, 51.93400583333333], [7.608031944444444, 51.93400583333333], [7.6079638888888885, 51.93384], [7.607945833333333, 51.93379777777778], [7.6078399999999995, 51.93354083333333], [7.60752, 51.93278194444444], [7.607490833333333, 51.932713888888884], [7.607462777777777, 51.932647777777774], [7.607436944444444, 51.93258472222222], [7.606965, 51.93144583333333], [7.606841944444444, 51.93116083333333], [7.606721944444444, 51.930883888888886], [7.606708888888889, 51.93085277777777], [7.6066199999999995, 51.930638888888886], [7.606567777777777, 51.93051083333333], [7.6067688888888885, 51.93047388888888], [7.6071969444444445, 51.93040194444444], [7.607348888888889, 51.93037888888889], [7.607490833333333, 51.93035694444444], [7.607490833333333, 51.93035694444444], [7.607491944444444, 51.93035694444444], [7.607787777777777, 51.930326944444445], [7.60795, 51.93031972222222], [7.608136944444444, 51.930323888888886], [7.608401944444444, 51.930346944444445], [7.608633888888889, 51.93038388888888], [7.610337777777778, 51.93067194444444], [7.610383888888888, 51.930678888888885], [7.611548888888889, 51.93086972222222], [7.61184, 51.93091777777777], [7.612207777777777, 51.93097583333333], [7.612207777777777, 51.93097583333333], [7.612255833333333, 51.93098388888889], [7.612441944444444, 51.931013888888884], [7.612682777777778, 51.931055], [7.612733888888888, 51.931057777777774], [7.612735833333333, 51.93104333333333], [7.612733888888888, 51.931057777777774], [7.612948888888888, 51.93107472222222], [7.613101944444444, 51.93109972222222], [7.614720833333333, 51.93138194444444], [7.615137777777777, 51.931465833333334], [7.615328888888889, 51.93152583333333], [7.615461944444444, 51.93158694444444], [7.615583888888889, 51.93165583333333], [7.615860833333333, 51.93190388888889], [7.616051944444444, 51.932075], [7.616168888888889, 51.932161944444445], [7.616194999999999, 51.93223083333333], [7.616336944444444, 51.932268888888885], [7.616303888888888, 51.93232194444444], [7.616275, 51.93236583333333], [7.6160749999999995, 51.93253194444444], [7.616027777777777, 51.93264277777777], [7.6159888888888885, 51.93273388888888], [7.615959999999999, 51.932806944444444], [7.615856944444444, 51.93304083333333], [7.615825, 51.93310694444444], [7.615710833333333, 51.93322583333333], [7.615743888888889, 51.933236944444445], [7.615792777777777, 51.93327083333333]]}}, {"type": "Feature", "properties": {"route_id": "5", "name": "5", "color": "#F9D900", "label_lon": 7.633783888888888, "label_lat": 51.95662888888889}, "geometry": {"type": "LineString", "coordinates": [[7.541962777777778, 52.00353888888889], [7.5419599999999996, 52.003550833333335], [7.5419519444444445, 52.00356194444444], [7.541926944444445, 52.00357777777778], [7.5418577777777775, 52.003590833333334], [7.541796944444444, 52.00358694444444], [7.541735833333333, 52.00356], [7.541661944444444, 52.00349777777778], [7.542013888888889, 52.00333], [7.5421338888888885, 52.00326694444445], [7.542585, 52.003036944444446], [7.54307, 52.00279], [7.544345833333333, 52.002155], [7.544538888888889, 52.00205888888889], [7.544662777777778, 52.00199777777778], [7.54605, 52.001310833333335], [7.546328888888889, 52.00118972222222], [7.546328888888889, 52.00118972222222], [7.546348888888889, 52.001180833333336], [7.547481944444445, 52.000660833333335], [7.547692777777778, 52.000565], [7.548838888888889, 52.000207777777774], [7.549547777777778, 51.999985], [7.549793888888889, 51.99990388888889], [7.550177777777778, 51.99978], [7.550177777777778, 51.99978], [7.550263888888889, 51.99975083333334], [7.550622777777778, 51.99966194444445], [7.550966944444444, 51.99959888888889], [7.55265, 51.99935694444444], [7.552458888888888, 51.9987], [7.552458888888888, 51.9987], [7.552428888888889, 51.99859583333333], [7.5524249999999995, 51.99849583333334], [7.552455833333333, 51.99836], [7.552526944444444, 51.99823388888889], [7.552593888888889, 51.998152777777776], [7.552625833333333, 51.99811277777778], [7.551583888888889, 51.99774888888889], [7.5515558333333335, 51.99774], [7.5507277777777775, 51.99746277777778], [7.550565833333333, 51.99736388888889], [7.5504219444444445, 51.99722], [7.550128888888889, 51.996865], [7.550128888888889, 51.996865], [7.550015, 51.99672777777778], [7.549868888888889, 51.99661388888889], [7.549628888888889, 51.99651083333333], [7.548823888888888, 51.996251944444445], [7.548761944444444, 51.99613194444444], [7.5487319444444445, 51.99606388888889], [7.548580833333333, 51.995665833333334], [7.548406944444444, 51.99520777777778], [7.5483488888888886, 51.99508], [7.5483488888888886, 51.99508], [7.5482088888888885, 51.99476888888889], [7.548137777777778, 51.994615], [7.548127777777777, 51.99453888888889], [7.548137777777778, 51.99442694444445], [7.548247777777777, 51.99415777777778], [7.548315, 51.99403388888889], [7.548372777777778, 51.993905833333336], [7.548613888888889, 51.99396194444444], [7.549035, 51.99406277777778], [7.549120833333333, 51.99408583333334], [7.549398888888889, 51.99416083333333], [7.549711944444445, 51.994255833333334], [7.550555833333333, 51.994545], [7.550972777777778, 51.994705], [7.551467777777778, 51.994910000000004], [7.552071944444444, 51.995185], [7.552542777777777, 51.995425000000004], [7.552815, 51.99557277777778], [7.553021944444445, 51.995692777777776], [7.553152777777777, 51.99558277777778], [7.5533327777777775, 51.99539083333333], [7.5533327777777775, 51.99539083333333], [7.553343888888889, 51.99537888888889], [7.553747777777778, 51.99491888888889], [7.554514999999999, 51.994415000000004], [7.554758888888888, 51.99371194444444], [7.554855833333333, 51.99362694444444], [7.555202777777778, 51.99316888888889], [7.555333888888889, 51.99299777777778], [7.555411944444444, 51.99286083333333], [7.555426944444444, 51.99272777777778], [7.555412777777778, 51.99264], [7.555385, 51.99256194444445], [7.55534, 51.99247388888889], [7.555275, 51.99239888888889], [7.555183888888889, 51.99231777777778], [7.555018888888888, 51.99222777777778], [7.554801944444444, 51.99213694444445], [7.554702777777778, 51.99209777777778], [7.554208888888889, 51.991907777777776], [7.553743888888889, 51.99172], [7.553466944444445, 51.99160194444445], [7.553060833333333, 51.991465833333336], [7.552785833333333, 51.991395833333335], [7.552435833333333, 51.99132777777778], [7.5522277777777775, 51.99132277777778], [7.551871944444445, 51.99131194444445], [7.551871944444445, 51.99131194444445], [7.551660833333333, 51.99131277777778], [7.551152777777777, 51.991371944444445], [7.549800833333333, 51.99161888888889], [7.547795, 51.992000833333336], [7.5481219444444445, 51.99271388888889], [7.54814, 51.992755], [7.5482877777777775, 51.99308694444444], [7.548343888888889, 51.993215], [7.548375, 51.99330277777778], [7.548425833333333, 51.99349], [7.548425833333333, 51.99349], [7.548447777777778, 51.99357194444445], [7.548437777777778, 51.993680833333336], [7.548413888888889, 51.99377583333334], [7.548372777777778, 51.993905833333336], [7.548085833333333, 51.99384083333334], [7.54712, 51.99363388888889], [7.5462927777777775, 51.993445], [7.545895, 51.993335], [7.5456119444444445, 51.99324583333333], [7.545200833333333, 51.99309777777778], [7.545030833333334, 51.993030833333336], [7.544523888888889, 51.992803888888886], [7.5443, 51.992692777777776], [7.544021944444444, 51.99253777777778], [7.543853888888889, 51.99244083333333], [7.543492777777778, 51.99220888888889], [7.543395, 51.99213888888889], [7.5429627777777775, 51.99182583333334], [7.542655833333333, 51.991576944444446], [7.542320833333333, 51.991285833333336], [7.541927777777778, 51.99090888888889], [7.541860833333333, 51.99083888888889], [7.541620833333333, 51.99059], [7.540962777777778, 51.989865], [7.540920833333333, 51.98981888888889], [7.540518888888888, 51.98937277777778], [7.539815833333333, 51.98856083333333], [7.539795833333333, 51.98853888888889], [7.539665833333333, 51.98838583333333], [7.540448888888889, 51.98821083333333], [7.541785833333333, 51.98791888888889], [7.542552777777778, 51.98775694444444], [7.542552777777778, 51.98775694444444], [7.542856944444444, 51.98769277777778], [7.543080833333333, 51.98764583333333], [7.54369, 51.987515], [7.544293888888888, 51.98736388888889], [7.544727777777777, 51.98723777777778], [7.545180833333333, 51.98708194444445], [7.545588888888889, 51.98692583333334], [7.54603, 51.986737777777776], [7.546455833333333, 51.98652194444445], [7.5469, 51.986265], [7.547175, 51.98609388888889], [7.5474427777777775, 51.985907777777776], [7.547692777777778, 51.98571777777778], [7.547958888888889, 51.98549083333334], [7.548236944444445, 51.98522694444445], [7.5485838888888885, 51.98484388888889], [7.548948888888889, 51.98440194444444], [7.5494449999999995, 51.98380083333333], [7.5498038888888885, 51.983400833333334], [7.550010833333333, 51.98319277777778], [7.550010833333333, 51.98319277777778], [7.550775833333333, 51.982475], [7.551950833333333, 51.98141583333334], [7.552248888888888, 51.98115777777778], [7.552778888888889, 51.980675833333336], [7.553801944444444, 51.97974583333333], [7.554306944444444, 51.97929388888889], [7.5545519444444444, 51.97908777777778], [7.554845, 51.97887277777778], [7.555176944444444, 51.978665], [7.555451944444444, 51.97851777777778], [7.555571944444444, 51.97845888888889], [7.5560519444444445, 51.97824888888889], [7.556715, 51.97798], [7.5568808333333335, 51.977915833333334], [7.5568808333333335, 51.977915833333334], [7.5570377777777775, 51.977854722222226], [7.557966944444444, 51.97750083333334], [7.558036944444444, 51.977474722222226], [7.558102777777777, 51.977450833333336], [7.558645833333333, 51.97724777777778], [7.558760833333333, 51.977204722222226], [7.5598769444444445, 51.97678277777778], [7.560833888888888, 51.97641388888889], [7.560833888888888, 51.97641388888889], [7.5610599999999994, 51.976326944444445], [7.561252777777778, 51.97623777777778], [7.561561944444445, 51.976081944444445], [7.562013888888889, 51.975815833333336], [7.562975833333333, 51.97520083333333], [7.563255, 51.975008888888894], [7.563641944444444, 51.97476277777778], [7.56414, 51.974455], [7.564320833333333, 51.97434194444445], [7.564386944444444, 51.97430083333334], [7.564908888888889, 51.97397388888889], [7.564911944444444, 51.97397194444444], [7.564911944444444, 51.97397194444444], [7.565065833333334, 51.97386083333333], [7.565226944444444, 51.97374583333333], [7.565393888888889, 51.97362888888889], [7.565555, 51.97350194444444], [7.5656727777777775, 51.97340194444445], [7.566135833333333, 51.97300777777778], [7.566201944444444, 51.97295694444445], [7.56628, 51.97289583333333], [7.566395833333333, 51.97278388888889], [7.566855833333333, 51.97240583333333], [7.566982777777778, 51.972275833333335], [7.567090833333333, 51.97220194444445], [7.5674319444444444, 51.971966944444446], [7.5678777777777775, 51.97168694444445], [7.568146944444444, 51.971560000000004], [7.5683477777777775, 51.97150583333333], [7.568425833333333, 51.971485], [7.569206944444444, 51.971400833333334], [7.569206944444444, 51.971400833333334], [7.569228888888889, 51.97139777777778], [7.569575833333333, 51.971345], [7.5699169444444445, 51.971247777777776], [7.569963888888888, 51.97123194444445], [7.570868888888889, 51.97092694444444], [7.571095, 51.970845000000004], [7.571192777777777, 51.97079194444444], [7.571288888888889, 51.97072277777778], [7.571396944444444, 51.97063888888889], [7.5717099999999995, 51.97033888888889], [7.571838888888888, 51.97020888888889], [7.57195, 51.970104722222224], [7.572438888888889, 51.96971583333333], [7.572675833333333, 51.96950888888889], [7.572800833333333, 51.96937694444445], [7.572918888888888, 51.969254722222225], [7.573088888888889, 51.969085], [7.573172777777778, 51.96901583333334], [7.573172777777778, 51.96901583333334], [7.573251944444444, 51.96895194444445], [7.573508888888889, 51.96877388888889], [7.573707777777778, 51.96866694444444], [7.573920833333333, 51.96857694444444], [7.574132777777778, 51.96850388888889], [7.574463888888888, 51.968421944444444], [7.574773888888888, 51.968375], [7.575420833333333, 51.96829694444445], [7.5768619444444445, 51.968086944444444], [7.577316944444444, 51.96799083333334], [7.577390833333333, 51.96799083333334], [7.577466944444444, 51.96800388888889], [7.5775419444444445, 51.96803583333334], [7.577922777777777, 51.968201944444445], [7.578366944444444, 51.96839583333333], [7.578483888888889, 51.96843888888889], [7.578566944444444, 51.96846777777778], [7.578815, 51.968205833333336], [7.578987777777778, 51.968026944444446], [7.578987777777778, 51.968026944444446], [7.579062777777778, 51.96795], [7.579185833333333, 51.96783277777778], [7.579385833333333, 51.96769694444445], [7.579622777777778, 51.967555833333336], [7.579795, 51.967465833333335], [7.58038, 51.96723194444445], [7.580466944444444, 51.96718888888889], [7.580476944444444, 51.96718277777778], [7.581144999999999, 51.966815833333335], [7.581186944444444, 51.966792777777776], [7.581473888888889, 51.96662277777778], [7.582310833333333, 51.96608388888889], [7.582772777777778, 51.96573], [7.582772777777778, 51.96573], [7.583145, 51.965445], [7.583218888888888, 51.96539888888889], [7.583317777777777, 51.96536277777778], [7.583468888888889, 51.965336944444445], [7.583548888888888, 51.965335833333334], [7.5841738888888885, 51.96541777777778], [7.584776944444444, 51.96548083333334], [7.585265833333333, 51.96550583333334], [7.586087777777777, 51.96554583333334], [7.586525, 51.965540000000004], [7.586988888888889, 51.965520833333336], [7.587710833333333, 51.965485], [7.588593888888888, 51.965425833333335], [7.5886708333333335, 51.96542194444445], [7.588683888888888, 51.96535888888889], [7.5887327777777775, 51.96531277777778], [7.588797777777778, 51.965285], [7.588882777777777, 51.965272777777784], [7.5889549999999995, 51.96528083333334], [7.589017777777777, 51.96530083333334], [7.589072777777777, 51.965340833333336], [7.589100833333333, 51.96539388888889], [7.589169999999999, 51.96538888888889], [7.589650833333333, 51.965356944444444], [7.589944999999999, 51.96533777777778], [7.591027777777778, 51.965270000000004], [7.591097777777778, 51.96526583333333], [7.591157777777777, 51.96526194444445], [7.591623888888889, 51.96523194444445], [7.591652777777777, 51.965230000000005], [7.591652777777777, 51.965230000000005], [7.59216, 51.96519694444445], [7.593562777777778, 51.96510694444445], [7.593742777777777, 51.965094722222226], [7.594373888888889, 51.96505277777778], [7.5945849999999995, 51.96504], [7.594735, 51.965030000000006], [7.594876944444444, 51.965021944444445], [7.5949969444444445, 51.965015], [7.595513888888888, 51.96497777777778], [7.5962169444444445, 51.964935833333335], [7.5962169444444445, 51.964935833333335], [7.596366944444444, 51.96492694444445], [7.596685, 51.96490888888889], [7.596955833333333, 51.96490888888889], [7.597068888888889, 51.96491277777778], [7.597413888888888, 51.96488388888889], [7.5980638888888885, 51.96486277777778], [7.598464722222222, 51.96485388888889], [7.598463333333333, 51.96483583333334], [7.598464722222222, 51.96485388888889], [7.5985088888888885, 51.96485277777778], [7.598640833333333, 51.964846944444446], [7.598834999999999, 51.96484], [7.598996944444444, 51.96483694444445], [7.599402777777778, 51.96482694444445], [7.599917777777778, 51.96483277777778], [7.600236944444444, 51.96485277777778], [7.600236944444444, 51.96485277777778], [7.60025, 51.96485388888889], [7.600305, 51.96485888888889], [7.600588888888889, 51.96489583333334], [7.6005988888888885, 51.96489777777778], [7.60086, 51.964940000000006], [7.600922777777777, 51.96495194444445], [7.601040833333333, 51.96497277777778], [7.601341944444444, 51.96502777777778], [7.601525833333333, 51.96506388888889], [7.601740833333333, 51.96510583333334], [7.601870833333333, 51.965131944444444], [7.602702777777777, 51.96532083333334], [7.603135, 51.96541694444445], [7.603395833333333, 51.965496944444446], [7.603816944444444, 51.965583888888894], [7.604350833333333, 51.96570388888889], [7.6047038888888885, 51.96579194444445], [7.605074999999999, 51.96589277777778], [7.605284999999999, 51.96595888888889], [7.6056019444444445, 51.96605777777778], [7.606741944444444, 51.96645], [7.606998888888889, 51.96654277777778], [7.607515833333333, 51.96672277777778], [7.607515833333333, 51.96672277777778], [7.608135833333333, 51.96693888888889], [7.609285, 51.96732888888889], [7.609581944444444, 51.96742888888889], [7.609803888888888, 51.967490833333336], [7.609934999999999, 51.96752083333334], [7.610122777777778, 51.967551944444445], [7.610303888888889, 51.96757277777778], [7.610475833333333, 51.967576944444446], [7.610591944444444, 51.967571944444444], [7.610882777777777, 51.967551944444445], [7.611052777777777, 51.96752888888889], [7.611247777777778, 51.96749694444445], [7.611498888888889, 51.967441944444445], [7.6116399999999995, 51.96741083333333], [7.6116399999999995, 51.96741083333333], [7.611812777777778, 51.967371944444444], [7.61208, 51.96731277777778], [7.612157777777777, 51.967295], [7.6122419444444445, 51.96727583333333], [7.612537777777778, 51.967236944444444], [7.612806944444444, 51.96722388888889], [7.613205, 51.96722694444445], [7.613262777777777, 51.96722694444445], [7.613352777777777, 51.96722888888889], [7.6137999999999995, 51.967236944444444], [7.614166944444444, 51.96724583333334], [7.614616944444444, 51.96725694444444], [7.614833888888889, 51.967261944444445], [7.615076944444444, 51.96730194444444], [7.615142777777778, 51.96726], [7.615472777777778, 51.967084722222225], [7.615685, 51.96698388888889], [7.615891944444444, 51.96688888888889], [7.61607, 51.96681777777778], [7.616292777777778, 51.96673583333334], [7.616292777777778, 51.96673583333334], [7.616292777777778, 51.96673583333334], [7.616362777777778, 51.96671083333334], [7.616586944444444, 51.96662083333334], [7.616610833333333, 51.96664388888889], [7.616586944444444, 51.96662083333334], [7.616611944444444, 51.966611944444445], [7.61667, 51.96658777777778], [7.616698888888889, 51.96657583333334], [7.61678, 51.96651583333334], [7.616976944444445, 51.966370833333336], [7.617195833333334, 51.966431944444444], [7.6172827777777785, 51.966456944444445], [7.617577777777778, 51.96653583333334], [7.61788388888889, 51.966586944444444], [7.617985000000001, 51.96659777777778], [7.618060000000001, 51.96660777777778], [7.6184408333333336, 51.966655833333334], [7.619082777777778, 51.96669583333333], [7.619315, 51.966703888888894], [7.619315, 51.966703888888894], [7.619441944444445, 51.96670777777778], [7.619665, 51.966702777777776], [7.620026944444445, 51.96668694444445], [7.620132777777778, 51.966681944444446], [7.620196944444445, 51.96667777777778], [7.621142777777778, 51.966620000000006], [7.62129, 51.966610833333334], [7.621686944444445, 51.96656194444445], [7.622260833333334, 51.966445], [7.622355833333334, 51.96642083333334], [7.622871944444445, 51.966276944444445], [7.6230850000000006, 51.96619777777778], [7.623352777777778, 51.966098888888894], [7.623587777777778, 51.966005], [7.6237369444444445, 51.965943888888894], [7.624226944444445, 51.965715], [7.624245833333334, 51.96570694444445], [7.62438, 51.96564888888889], [7.624745833333334, 51.96552194444445], [7.624972777777778, 51.96546194444445], [7.6256, 51.96534888888889], [7.62578888888889, 51.96532083333334], [7.626146944444445, 51.965290833333334], [7.6263538888888895, 51.965291944444445], [7.62651388888889, 51.96529888888889], [7.626615, 51.96530388888889], [7.626827777777779, 51.96530583333334], [7.626900000000001, 51.965305], [7.62698388888889, 51.96530083333334], [7.62698388888889, 51.96530083333334], [7.626998888888889, 51.965300000000006], [7.627080833333334, 51.965295833333336], [7.6272777777777785, 51.965265], [7.627322777777779, 51.965255000000006], [7.627342777777779, 51.965250833333336], [7.627532777777779, 51.96519194444445], [7.627875833333333, 51.965055], [7.628176944444445, 51.96492083333334], [7.628313888888889, 51.96485083333334], [7.628396944444445, 51.96479777777778], [7.628442777777778, 51.964765], [7.628441944444445, 51.964765], [7.628442777777778, 51.964765], [7.628537777777778, 51.96469694444445], [7.628650833333333, 51.96460777777778], [7.628741944444445, 51.964558888888895], [7.628901944444445, 51.96449694444445], [7.628922222222223, 51.96451888888889], [7.628901944444445, 51.96449694444445], [7.629351944444445, 51.96434083333334], [7.6295858333333335, 51.964265833333336], [7.630021944444445, 51.96414194444445], [7.6300469444444445, 51.96413583333334], [7.6302488888888895, 51.964085833333336], [7.630602777777778, 51.96397], [7.630785833333333, 51.963906944444446], [7.630785833333333, 51.963906944444446], [7.630926944444445, 51.96385888888889], [7.631095833333334, 51.96378194444445], [7.631105833333334, 51.96377777777778], [7.631207777777778, 51.963701944444445], [7.6313127777777785, 51.963592777777784], [7.631585, 51.963258888888895], [7.631760000000001, 51.963050833333334], [7.631825833333334, 51.96297388888889], [7.631953888888889, 51.96285777777778], [7.632043888888889, 51.96279277777778], [7.632418888888889, 51.96260388888889], [7.632633888888889, 51.96250194444445], [7.632852777777778, 51.962380833333334], [7.633061944444445, 51.96228083333334], [7.633276944444445, 51.962203888888894], [7.63343, 51.962138888888894], [7.633629999999999, 51.96208083333334], [7.633761944444444, 51.962045], [7.633862777777777, 51.96203083333334], [7.633996944444444, 51.96202], [7.634362777777778, 51.96201], [7.634668888888888, 51.962005000000005], [7.635097777777777, 51.96199083333334], [7.63538, 51.96194694444445], [7.63538, 51.96187694444445], [7.635372777777778, 51.961820833333334], [7.635314999999999, 51.96150194444445], [7.635236944444444, 51.961133888888895], [7.635225833333333, 51.96107888888889], [7.635191944444444, 51.96091583333334], [7.635191944444444, 51.96091583333334], [7.6351627777777775, 51.960772777777784], [7.635140833333333, 51.960665000000006], [7.63509, 51.96040888888889], [7.63509, 51.96040777777778], [7.635083888888889, 51.960368888888894], [7.635067777777778, 51.96013083333334], [7.635053888888889, 51.95997388888889], [7.635045, 51.95987277777778], [7.635034999999999, 51.95973888888889], [7.634866944444444, 51.959525], [7.634810833333333, 51.95929], [7.634804999999999, 51.95926277777778], [7.634759999999999, 51.959073888888895], [7.6345688888888885, 51.95843388888889], [7.634542777777777, 51.958350833333334], [7.634524999999999, 51.95829888888889], [7.634475833333333, 51.958126944444444], [7.634408888888888, 51.95789194444445], [7.6343, 51.957520833333334], [7.6343, 51.957520833333334], [7.634271944444444, 51.95742694444445], [7.634215833333333, 51.957245], [7.6341319444444435, 51.95706388888889], [7.633995, 51.95684888888889], [7.633892777777778, 51.956720000000004], [7.633884999999999, 51.95671388888889], [7.633783888888888, 51.95662888888889], [7.633779444444444, 51.956630555555556], [7.633783888888888, 51.95662888888889], [7.6336627777777775, 51.95652777777778], [7.6334188888888885, 51.95633083333334], [7.633295, 51.956230000000005], [7.633187777777779, 51.956145], [7.632820000000001, 51.95584388888889], [7.632750833333334, 51.95577194444445], [7.632700000000001, 51.955711944444445], [7.632503888888889, 51.955486944444445], [7.632503888888889, 51.955486944444445], [7.631985, 51.954890000000006], [7.631716944444445, 51.95458277777778], [7.631500000000001, 51.954330000000006], [7.631500833333334, 51.954330000000006], [7.631500000000001, 51.954330000000006], [7.631500833333334, 51.954330000000006], [7.631500000000001, 51.954330000000006], [7.631500833333334, 51.954330000000006], [7.631475000000001, 51.9543], [7.6314, 51.954211944444445], [7.631307777777779, 51.95410694444445], [7.631251944444445, 51.95402], [7.63126, 51.95401777777778], [7.631260555555556, 51.95401888888889], [7.63126, 51.95401777777778], [7.631251944444445, 51.95402], [7.631192777777779, 51.95391194444445], [7.6311638888888895, 51.95382], [7.631111944444445, 51.953741944444445], [7.63108888888889, 51.95369], [7.631075833333334, 51.95359777777778], [7.631075833333334, 51.95357277777778], [7.631078888888889, 51.953455000000005], [7.631087777777778, 51.95323388888889], [7.63109, 51.953185000000005], [7.631107777777778, 51.95291777777778], [7.631132777777778, 51.95200777777778], [7.631142777777778, 51.951772777777784], [7.631148888888889, 51.951735], [7.63119, 51.951566944444444], [7.631255, 51.95141277777778], [7.631267777777778, 51.95138388888889], [7.6315108333333335, 51.95102694444445], [7.6315108333333335, 51.95102694444445], [7.631495833333334, 51.95105], [7.631588888888889, 51.95091194444445], [7.631605833333333, 51.95088694444445], [7.631663888888889, 51.95079583333334], [7.631725833333334, 51.950695], [7.631785833333334, 51.95059194444445], [7.63183888888889, 51.95047277777778], [7.631872777777779, 51.95029277777778], [7.631850833333334, 51.950045833333334], [7.6318069444444445, 51.94976388888889], [7.631737777777778, 51.949465], [7.631675833333333, 51.94925277777777], [7.631662777777779, 51.949209999999994], [7.631566944444445, 51.948881944444445], [7.631530000000001, 51.948793888888886], [7.631453888888889, 51.948608888888884], [7.631305833333334, 51.94824777777777], [7.631295000000001, 51.94822194444444], [7.631265833333334, 51.94815], [7.631245833333334, 51.94806694444444], [7.63120888888889, 51.947868888888884], [7.63120888888889, 51.947868888888884], [7.631197777777778, 51.947807777777776], [7.631192777777779, 51.947782777777775], [7.631187777777778, 51.94773694444444], [7.631125833333334, 51.94722083333333], [7.631048888888889, 51.946709999999996], [7.6310400000000005, 51.94666888888889], [7.63095, 51.94631], [7.630866944444445, 51.946085], [7.6308427777777785, 51.94602083333333], [7.630703888888889, 51.94575083333333], [7.63067, 51.94570083333333], [7.630667777777778, 51.945701944444444], [7.63067, 51.94570083333333], [7.630522777777778, 51.94548583333333], [7.630350833333334, 51.94528], [7.630287777777778, 51.945208888888885], [7.629933888888889, 51.944874999999996], [7.629801944444445, 51.94475194444444], [7.629455833333334, 51.94447694444444], [7.629425833333334, 51.94449083333333], [7.629455833333334, 51.94447694444444], [7.62943, 51.94445388888889], [7.629271944444445, 51.94433194444444], [7.629205000000001, 51.94428083333333], [7.629080833333334, 51.94419388888888], [7.628688888888889, 51.943953888888885], [7.628688888888889, 51.943953888888885], [7.628716944444445, 51.94397083333333], [7.62845888888889, 51.94381277777777], [7.628165833333334, 51.943659999999994], [7.62754388888889, 51.94336694444444], [7.627280833333334, 51.94325694444444], [7.62708, 51.943167777777774], [7.627023888888889, 51.94314277777777], [7.626463888888889, 51.942859999999996], [7.626050833333334, 51.942632777777774], [7.625555833333334, 51.942359999999994], [7.62536388888889, 51.94227083333333], [7.625255, 51.94222388888888], [7.624985833333334, 51.94212694444444], [7.624985833333334, 51.94212694444444], [7.624835833333334, 51.94207583333333], [7.624820833333334, 51.94207083333333], [7.624601944444445, 51.942015], [7.624262777777778, 51.941955], [7.6240788888888895, 51.94192194444444], [7.62397888888889, 51.941905], [7.623857777777778, 51.94188888888888], [7.623692777777778, 51.941872777777775], [7.623718888888889, 51.94176777777778], [7.623735000000001, 51.94170083333333], [7.623760000000001, 51.94159777777777], [7.623942777777779, 51.94102694444444], [7.623996944444445, 51.94085888888888], [7.6240169444444446, 51.940793888888884], [7.6242, 51.94020388888889], [7.624271944444445, 51.939883888888886], [7.624311944444445, 51.93973083333333], [7.624311944444445, 51.93973083333333], [7.624335, 51.93964194444444], [7.624385833333334, 51.939429999999994], [7.6244008333333335, 51.939368888888886], [7.624421944444445, 51.93928083333333], [7.624433888888889, 51.93923083333333], [7.624605833333334, 51.93850888888888], [7.6247050000000005, 51.93811888888889], [7.624750833333334, 51.93793694444444], [7.62476, 51.93789694444444], [7.624785833333334, 51.93778388888889], [7.624825, 51.93761388888888], [7.625008888888889, 51.93687388888888], [7.6250350000000005, 51.936769999999996], [7.625070000000001, 51.93662888888888], [7.62508388888889, 51.936567777777775], [7.625111944444445, 51.93645194444444], [7.625148888888889, 51.93630583333333], [7.625190000000001, 51.936142777777775], [7.625301944444445, 51.93575499999999], [7.625381944444445, 51.93545583333333], [7.625475833333334, 51.9351], [7.625475833333334, 51.9351], [7.625518888888889, 51.93493888888889], [7.6255427777777784, 51.93484694444444], [7.625575833333333, 51.93472194444444], [7.625685000000001, 51.934309999999996], [7.6257069444444445, 51.93423277777777], [7.625741944444445, 51.93411583333333], [7.6258550000000005, 51.93373777777777], [7.626036944444445, 51.93328083333333], [7.626055833333334, 51.933231944444444], [7.626085000000001, 51.933155], [7.62625388888889, 51.93274694444444], [7.626333888888889, 51.93255], [7.626537777777778, 51.932063888888884], [7.626607777777778, 51.93190277777777], [7.626451944444445, 51.93187583333333], [7.626096944444445, 51.93181583333333], [7.625633888888889, 51.931732777777775], [7.625633888888889, 51.931732777777775], [7.625411944444445, 51.931687777777775], [7.625135, 51.93163083333333], [7.62415, 51.93138083333333], [7.623755833333334, 51.931242777777776], [7.623016944444445, 51.93094694444444], [7.622672777777778, 51.93076388888888], [7.622475833333334, 51.930654999999994], [7.621995833333334, 51.930363888888884], [7.621881944444445, 51.93024194444444], [7.62182388888889, 51.930097777777775], [7.621810000000001, 51.92995472222222], [7.62185, 51.92977888888888], [7.621965833333334, 51.92958888888889], [7.62219888888889, 51.92921277777778], [7.6223438888888895, 51.928980833333334], [7.62240888888889, 51.92888083333333], [7.62240888888889, 51.92888083333333], [7.62244, 51.92883277777778], [7.622533888888889, 51.928667777777775], [7.622817777777779, 51.92810083333333], [7.622407777777778, 51.928018888888886], [7.6217950000000005, 51.927948888888885], [7.621687777777778, 51.927928888888886], [7.621535833333334, 51.9279], [7.621335833333334, 51.92785], [7.620995000000001, 51.92769472222222], [7.620893888888889, 51.92764694444444], [7.620597777777778, 51.927515], [7.62052888888889, 51.927480833333334], [7.620421944444445, 51.92742888888888], [7.620342777777778, 51.927388888888885], [7.619831944444445, 51.92715888888889], [7.619740833333334, 51.92710888888889], [7.6196850000000005, 51.92707083333333], [7.61962, 51.92695888888888], [7.619865833333334, 51.92643277777778], [7.619900833333334, 51.92635388888888], [7.619972777777778, 51.92619694444444], [7.61999388888889, 51.92614888888889], [7.61999388888889, 51.92614888888889], [7.620070833333334, 51.92597083333333], [7.620250833333333, 51.925683888888884], [7.62028, 51.925638888888884], [7.620415833333333, 51.92548583333333], [7.620475000000001, 51.925418888888885], [7.620605, 51.92529388888889], [7.620780833333334, 51.92509277777778], [7.620856944444445, 51.92503972222222], [7.620917777777779, 51.92500888888889], [7.620985, 51.92498888888888], [7.621055, 51.924973888888886], [7.621208888888889, 51.92497583333333], [7.621540833333333, 51.92505472222222], [7.621676944444445, 51.925079999999994], [7.6218908333333335, 51.92511277777778], [7.622150833333333, 51.92513888888889], [7.622417777777779, 51.925153888888886], [7.622731944444445, 51.92515888888889], [7.623918888888889, 51.92514694444444], [7.624331944444445, 51.925147777777774], [7.624331944444445, 51.925147777777774], [7.624386944444445, 51.925147777777774], [7.624528888888889, 51.925148888888884], [7.6248869444444445, 51.92513777777778], [7.625095833333334, 51.92512194444444], [7.625472777777778, 51.92507388888889], [7.625926944444445, 51.92498888888888], [7.626565, 51.924858888888885], [7.626860000000001, 51.92481194444444], [7.62711, 51.92477972222222], [7.627575833333334, 51.92474], [7.627836944444445, 51.924727777777775], [7.628187777777779, 51.924722777777774], [7.628247777777778, 51.924818888888886], [7.628245833333334, 51.92490972222222], [7.6282419444444445, 51.92507694444444], [7.628206944444445, 51.92536083333333], [7.628243888888889, 51.92549083333333], [7.6282869444444446, 51.925573888888884], [7.628347777777778, 51.92565277777778], [7.628423888888889, 51.925713888888886], [7.628607777777778, 51.92576083333333], [7.628731944444445, 51.92577472222222], [7.628841944444445, 51.92577194444444], [7.628946944444445, 51.925755833333334], [7.629060833333334, 51.925709999999995], [7.629137777777778, 51.925662777777774], [7.629313888888889, 51.92553777777778], [7.629528888888889, 51.92502777777778], [7.629670000000001, 51.92468583333333], [7.629711944444445, 51.92458694444444], [7.629757777777778, 51.924483888888886], [7.629810000000001, 51.924371944444445], [7.630028888888889, 51.923968888888886], [7.630212777777778, 51.92357583333333], [7.630378888888889, 51.923177777777774], [7.630730000000001, 51.92234777777777], [7.631072777777778, 51.92153083333333], [7.631131944444445, 51.92135777777778], [7.631157777777778, 51.921278888888885], [7.631157777777778, 51.921278888888885], [7.631291944444445, 51.92086777777777], [7.631362777777778, 51.920561944444444], [7.631328333333334, 51.92055916666666], [7.631362777777778, 51.920561944444444], [7.631466944444445, 51.92005777777778], [7.631521944444445, 51.919732777777774], [7.631562777777778, 51.919488888888885], [7.631587777777778, 51.91934388888889], [7.631612777777779, 51.919196944444444], [7.631640833333334, 51.91902777777778], [7.631751944444445, 51.91870194444444], [7.631973888888889, 51.918163888888884], [7.6321200000000005, 51.91747888888889], [7.6321488888888895, 51.91736694444444], [7.6322069444444445, 51.91711], [7.6322069444444445, 51.91711], [7.632301944444445, 51.91669388888889], [7.632312777777778, 51.916648888888886], [7.63259388888889, 51.91544583333333], [7.632743888888889, 51.91478277777777], [7.632781944444445, 51.914588888888886], [7.632825, 51.91434583333333], [7.632876944444445, 51.91406388888889], [7.632881944444445, 51.91403583333333], [7.632881944444445, 51.91403583333333], [7.63289888888889, 51.913941944444446], [7.632927777777779, 51.91372694444444], [7.6329327777777785, 51.91361583333333], [7.632756944444445, 51.913595], [7.631943888888889, 51.913485], [7.63153388888889, 51.913401944444445], [7.63120888888889, 51.913325], [7.630863888888889, 51.91320583333333], [7.630192777777778, 51.91296583333333], [7.629825833333334, 51.91282472222222], [7.629007777777778, 51.91251277777778], [7.628626944444445, 51.912343888888884], [7.6283819444444445, 51.91220277777778], [7.62817888888889, 51.91206583333333], [7.627950833333334, 51.911876944444444], [7.627831944444445, 51.911766944444445], [7.6277477777777785, 51.91167194444444], [7.62757, 51.91144083333333], [7.6274500000000005, 51.91121777777778], [7.627140833333334, 51.910381944444445], [7.627055833333333, 51.91023388888889], [7.626851944444445, 51.90994694444444], [7.62669888888889, 51.90976083333333], [7.626626944444445, 51.90968888888889], [7.626578888888889, 51.909657777777774], [7.626490833333333, 51.90968888888889], [7.626388888888889, 51.909687777777776], [7.626342777777778, 51.90967388888889], [7.626298888888889, 51.90964972222222], [7.626268888888889, 51.909618888888886], [7.626256944444445, 51.90958388888889], [7.626261944444445, 51.909547777777775], [7.626285, 51.90951472222222], [7.626231944444445, 51.90948888888889], [7.625970000000001, 51.909355], [7.625773888888889, 51.90922694444444], [7.625543888888889, 51.909053888888884], [7.625356944444445, 51.90888472222222], [7.625266944444445, 51.90877888888889], [7.625132777777778, 51.908583888888884], [7.625070000000001, 51.90846], [7.625070000000001, 51.90846], [7.6249938888888895, 51.90831083333333], [7.624865000000001, 51.90795083333333], [7.624841944444445, 51.90787472222222], [7.624807777777778, 51.90774], [7.6247919444444445, 51.907644999999995], [7.624718888888889, 51.90720777777778], [7.624703888888889, 51.906931944444445], [7.624703888888889, 51.906280833333334], [7.6247058333333335, 51.906214999999996], [7.624706944444445, 51.90615888888889], [7.62471, 51.90607], [7.624737777777778, 51.905808888888885], [7.624737777777778, 51.905808888888885], [7.624746944444445, 51.905718888888885], [7.62475388888889, 51.90565888888889], [7.6247750000000005, 51.90546888888889], [7.624805833333334, 51.90530888888889], [7.624935000000001, 51.90488583333333], [7.625123888888889, 51.90444083333333], [7.6251427777777785, 51.904401944444444], [7.62525, 51.90417], [7.625400000000001, 51.903842777777776], [7.625456944444445, 51.90367], [7.625507777777778, 51.90349583333333], [7.625511944444445, 51.903484999999996], [7.625562777777779, 51.90330083333333], [7.625562777777779, 51.90330083333333], [7.625610000000001, 51.903082777777776], [7.6256208333333335, 51.90259472222222], [7.6256208333333335, 51.902583888888884], [7.625617777777778, 51.902505], [7.625606944444445, 51.90239388888889], [7.625596944444445, 51.90229083333333], [7.625561944444445, 51.901982777777775], [7.62552888888889, 51.901867777777774], [7.625400000000001, 51.901495], [7.625295833333333, 51.90128], [7.625256944444445, 51.901215], [7.625020833333334, 51.90082694444445], [7.624760833333334, 51.90049194444444], [7.62461388888889, 51.900328888888886], [7.624585000000001, 51.90029777777777], [7.624528888888889, 51.900237777777775], [7.624433888888889, 51.900127777777776], [7.6242608333333335, 51.89993], [7.6242608333333335, 51.89993], [7.624208888888889, 51.89987], [7.623895833333334, 51.89951277777778], [7.6235558333333335, 51.899116944444444], [7.623202777777778, 51.89879694444444], [7.623123888888889, 51.89873], [7.62292388888889, 51.898557777777775], [7.622820000000001, 51.898423888888885], [7.622786944444445, 51.89835], [7.622767777777778, 51.898265], [7.622775000000001, 51.89816277777778], [7.62280888888889, 51.89806194444444], [7.62282888888889, 51.89798888888889], [7.622766944444445, 51.89797083333333], [7.622716944444445, 51.89794083333333], [7.622680833333334, 51.897895], [7.622675833333334, 51.897845833333335], [7.6226938888888895, 51.89780472222222], [7.622730000000001, 51.89777194444444], [7.622795833333334, 51.89774194444444], [7.622868888888889, 51.89773], [7.6229450000000005, 51.89773388888889], [7.623010000000001, 51.897751944444444], [7.623062777777778, 51.89778388888889], [7.623095833333334, 51.897826944444446], [7.6231019444444446, 51.897875], [7.623080833333334, 51.89792], [7.623200000000001, 51.897952777777775], [7.624070833333334, 51.898155], [7.624070833333334, 51.898155], [7.624573888888889, 51.89827277777778], [7.625115833333334, 51.89839888888889], [7.6251508333333335, 51.898406944444446], [7.625660833333334, 51.89851888888889], [7.626800833333334, 51.89877583333333], [7.627065000000001, 51.89883888888889], [7.627315, 51.898894999999996], [7.627577777777779, 51.89895194444444], [7.62858, 51.89916777777778], [7.62858, 51.89916777777778], [7.629020000000001, 51.89926277777778], [7.630583888888889, 51.89960388888889], [7.631021944444445, 51.8997], [7.631490833333334, 51.899807777777774], [7.631718888888889, 51.899857777777775], [7.631935833333333, 51.899906944444446], [7.631935833333333, 51.899906944444446], [7.631957777777778, 51.89991194444445], [7.6326, 51.90004972222222], [7.633687777777777, 51.90028083333333], [7.634237777777777, 51.90042888888889], [7.634793888888888, 51.90058888888889], [7.634939999999999, 51.90064388888889], [7.635014999999999, 51.90068083333333], [7.63517, 51.90075888888889], [7.635369999999999, 51.90086083333333], [7.635369999999999, 51.90086083333333], [7.635523888888889, 51.90094083333333], [7.635706944444444, 51.901046944444445], [7.6365, 51.90151777777778], [7.637261944444444, 51.901961944444444], [7.637298888888888, 51.901984999999996], [7.637781944444444, 51.90227194444444], [7.637915, 51.90234888888889], [7.637951944444444, 51.90237083333333], [7.638031944444444, 51.90241694444444], [7.638147777777777, 51.902481944444446], [7.638262777777777, 51.90253388888889], [7.638332777777777, 51.902563888888885], [7.638435833333332, 51.902607777777774], [7.638800833333333, 51.902746944444445], [7.638940833333333, 51.90280083333333], [7.639320833333333, 51.902946944444444], [7.639379999999999, 51.902968888888886], [7.639449999999999, 51.902995], [7.639515833333333, 51.90301888888889], [7.6396049999999995, 51.90305277777777], [7.6396049999999995, 51.90305277777777], [7.639633888888889, 51.90306277777778], [7.639773888888889, 51.903115], [7.640080833333333, 51.90322888888889], [7.640126944444444, 51.90324583333333], [7.64037, 51.90333583333333], [7.640463888888888, 51.90336583333333], [7.641047777777778, 51.90356777777777], [7.641399999999999, 51.903683888888885], [7.641769999999999, 51.903773888888885], [7.641770833333333, 51.903772499999995], [7.641769999999999, 51.903773888888885], [7.641898888888888, 51.90380583333333], [7.6420699999999995, 51.90384472222222], [7.642292777777778, 51.903886944444444], [7.643218888888889, 51.904020833333334], [7.643786944444444, 51.90409277777778], [7.644216944444444, 51.90415], [7.644446944444444, 51.904176944444444], [7.644494999999999, 51.90418277777778], [7.644793888888889, 51.904217777777774], [7.644793888888889, 51.904217777777774], [7.6448069444444435, 51.904219999999995], [7.64502, 51.90424194444444], [7.645205833333333, 51.90426083333333], [7.645271944444444, 51.904267777777775], [7.6456888888888885, 51.904313888888886], [7.645700833333333, 51.904315], [7.646160833333333, 51.90437194444444], [7.647173888888888, 51.90449472222222], [7.647592777777778, 51.90454277777778], [7.648091944444444, 51.9046], [7.648235833333333, 51.90461083333333], [7.649143888888888, 51.90471888888889], [7.6493199999999995, 51.90474388888889], [7.6499427777777775, 51.90483972222222], [7.650025, 51.904852777777776], [7.650157777777778, 51.904872777777776], [7.650397777777778, 51.90491083333333], [7.6504119444444445, 51.904912777777774], [7.6504119444444445, 51.904912777777774], [7.650512777777778, 51.90492888888889], [7.650525, 51.90493083333333], [7.650611944444445, 51.904945], [7.650760833333334, 51.90497388888889], [7.650991944444445, 51.905015], [7.6510677777777785, 51.90503694444444], [7.6510750000000005, 51.90503777777778], [7.651316944444445, 51.905121944444446], [7.6513727777777785, 51.90498777777778], [7.651407777777778, 51.904892777777775], [7.651467777777778, 51.904625833333334], [7.65157, 51.90421583333333], [7.651587777777778, 51.90415083333333], [7.651601944444445, 51.90409694444444], [7.651642777777778, 51.90396888888889], [7.651775833333334, 51.90356083333333], [7.6518088888888895, 51.903458888888885], [7.651895833333334, 51.903481944444444], [7.652892777777778, 51.903685833333334], [7.653165, 51.90374194444444], [7.653407777777778, 51.90379083333333], [7.6540477777777784, 51.903927777777774], [7.654031944444445, 51.903956944444445], [7.653948888888889, 51.90409888888889], [7.653895833333333, 51.90418583333333], [7.653865000000001, 51.90423694444444], [7.653840000000001, 51.90427888888889], [7.6538200000000005, 51.90430694444444], [7.653736944444445, 51.904448888888886], [7.653730833333333, 51.90445777777778], [7.653702777777778, 51.90450388888889], [7.6538038888888895, 51.90456694444444], [7.6538577777777785, 51.904624999999996], [7.653844722222223, 51.904738888888886], [7.653751944444445, 51.904921944444446], [7.653661944444445, 51.90508888888889], [7.6536269444444445, 51.905119722222224]]}}, {"type": "Feature", "properties": {"route_id": "6", "name": "6", "color": "#762282", "label_lon": 7.63509, "label_lat": 51.96040888888889}, "geometry": {"type": "LineString", "coordinates": [[7.604225, 51.99707388888889], [7.604197777777777, 51.99707194444444], [7.603741944444444, 51.99704], [7.603493888888888, 51.99702888888889], [7.603205, 51.997012777777776], [7.60267, 51.99697888888889], [7.602383888888888, 51.99696194444444], [7.602095833333333, 51.99695583333333], [7.60199, 51.996955], [7.601299999999999, 51.996925], [7.600314999999999, 51.996935], [7.600266944444444, 51.99693388888889], [7.600167777777777, 51.99693194444445], [7.600147777777777, 51.996986944444444], [7.6000877777777776, 51.99702888888889], [7.6, 51.99704777777778], [7.599934999999999, 51.99704583333333], [7.59988, 51.99703], [7.599833888888889, 51.99700388888889], [7.599796944444444, 51.996942777777775], [7.599811944444444, 51.99689], [7.599821388888889, 51.99689305555555], [7.599811944444444, 51.99689], [7.599826944444444, 51.99687194444444], [7.599887777777777, 51.996835833333336], [7.599951944444444, 51.99682194444445], [7.6000427777777775, 51.99682694444444], [7.600107777777778, 51.99685], [7.600150833333333, 51.99688777777778], [7.600167777777777, 51.99693194444445], [7.600266944444444, 51.99693388888889], [7.600314999999999, 51.996935], [7.601299999999999, 51.996925], [7.60199, 51.996955], [7.602095833333333, 51.99695583333333], [7.602383888888888, 51.99696194444444], [7.60267, 51.99697888888889], [7.6027788888888885, 51.99698583333333], [7.6027788888888885, 51.99698583333333], [7.602953888888888, 51.99699694444445], [7.603205, 51.997012777777776], [7.603493888888888, 51.99702888888889], [7.603741944444444, 51.99704], [7.604197777777777, 51.99707194444444], [7.604550833333333, 51.9971], [7.60518, 51.99714083333333], [7.605496944444444, 51.997146944444445], [7.605580833333333, 51.997146944444445], [7.605840833333333, 51.997155], [7.605865833333333, 51.99715583333334], [7.606065, 51.997165833333334], [7.606485833333333, 51.99719888888889], [7.606896944444444, 51.99724888888889], [7.607615, 51.99737888888889], [7.607850833333333, 51.99742583333333], [7.608156944444444, 51.997485833333336], [7.608405833333333, 51.997530833333336], [7.608405833333333, 51.997530833333336], [7.608475833333333, 51.99754388888889], [7.609254999999999, 51.997685833333335], [7.609882777777777, 51.99777388888889], [7.610550833333333, 51.99785694444444], [7.611120833333333, 51.99790888888889], [7.6115949999999994, 51.99794], [7.611642777777777, 51.99794], [7.611791944444444, 51.99794194444445], [7.611916944444444, 51.99793888888889], [7.612256944444444, 51.997915], [7.61231, 51.997910833333336], [7.612352777777778, 51.997905833333334], [7.612435, 51.99789694444445], [7.612435, 51.99789694444445], [7.612509999999999, 51.99788888888889], [7.613211944444444, 51.99781277777778], [7.6132358333333325, 51.99781], [7.613355833333333, 51.99779388888889], [7.61332, 51.99764583333334], [7.613247777777778, 51.99737777777778], [7.6132349999999995, 51.99733], [7.612967777777778, 51.99632777777778], [7.612959999999999, 51.9963], [7.612950833333333, 51.996265], [7.612872777777778, 51.99597194444445], [7.612872777777778, 51.99597194444445], [7.612821944444444, 51.99577888888889], [7.612810833333333, 51.995735833333335], [7.612496944444444, 51.99453583333334], [7.612485833333333, 51.994482777777776], [7.612453888888888, 51.99431277777778], [7.612260833333333, 51.99360194444444], [7.612240833333333, 51.99353777777778], [7.612212777777778, 51.99344888888889], [7.612365833333333, 51.993435], [7.6124769444444444, 51.99342388888889], [7.612573888888889, 51.993415], [7.6133058333333326, 51.993340833333335], [7.613351944444444, 51.99333583333333], [7.613833888888888, 51.99328694444444], [7.613866944444444, 51.99328388888889], [7.6145088888888885, 51.99324583333333], [7.61477, 51.993235], [7.615285833333333, 51.99321194444445], [7.615787777777777, 51.993185833333335], [7.616161944444444, 51.993165], [7.616161944444444, 51.99316694444445], [7.616382777777777, 51.99315583333333], [7.616160833333333, 51.99316694444445], [7.616745000000001, 51.993137777777775], [7.617225, 51.99310388888889], [7.617302777777779, 51.99309888888889], [7.6174558333333335, 51.99308777777778], [7.617811944444445, 51.99307388888889], [7.618368888888889, 51.99306888888889], [7.619611944444445, 51.99315277777778], [7.620015833333333, 51.993205833333334], [7.620015833333333, 51.993205833333334], [7.6201927777777785, 51.993230000000004], [7.620195000000001, 51.993180833333334], [7.6201927777777785, 51.993230000000004], [7.620868888888889, 51.99335888888889], [7.621607777777778, 51.99351583333333], [7.621735, 51.99355083333334], [7.621706944444445, 51.993587777777776], [7.621735, 51.99355083333334], [7.62186888888889, 51.993590833333336], [7.622011944444445, 51.99363388888889], [7.622073888888889, 51.99365], [7.6222488888888895, 51.99368888888889], [7.624677777777778, 51.994121944444444], [7.624831944444445, 51.99416277777778], [7.624987777777778, 51.99423], [7.625821944444445, 51.994615], [7.626227777777778, 51.9948], [7.626750833333333, 51.995040833333334], [7.627110833333334, 51.99520888888889], [7.627843888888889, 51.99554583333333], [7.629120833333334, 51.99613194444444], [7.629312777777778, 51.996201944444444], [7.62947, 51.99624583333333], [7.629526944444445, 51.99624888888889], [7.629590833333334, 51.99624277777778], [7.629706944444445, 51.996205833333335], [7.629821944444445, 51.996155], [7.63026888888889, 51.995892777777776], [7.63050388888889, 51.99577083333333], [7.630662777777778, 51.99572694444444], [7.6317038888888895, 51.99563388888889], [7.6320088888888895, 51.99560888888889], [7.632216944444445, 51.99558277777778], [7.6332619444444445, 51.995422777777776], [7.633920833333333, 51.99532388888889], [7.634700833333333, 51.995205], [7.634700833333333, 51.995205], [7.634913888888889, 51.995171944444444], [7.635242777777777, 51.99512277777778], [7.635690833333332, 51.99505694444444], [7.636330833333333, 51.994965], [7.6367908333333325, 51.99491388888889], [7.637198888888888, 51.99486388888889], [7.637613888888889, 51.99479777777778], [7.637867777777777, 51.994751944444445], [7.638107777777777, 51.99469888888889], [7.638276944444444, 51.99464694444445], [7.638592777777777, 51.99451694444445], [7.638719999999999, 51.99445194444444], [7.638815833333333, 51.994395000000004], [7.639055, 51.994211944444444], [7.639235833333333, 51.99407277777778], [7.639357777777778, 51.99418277777778], [7.639505, 51.994305833333335], [7.6396299999999995, 51.99441888888889], [7.639752777777777, 51.99455388888889], [7.639805833333333, 51.99461277777778], [7.639895833333333, 51.99470888888889], [7.640155833333333, 51.994930000000004], [7.640160833333333, 51.99493388888889], [7.640160833333333, 51.99493388888889], [7.640686944444444, 51.99536777777778], [7.640865833333333, 51.99551777777778], [7.641398888888888, 51.995937777777776], [7.641616944444444, 51.996116944444445], [7.642054999999999, 51.99646694444444], [7.642176944444444, 51.996565000000004], [7.642291944444444, 51.99665777777778], [7.642291944444444, 51.99665777777778], [7.642418888888888, 51.99675888888889], [7.642685833333333, 51.99697388888889], [7.643059999999999, 51.99726388888889], [7.6431949999999995, 51.99723388888889], [7.643678888888888, 51.99718388888889], [7.6441799999999995, 51.997185], [7.644695833333333, 51.99723083333333], [7.644861944444444, 51.99723888888889], [7.645088888888888, 51.997255833333334], [7.645275, 51.99726888888889], [7.645759999999999, 51.99729194444445], [7.646361944444444, 51.99732], [7.646397777777778, 51.99732083333333], [7.646805833333333, 51.99733], [7.646805833333333, 51.99733], [7.647002777777777, 51.99733388888889], [7.647093888888889, 51.99733583333333], [7.64793, 51.99736], [7.648245833333333, 51.99739888888889], [7.648513888888888, 51.99744888888889], [7.648743888888888, 51.997505833333335], [7.648966944444444, 51.99757777777778], [7.649711944444444, 51.99789083333334], [7.649771944444444, 51.99791277777778], [7.650040833333334, 51.99802388888889], [7.650086944444444, 51.998041944444445], [7.6502558333333335, 51.998085], [7.650475, 51.99809777777778], [7.650673888888889, 51.998085], [7.650906944444444, 51.99802777777778], [7.651117777777778, 51.997935], [7.651550833333333, 51.99765083333333], [7.651550833333333, 51.99765083333333], [7.651691944444445, 51.99754277777778], [7.652200833333334, 51.99709194444444], [7.6524277777777785, 51.996897777777775], [7.652565, 51.99676277777778], [7.652760833333334, 51.99654388888889], [7.6529758333333335, 51.99626888888889], [7.65317, 51.996015], [7.653228888888889, 51.995956944444444], [7.653347777777778, 51.99588], [7.653465833333334, 51.995825], [7.6535400000000005, 51.995800833333334], [7.653431944444445, 51.99566083333333], [7.6533919444444445, 51.995565], [7.653380833333333, 51.99546388888889], [7.653431944444445, 51.99511888888889], [7.653447777777778, 51.994866944444446], [7.653450833333333, 51.99482694444445], [7.653452777777778, 51.99478277777778], [7.653436944444445, 51.99449777777778], [7.653436944444445, 51.99449777777778], [7.653408888888889, 51.99438], [7.653370833333334, 51.994255], [7.653313888888889, 51.99413777777778], [7.653152777777778, 51.99391277777778], [7.652922777777778, 51.993676944444445], [7.652795, 51.99358], [7.652596944444444, 51.99346194444445], [7.652382777777778, 51.99335583333333], [7.652108888888889, 51.99325], [7.651930833333334, 51.993195], [7.651690833333333, 51.99313388888889], [7.651331944444445, 51.99307777777778], [7.651088888888889, 51.99305777777778], [7.650586944444445, 51.993035], [7.6504900000000005, 51.993031944444446], [7.649883888888889, 51.99301388888889], [7.649245833333333, 51.992981944444445], [7.648781944444444, 51.99295277777778], [7.648782777777777, 51.99294833333333], [7.648781944444444, 51.99295277777778], [7.648576944444444, 51.99294583333334], [7.648332777777777, 51.992937777777776], [7.648339999999999, 51.99281388888889], [7.648313888888889, 51.99257583333333], [7.648312777777777, 51.99256888888889], [7.648312777777777, 51.99256888888889], [7.648303888888888, 51.99247583333334], [7.648296111111111, 51.99247638888889], [7.648303888888888, 51.99247583333334], [7.648248888888888, 51.99192083333333], [7.648230833333333, 51.99117777777778], [7.6482149999999995, 51.99041777777778], [7.648203888888888, 51.98996888888889], [7.648200833333333, 51.989850833333335], [7.648200833333333, 51.989850833333335], [7.648197777777777, 51.98971777777778], [7.648196944444444, 51.98971777777778], [7.648197777777777, 51.98971777777778], [7.648196944444444, 51.98971], [7.648180833333333, 51.98936277777778], [7.648135833333333, 51.98893388888889], [7.648062777777778, 51.98852083333333], [7.647960833333332, 51.98814194444444], [7.6479, 51.98793777777778], [7.647870833333333, 51.98785388888889], [7.647851944444444, 51.98779777777778], [7.647842777777777, 51.98777], [7.647748888888889, 51.987495], [7.647748888888889, 51.98749388888889], [7.647748888888889, 51.98749388888889], [7.647351944444444, 51.98638388888889], [7.647118888888889, 51.985695], [7.647085, 51.985595833333335], [7.646426944444444, 51.98363194444445], [7.6463158333333325, 51.983315833333336], [7.646206944444444, 51.983004722222226], [7.646173888888889, 51.98291277777778], [7.646148888888888, 51.982845833333336], [7.646113888888888, 51.98274694444444], [7.646021944444444, 51.98255694444445], [7.646021944444444, 51.98255694444445], [7.645975, 51.98245888888889], [7.645784999999999, 51.98211277777778], [7.645436944444444, 51.981568888888894], [7.644926944444444, 51.98077], [7.644826944444444, 51.98061583333334], [7.644738888888888, 51.980465833333334], [7.644668888888888, 51.98034888888889], [7.644627777777777, 51.980290000000004], [7.644523888888888, 51.980130833333334], [7.644523888888888, 51.980130833333334], [7.644435833333333, 51.979996944444444], [7.644416944444444, 51.97996777777778], [7.644221944444444, 51.979525], [7.643950833333333, 51.978970833333335], [7.643873888888889, 51.97884277777778], [7.643613888888888, 51.97848583333334], [7.643490833333333, 51.978344722222225], [7.643272777777777, 51.97812888888889], [7.643255833333333, 51.97811388888889], [7.642833888888888, 51.97776388888889], [7.642785, 51.97772777777778], [7.642667777777778, 51.97763694444445], [7.642571944444444, 51.97756277777778], [7.642355833333333, 51.97739583333333], [7.642013888888888, 51.977105], [7.641878888888888, 51.97699], [7.641841944444444, 51.97695888888889], [7.641841944444444, 51.97695888888889], [7.641540833333333, 51.976710833333335], [7.641467777777777, 51.97665083333334], [7.641335833333333, 51.97654472222222], [7.6411558333333325, 51.97640083333334], [7.640846944444444, 51.97615888888889], [7.640669999999999, 51.97598388888889], [7.640160833333333, 51.97560277777778], [7.64016, 51.97560277777778], [7.640160833333333, 51.97560277777778], [7.640092777777777, 51.97555277777778], [7.639850833333333, 51.975335], [7.639711944444444, 51.97519277777778], [7.639587777777777, 51.97507888888889], [7.639463888888889, 51.974873888888894], [7.639240833333333, 51.974649722222225], [7.638983888888888, 51.97441194444445], [7.638893888888888, 51.97435083333333], [7.638893888888888, 51.97435083333333], [7.638830277777777, 51.97438638888889], [7.638893888888888, 51.97435083333333], [7.638703888888888, 51.974221944444444], [7.638543888888888, 51.97412694444445], [7.638254999999999, 51.97398277777778], [7.637823888888889, 51.97380777777778], [7.637385833333333, 51.97367694444445], [7.636988888888888, 51.97359194444444], [7.636655833333333, 51.973553888888894], [7.636517777777778, 51.97352388888889], [7.636416944444444, 51.97340972222222], [7.636413888888889, 51.973399722222226], [7.636402777777778, 51.97335277777778], [7.636378888888888, 51.973195833333335], [7.636301944444444, 51.97283277777778], [7.6362508333333325, 51.97264777777778], [7.636228888888889, 51.97256083333333], [7.636207777777777, 51.97248777777778], [7.636176944444444, 51.97239777777778], [7.6361358333333325, 51.972295], [7.636058888888888, 51.97210583333334], [7.636064999999999, 51.97202583333333], [7.636028888888888, 51.971963888888894], [7.635950833333333, 51.97185277777778], [7.635950833333333, 51.97185277777778], [7.635798888888888, 51.971646944444444], [7.635378888888888, 51.97112388888889], [7.634836944444444, 51.97057888888889], [7.6347258333333325, 51.970465000000004], [7.634570833333333, 51.970306944444445], [7.634570833333333, 51.970306944444445], [7.6345149999999995, 51.97024888888889], [7.634264999999999, 51.969993888888894], [7.634212777777777, 51.96994083333333], [7.634083888888888, 51.96981], [7.633961944444444, 51.96968777777778], [7.633496944444444, 51.96921583333334], [7.633450833333333, 51.96915888888889], [7.633338888888888, 51.969006944444445], [7.633236944444445, 51.96881388888889], [7.633145000000001, 51.96861083333334], [7.633111944444445, 51.96835472222222], [7.633102777777778, 51.968135833333335], [7.633126944444445, 51.96803777777778], [7.63318, 51.967935000000004], [7.633258888888889, 51.96780888888889], [7.633296944444445, 51.96775388888889], [7.633368888888889, 51.96765], [7.633543888888888, 51.967376944444446], [7.633609999999999, 51.96727388888889], [7.633913888888888, 51.966793888888894], [7.634007777777778, 51.96664388888889], [7.634167777777777, 51.96639583333334], [7.634222777777778, 51.96631194444445], [7.634214999999999, 51.96622777777778], [7.634186944444444, 51.96593888888889], [7.634186944444444, 51.96593888888889], [7.634182777777777, 51.96590388888889], [7.634178888888888, 51.965855833333336], [7.6341777777777775, 51.965851944444445], [7.6341777777777775, 51.965765000000005], [7.634194999999999, 51.96570194444445], [7.634238888888889, 51.96562777777778], [7.634284999999999, 51.96550277777778], [7.634433888888888, 51.965092777777784], [7.6346227777777775, 51.96454694444445], [7.634986944444444, 51.963520833333334], [7.635185833333333, 51.96299888888889], [7.635280833333333, 51.96270583333334], [7.635353888888888, 51.96240777777778], [7.635376944444444, 51.962113888888894], [7.635378888888888, 51.962048888888894], [7.63538, 51.96194694444445], [7.63538, 51.96187694444445], [7.635372777777778, 51.961820833333334], [7.635314999999999, 51.96150194444445], [7.635236944444444, 51.961133888888895], [7.635225833333333, 51.96107888888889], [7.635191944444444, 51.96091583333334], [7.635191944444444, 51.96091583333334], [7.6351627777777775, 51.960772777777784], [7.635140833333333, 51.960665000000006], [7.63509, 51.96040888888889], [7.63509, 51.96040777777778], [7.635083888888889, 51.960368888888894], [7.635067777777778, 51.96013083333334], [7.635053888888889, 51.95997388888889], [7.635045, 51.95987277777778], [7.635034999999999, 51.95973888888889], [7.634866944444444, 51.959525], [7.634810833333333, 51.95929], [7.634804999999999, 51.95926277777778], [7.634759999999999, 51.959073888888895], [7.6345688888888885, 51.95843388888889], [7.634542777777777, 51.958350833333334], [7.634524999999999, 51.95829888888889], [7.634475833333333, 51.958126944444444], [7.634408888888888, 51.95789194444445], [7.634271944444444, 51.95742694444445], [7.634215833333333, 51.957245], [7.6341319444444435, 51.95706388888889], [7.633995, 51.95684888888889], [7.633892777777778, 51.956720000000004], [7.633783888888888, 51.95662888888889], [7.633779444444444, 51.956630555555556], [7.633783888888888, 51.95662888888889], [7.6336627777777775, 51.95652777777778], [7.6334188888888885, 51.95633083333334], [7.633342777777777, 51.95626888888889], [7.633342777777777, 51.95626888888889], [7.633295, 51.956230000000005], [7.633187777777779, 51.956145], [7.632820000000001, 51.95584388888889], [7.632750833333334, 51.95577194444445], [7.632700000000001, 51.955711944444445], [7.632503888888889, 51.955486944444445], [7.631985, 51.954890000000006], [7.631716944444445, 51.95458277777778], [7.631500000000001, 51.954330000000006], [7.631500833333334, 51.954330000000006], [7.631500000000001, 51.954330000000006], [7.631500833333334, 51.954330000000006], [7.6314, 51.954211944444445], [7.631307777777779, 51.95410694444445], [7.631251944444445, 51.95402], [7.63126, 51.95401777777778], [7.631260555555556, 51.95401888888889], [7.63126, 51.95401777777778], [7.631405000000001, 51.953985], [7.631490833333334, 51.953965000000004], [7.631831944444445, 51.95388694444445], [7.632176944444445, 51.95381777777778], [7.632366944444445, 51.95378], [7.632365277777779, 51.95377583333334], [7.632366944444445, 51.95378], [7.6324627777777785, 51.953760833333334], [7.632492777777778, 51.953755], [7.632490000000001, 51.95375], [7.632492777777778, 51.953755], [7.632630000000001, 51.95372583333334], [7.632776944444445, 51.953680000000006], [7.633050000000001, 51.95355583333333], [7.633742777777777, 51.95315277777778], [7.633852777777777, 51.95310083333334], [7.633968888888888, 51.953072777777784], [7.634283888888889, 51.95304388888889], [7.634386944444444, 51.95303388888889], [7.635217777777777, 51.95294277777778], [7.635859999999999, 51.95288083333334], [7.635977777777777, 51.952875000000006], [7.6361027777777775, 51.95287694444445], [7.636103333333333, 51.952870833333336], [7.6361027777777775, 51.95287694444445], [7.635977777777777, 51.952875000000006], [7.635859999999999, 51.95288083333334], [7.635079999999999, 51.95295777777778], [7.635859999999999, 51.95288083333334], [7.635977777777777, 51.952875000000006], [7.636165833333333, 51.952805833333336], [7.636245, 51.952765], [7.636273888888889, 51.952745], [7.6363199999999996, 51.95270888888889], [7.636371944444444, 51.952648888888895], [7.636375833333333, 51.95258583333334], [7.636349999999999, 51.95244277777778], [7.636290833333333, 51.952290000000005], [7.636236944444444, 51.95214694444445], [7.6361727777777775, 51.95199083333333], [7.636080833333333, 51.95174888888889], [7.636080833333333, 51.95174888888889], [7.635981944444444, 51.95176333333334], [7.636080833333333, 51.95174888888889], [7.636069999999999, 51.951675], [7.636064444444444, 51.95167416666667], [7.636069999999999, 51.951675], [7.636064444444444, 51.95167416666667], [7.636069999999999, 51.951675], [7.636081944444444, 51.95163277777778], [7.636113888888889, 51.951570833333335], [7.636304999999999, 51.95140194444445], [7.636648888888889, 51.95112277777778], [7.636794999999999, 51.95100277777778], [7.636886944444444, 51.95092694444445], [7.636905833333333, 51.95086694444445], [7.636905, 51.95086694444445], [7.636905833333333, 51.95086694444445], [7.636917777777778, 51.95082888888889], [7.636963888888888, 51.95076777777778], [7.637031944444444, 51.95066583333334], [7.637115, 51.95055388888889], [7.63718, 51.950491944444444], [7.637382777777777, 51.950343888888895], [7.637381944444444, 51.950343888888895], [7.637828888888889, 51.95001694444445], [7.637899999999999, 51.949965], [7.637992777777777, 51.94989694444444], [7.638145, 51.94978194444444], [7.638590833333333, 51.949437777777774], [7.638826944444444, 51.949283888888885], [7.639303888888889, 51.949032777777774], [7.639423888888889, 51.94897083333333], [7.639470833333333, 51.94895083333333], [7.639470833333333, 51.94895083333333], [7.639761944444444, 51.94883583333333], [7.639978888888888, 51.94875], [7.640132777777778, 51.94869083333333], [7.640266944444444, 51.94864], [7.6405449999999995, 51.948521944444444], [7.640713888888889, 51.94844194444444], [7.641355833333333, 51.94809583333333], [7.641463888888889, 51.94803388888889], [7.641525, 51.94799694444444], [7.641580833333333, 51.947962777777775], [7.641985833333333, 51.947717777777775], [7.642225833333333, 51.94756777777778], [7.643548888888889, 51.94673888888889], [7.643705, 51.94663694444444], [7.6441027777777775, 51.94637694444444], [7.644300833333332, 51.94624694444444], [7.64441, 51.946175], [7.644665, 51.94598777777777], [7.64483, 51.94584583333333], [7.645021944444444, 51.945665], [7.645022777777777, 51.945665], [7.645021944444444, 51.945665], [7.6451658333333326, 51.94551583333333], [7.6451658333333326, 51.94551583333333], [7.645422777777777, 51.945249999999994], [7.645552777777778, 51.945114999999994], [7.6457219444444435, 51.944939999999995], [7.645880833333333, 51.94478583333333], [7.646713888888889, 51.94395194444444], [7.646796944444444, 51.943862777777774], [7.647116944444444, 51.94354499999999], [7.6472, 51.94345583333333], [7.647385, 51.94323694444444], [7.647583888888889, 51.94303277777777], [7.6479888888888885, 51.942587777777774], [7.648220833333333, 51.94235277777778], [7.648927777777777, 51.941795], [7.649606944444444, 51.941338888888886], [7.649718888888889, 51.94126583333333], [7.649877777777777, 51.941159999999996], [7.649965833333333, 51.94109777777778], [7.650575833333334, 51.94069277777778], [7.650585833333333, 51.94068583333333], [7.650585833333333, 51.94068583333333], [7.650635833333333, 51.94065277777777], [7.650775, 51.94056], [7.651241944444445, 51.94025277777777], [7.651386944444445, 51.940147777777774], [7.6514177777777785, 51.940124999999995], [7.651572777777778, 51.940012777777774], [7.652123888888889, 51.93951777777777], [7.65238, 51.93930777777778], [7.652995000000001, 51.93885888888889], [7.653036944444445, 51.938828888888885], [7.653186944444445, 51.93872083333333], [7.65330888888889, 51.938644999999994], [7.6538288888888895, 51.9383], [7.6538288888888895, 51.9383], [7.653965, 51.93820888888889], [7.6554569444444445, 51.93721583333333], [7.6556758333333335, 51.93707], [7.6556758333333335, 51.93707], [7.655810000000001, 51.93698083333333], [7.656536944444444, 51.93649694444444], [7.656640833333333, 51.93642583333333], [7.658060833333334, 51.93549194444444], [7.658205833333334, 51.93539194444444], [7.658835000000001, 51.934937777777776], [7.6590919444444445, 51.93475194444444], [7.659391944444445, 51.93454277777777], [7.659485, 51.93447694444444], [7.659611944444444, 51.93438694444444], [7.659702777777778, 51.93432194444444], [7.659971944444445, 51.934129999999996], [7.660362777777778, 51.933885], [7.660607777777778, 51.93373194444444], [7.66113, 51.93340499999999], [7.6612188888888895, 51.93334888888889], [7.661221944444445, 51.933346944444445], [7.661221944444445, 51.933346944444445], [7.661363888888889, 51.93325472222222], [7.661362777777778, 51.93325472222222], [7.661363888888889, 51.93325472222222], [7.662575, 51.932471944444444], [7.6627350000000005, 51.93236888888889], [7.663465833333333, 51.93188194444444], [7.6639550000000005, 51.93151694444444], [7.664683888888889, 51.93094083333333], [7.6647138888888895, 51.930915], [7.664838888888889, 51.93080888888888], [7.665000833333334, 51.930661944444445], [7.665401944444445, 51.930346944444445], [7.665401944444445, 51.930346944444445], [7.6655219444444445, 51.930252777777774], [7.6655219444444445, 51.930252777777774], [7.665973888888889, 51.929897777777775], [7.666367777777778, 51.92954888888889], [7.666483888888889, 51.92944472222222], [7.666483888888889, 51.92944472222222], [7.666503888888889, 51.929427777777775], [7.666995833333334, 51.92895472222222], [7.66706, 51.928888888888885], [7.667070000000001, 51.92887888888889], [7.667070000000001, 51.92887888888889], [7.6673350000000005, 51.928602777777776], [7.667361944444445, 51.928573888888884], [7.667362777777778, 51.928573888888884], [7.667361944444445, 51.928573888888884], [7.667393888888889, 51.92854083333333], [7.667403888888889, 51.928529999999995], [7.6674050000000005, 51.928529999999995], [7.667403888888889, 51.928529999999995], [7.66750388888889, 51.92842388888889], [7.667555833333334, 51.92836694444444], [7.667588888888889, 51.928330833333334], [7.667601944444445, 51.92831777777778], [7.667716944444445, 51.92820194444444], [7.66828, 51.92764083333333], [7.668280833333333, 51.92764083333333], [7.66828, 51.92764083333333], [7.668810833333334, 51.92713277777778], [7.66911, 51.92686194444444], [7.669290833333334, 51.926697777777775], [7.669426944444445, 51.92658194444444], [7.669955, 51.92611888888889], [7.670111944444445, 51.925981944444445], [7.670441944444445, 51.92569388888889], [7.670558888888889, 51.92559194444444], [7.670975, 51.92521583333333], [7.671245, 51.924972777777775], [7.671391944444445, 51.92483694444444], [7.671391944444445, 51.92483694444444], [7.671433888888889, 51.924797777777776], [7.671530000000001, 51.92471277777778], [7.671723888888889, 51.92453972222222], [7.671991944444445, 51.92428972222222], [7.672195, 51.924101944444445], [7.672433888888889, 51.923877777777776], [7.6724419444444445, 51.92387083333333], [7.672562777777778, 51.92375777777777], [7.672677777777778, 51.923653888888886], [7.6728419444444445, 51.923498888888886], [7.6731050000000005, 51.92323972222222], [7.673152777777778, 51.92319583333333], [7.673197777777778, 51.92315583333333], [7.6732708333333335, 51.923088888888884], [7.673365, 51.922998888888884], [7.67353, 51.922887777777774], [7.673592777777778, 51.92285694444444], [7.673592777777778, 51.92285694444444], [7.673758888888889, 51.922797777777774], [7.673968888888889, 51.92260777777778], [7.6744819444444445, 51.92214277777777], [7.674523888888889, 51.922106944444444], [7.674905833333334, 51.92175972222222], [7.675266944444445, 51.92143194444444], [7.675680833333334, 51.921053888888885], [7.67571388888889, 51.92102388888889], [7.67571388888889, 51.92102388888889], [7.675818888888889, 51.92092777777778], [7.67582, 51.92092777777778], [7.675818888888889, 51.92092777777778], [7.67607, 51.920698888888886], [7.676162777777778, 51.92061472222222], [7.676257777777778, 51.92052694444444], [7.67635, 51.92044194444444], [7.676952777777778, 51.91988194444444], [7.677835833333334, 51.919062777777775], [7.677980833333334, 51.918927777777775], [7.678060833333333, 51.91885472222222], [7.6782038888888895, 51.918723888888884], [7.678208888888889, 51.91871972222222], [7.678486944444445, 51.918462777777776], [7.678486944444445, 51.918462777777776], [7.678511944444445, 51.91843972222222], [7.6800258333333336, 51.917046944444444], [7.6808000000000005, 51.916332777777775], [7.680960833333334, 51.91618388888889], [7.681678888888889, 51.91552083333333], [7.681678888888889, 51.91552083333333], [7.681835, 51.91537777777778], [7.681936944444445, 51.91528583333333], [7.681996944444445, 51.91523083333333], [7.6820200000000005, 51.91521], [7.682846944444445, 51.914456944444446], [7.6836150000000005, 51.91385888888889], [7.6836150000000005, 51.91385888888889], [7.683947777777778, 51.913598888888885], [7.68408, 51.913495], [7.684910833333333, 51.912948888888884], [7.686195833333334, 51.91214], [7.687723888888889, 51.91119277777778], [7.687807777777778, 51.911139999999996], [7.687807777777778, 51.911139999999996], [7.687982777777778, 51.911029722222224], [7.688146944444445, 51.91092888888889], [7.689227777777778, 51.91027777777778], [7.689325, 51.91021694444444], [7.6891588888888895, 51.91014277777778], [7.689096944444445, 51.910105], [7.6888788888888895, 51.909972777777774], [7.688480833333333, 51.909752777777776], [7.688321944444445, 51.90964972222222], [7.688163888888889, 51.90956083333333], [7.688151944444445, 51.909555], [7.688151944444445, 51.909555], [7.686792777777778, 51.90880694444444], [7.685163888888889, 51.90792583333333], [7.684661944444445, 51.90770777777777], [7.684152777777778, 51.90751], [7.683495000000001, 51.90730388888889], [7.682686944444445, 51.90712583333333], [7.682243888888889, 51.90703583333333], [7.681943888888889, 51.90696277777778], [7.681943888888889, 51.90696277777778], [7.681778888888889, 51.90692277777778], [7.680971944444445, 51.90683583333333], [7.680695833333334, 51.90680888888889], [7.680488888888889, 51.906795833333334], [7.6804250000000005, 51.90679194444444], [7.680412777777778, 51.90679083333333], [7.68011, 51.90677194444444], [7.678597777777778, 51.90667583333333], [7.6765, 51.90654083333333], [7.675453888888889, 51.90647277777778], [7.674326944444445, 51.90639777777778], [7.674072777777778, 51.90638194444444], [7.6738800000000005, 51.906369999999995], [7.673498888888889, 51.906346944444444], [7.67328, 51.906335], [7.67328, 51.906335], [7.6726188888888895, 51.90629888888889], [7.671726944444445, 51.90624472222222], [7.6704927777777785, 51.906169999999996], [7.668725833333333, 51.90606277777778], [7.668095833333334, 51.90602388888889], [7.668095833333334, 51.90602388888889], [7.667913888888889, 51.906012777777775], [7.6676238888888895, 51.90599472222222], [7.667303888888889, 51.90597388888889], [7.666696944444444, 51.90593888888889], [7.66519, 51.905852777777774], [7.664230000000001, 51.90579888888889], [7.664220833333333, 51.90579888888889], [7.66401, 51.90579388888889], [7.663646944444444, 51.905788888888885], [7.6633127777777785, 51.90579583333333], [7.662672777777778, 51.90584777777778], [7.662110833333334, 51.90591777777777], [7.661718888888889, 51.90597388888889], [7.661355, 51.90604583333333], [7.661171944444445, 51.90607194444444], [7.660951944444445, 51.906102777777775], [7.660951944444445, 51.906102777777775], [7.660900833333334, 51.90610972222222], [7.659960833333334, 51.90623472222222], [7.659818888888889, 51.90621083333333], [7.659398888888889, 51.90624972222222], [7.658793888888889, 51.906286944444446], [7.65877388888889, 51.90628888888889], [7.658261944444445, 51.906302777777775], [7.657771944444445, 51.906304999999996], [7.6572008333333335, 51.90629194444444], [7.656872777777778, 51.90627694444444], [7.656270833333334, 51.90623083333333], [7.656063888888889, 51.90620777777777], [7.655670833333334, 51.90615694444444], [7.655260833333334, 51.90609], [7.654912777777779, 51.90602583333333], [7.654210833333334, 51.90588277777778], [7.653795833333334, 51.905789999999996], [7.653330833333333, 51.90567583333333], [7.652537777777778, 51.90547194444444], [7.652401944444445, 51.905435], [7.6521308333333335, 51.905361944444444], [7.651836944444445, 51.905296944444444], [7.65151, 51.90519], [7.651316944444445, 51.905121944444446], [7.6513727777777785, 51.90498777777778], [7.651407777777778, 51.904892777777775], [7.651467777777778, 51.904625833333334], [7.65157, 51.90421583333333], [7.651587777777778, 51.90415083333333], [7.651601944444445, 51.90409694444444], [7.651642777777778, 51.90396888888889], [7.651775833333334, 51.90356083333333], [7.6518088888888895, 51.903458888888885], [7.651895833333334, 51.903481944444444], [7.652892777777778, 51.903685833333334], [7.653165, 51.90374194444444], [7.653407777777778, 51.90379083333333], [7.6540477777777784, 51.903927777777774], [7.654031944444445, 51.903956944444445], [7.653948888888889, 51.90409888888889], [7.653895833333333, 51.90418583333333], [7.653865000000001, 51.90423694444444], [7.653840000000001, 51.90427888888889], [7.6538200000000005, 51.90430694444444], [7.653736944444445, 51.904448888888886], [7.653730833333333, 51.90445777777778], [7.653702777777778, 51.90450388888889], [7.6538038888888895, 51.90456694444444], [7.6538577777777785, 51.904624999999996], [7.653844722222223, 51.904738888888886], [7.653751944444445, 51.904921944444446], [7.653661944444445, 51.90508888888889], [7.6536269444444445, 51.905119722222224]]}}, {"type": "Feature", "properties": {"route_id": "7", "name": "7", "color": "#00758E", "label_lon": 7.613726944444444, "label_lat": 51.946009999999994}, "geometry": {"type": "LineString", "coordinates": [[7.603340833333333, 51.92254388888889], [7.603341944444444, 51.92254694444444], [7.603358888888889, 51.92258777777778], [7.603615833333333, 51.923203888888885], [7.603691944444444, 51.92339194444444], [7.603840833333333, 51.92375472222222], [7.603900833333333, 51.92390388888889], [7.603972777777777, 51.92409], [7.604025833333333, 51.92422694444444], [7.604064999999999, 51.924325833333334], [7.604069999999999, 51.92434], [7.604136944444444, 51.92450972222222], [7.60415, 51.92454583333333], [7.604231944444444, 51.92453277777778], [7.604231944444444, 51.92453277777778], [7.60415, 51.92454583333333], [7.6041638888888885, 51.92458083333333], [7.604197777777777, 51.92466694444444], [7.604285833333333, 51.924881944444444], [7.604422777777778, 51.92521083333333], [7.604646944444444, 51.925758888888886], [7.6047569444444445, 51.92602194444444], [7.6049299999999995, 51.92647583333333], [7.605088888888888, 51.926894999999995], [7.605088888888888, 51.926894999999995], [7.605112777777777, 51.92695777777777], [7.605143888888889, 51.92703083333333], [7.60516, 51.92706888888889], [7.605143888888889, 51.92703083333333], [7.605138888888889, 51.92701888888889], [7.605143888888889, 51.92703083333333], [7.6051738888888885, 51.927102777777776], [7.605245833333333, 51.92727583333333], [7.6052888888888885, 51.92737888888889], [7.605387777777778, 51.92763], [7.605558888888888, 51.92804694444444], [7.605684999999999, 51.928351944444444], [7.605830833333333, 51.92870388888888], [7.605865, 51.92878583333333], [7.606218888888889, 51.929665], [7.6064477777777775, 51.93021972222222], [7.606444722222222, 51.93022083333333], [7.6064477777777775, 51.93021972222222], [7.606497777777777, 51.93034194444444], [7.606506666666666, 51.93034055555555], [7.606497777777777, 51.93034194444444], [7.606507777777777, 51.930366944444444], [7.606567777777777, 51.93051083333333], [7.6066199999999995, 51.930638888888886], [7.606708888888889, 51.93085277777777], [7.606721944444444, 51.930883888888886], [7.606827777777777, 51.931127777777775], [7.606806944444444, 51.93107972222222], [7.606806944444444, 51.93107972222222], [7.606841944444444, 51.93116083333333], [7.606868888888888, 51.931222777777776], [7.606965, 51.93144583333333], [7.607436944444444, 51.93258472222222], [7.607490833333333, 51.932713888888884], [7.607537777777777, 51.93282694444444], [7.6078399999999995, 51.93354083333333], [7.607889999999999, 51.93366194444444], [7.607889999999999, 51.93366194444444], [7.608180833333333, 51.93436583333333], [7.608201944444444, 51.93441583333333], [7.608221944444444, 51.934463888888885], [7.608371944444444, 51.93484583333333], [7.608476944444444, 51.935114999999996], [7.608605833333333, 51.93544583333333], [7.608615833333333, 51.935472777777775], [7.608702777777777, 51.93568194444444], [7.608777777777777, 51.93586194444444], [7.608899999999999, 51.936155], [7.608899999999999, 51.936155], [7.609205833333333, 51.93688583333333], [7.609417777777778, 51.93737694444444], [7.609528888888889, 51.937659999999994], [7.609545833333333, 51.93765777777777], [7.609528888888889, 51.937659999999994], [7.609571944444444, 51.93777194444444], [7.609600833333333, 51.93784694444444], [7.609467777777778, 51.93787194444444], [7.609337777777777, 51.937895], [7.609182777777778, 51.937933888888885], [7.6088949999999995, 51.938019999999995], [7.608843888888889, 51.93803777777777], [7.608271944444444, 51.938227777777776], [7.608099999999999, 51.93828583333333], [7.607405833333333, 51.938562777777776], [7.607338888888888, 51.93861], [7.6072999999999995, 51.93865388888889], [7.607273888888889, 51.93873194444444], [7.607697777777777, 51.939004999999995], [7.607853888888888, 51.939122777777776], [7.608342777777778, 51.939542777777774], [7.608680833333333, 51.939923888888885], [7.6090349999999995, 51.94031777777777], [7.609038888888889, 51.94032194444444], [7.609038888888889, 51.94032194444444], [7.609038888888889, 51.94032194444444], [7.609303888888888, 51.94062583333333], [7.609362777777777, 51.94069277777778], [7.609442777777778, 51.940785], [7.6095669444444445, 51.94093194444444], [7.609725833333333, 51.94113194444444], [7.610007777777778, 51.94148694444444], [7.610720833333333, 51.942368888888886], [7.611436944444444, 51.943234999999994], [7.611910833333333, 51.94378888888888], [7.6119119444444445, 51.94378888888888], [7.611910833333333, 51.94378888888888], [7.611924999999999, 51.943805], [7.612057777777777, 51.943957777777776], [7.612128888888889, 51.94404083333333], [7.612316944444444, 51.944264999999994], [7.612316944444444, 51.944264999999994], [7.612506944444444, 51.944491944444444], [7.612646944444444, 51.94470277777778], [7.612771944444444, 51.94486388888888], [7.613423888888889, 51.94564694444444], [7.613568888888889, 51.94582], [7.613726944444444, 51.946009999999994], [7.6141499999999995, 51.94652277777777], [7.614268888888889, 51.946667777777776], [7.614326944444444, 51.94674277777777], [7.614375, 51.946797777777775], [7.614871944444444, 51.94740083333333], [7.6155438888888884, 51.94820194444444], [7.615948888888888, 51.94865083333333], [7.6159477777777775, 51.94865083333333], [7.615948888888888, 51.94865083333333], [7.616006944444444, 51.94871583333333], [7.616121944444444, 51.948845], [7.616422777777777, 51.949172777777775], [7.616726944444445, 51.94954583333333], [7.616726944444445, 51.94954583333333], [7.616831944444445, 51.94967388888889], [7.616878888888889, 51.94972083333333], [7.616972777777778, 51.94983], [7.61704, 51.949909999999996], [7.6170477777777785, 51.94992], [7.617065, 51.94994083333333], [7.617085833333334, 51.94996888888888], [7.617452777777778, 51.95043888888889], [7.617662777777778, 51.95074694444445], [7.617887777777778, 51.951030833333334], [7.618116944444445, 51.951315], [7.618125277777779, 51.95131222222223], [7.618116944444445, 51.951315], [7.618671944444445, 51.95200083333334], [7.618677777777778, 51.95200888888889], [7.618952777777778, 51.95234777777778], [7.618952777777778, 51.95234777777778], [7.618952777777778, 51.95234777777778], [7.619035833333334, 51.952450000000006], [7.619045000000001, 51.95246083333333], [7.619047777777778, 51.952464722222224], [7.619100833333333, 51.952533888888894], [7.619098055555556, 51.952535000000005], [7.619100833333333, 51.952533888888894], [7.619175, 51.95263194444445], [7.6192858333333335, 51.952780000000004], [7.619472777777778, 51.953045833333334], [7.619601944444445, 51.95325777777778], [7.61966388888889, 51.953381944444445], [7.6197558333333335, 51.953581944444444], [7.619765, 51.95361777777778], [7.619823888888889, 51.95383888888889], [7.619890000000001, 51.95433583333334], [7.619906944444445, 51.954685833333336], [7.619915833333334, 51.954835833333334], [7.619910833333334, 51.95485083333334], [7.619843888888889, 51.95497694444445], [7.620010000000001, 51.954995833333335], [7.620095833333334, 51.95500083333334], [7.620421944444445, 51.95504583333334], [7.6210458333333335, 51.955151944444445], [7.621287777777778, 51.955200000000005], [7.621637777777778, 51.955285833333335], [7.621637777777778, 51.955285833333335], [7.621626944444445, 51.95528388888889], [7.621790833333334, 51.95532388888889], [7.621791111111111, 51.95532333333334], [7.621790833333334, 51.95532388888889], [7.621947777777779, 51.95536277777778], [7.622685833333334, 51.95554083333334], [7.622896944444445, 51.95559], [7.622988888888889, 51.95560694444445], [7.623193888888889, 51.955623888888894], [7.623638888888889, 51.95562777777778], [7.62388388888889, 51.95562694444445], [7.624553888888889, 51.95561388888889], [7.6248377777777785, 51.95562277777778], [7.625073888888889, 51.95564], [7.625346944444445, 51.955668888888894], [7.625646944444445, 51.95570388888889], [7.625905833333333, 51.95573], [7.625967777777778, 51.95563777777778], [7.62606888888889, 51.95556083333334], [7.6261527777777784, 51.95552083333334], [7.626248888888889, 51.955489722222225], [7.626405, 51.955466944444446], [7.626471944444445, 51.955465000000004], [7.626602777777778, 51.95547583333334], [7.626666944444445, 51.95548777777778], [7.626785000000001, 51.95552583333333], [7.626885000000001, 51.955578888888894], [7.626927777777778, 51.95561], [7.626992777777779, 51.95568083333334], [7.627015833333334, 51.95572], [7.627037777777779, 51.9558], [7.627253888888889, 51.95579888888889], [7.627335833333333, 51.955795], [7.627508888888889, 51.95579194444445], [7.627703888888889, 51.955803888888894], [7.628005000000001, 51.955830000000006], [7.62824888888889, 51.955865833333334], [7.62824888888889, 51.955865833333334], [7.6285219444444445, 51.95592083333334], [7.628772777777778, 51.95598888888889], [7.629652777777778, 51.956293888888894], [7.629813888888889, 51.95635083333334], [7.630090833333334, 51.95644777777778], [7.630321944444445, 51.956495000000004], [7.630417777777779, 51.95650583333334], [7.630581944444445, 51.95647777777778], [7.6311350000000004, 51.956293888888894], [7.631223888888889, 51.95626277777778], [7.631280833333334, 51.95624277777778], [7.63134888888889, 51.95621888888889], [7.631390833333334, 51.95620388888889], [7.631873888888889, 51.95603194444445], [7.631993888888889, 51.95598777777778], [7.6326438888888894, 51.955795], [7.632750833333334, 51.95577194444445], [7.632892777777778, 51.95576694444445], [7.632980000000001, 51.955828888888895], [7.6334358333333325, 51.95615388888889], [7.633509999999999, 51.956205833333335], [7.633713888888888, 51.956290833333334], [7.633946944444444, 51.956475833333336], [7.6341149999999995, 51.95661777777778]]}}, {"type": "Feature", "properties": {"route_id": "8", "name": "8", "color": "#AC6EAC", "label_lon": 7.635097777777777, "label_lat": 51.96199083333334}, "geometry": {"type": "LineString", "coordinates": [[7.604225, 51.99707388888889], [7.604197777777777, 51.99707194444444], [7.603741944444444, 51.99704], [7.603493888888888, 51.99702888888889], [7.603205, 51.997012777777776], [7.60267, 51.99697888888889], [7.602383888888888, 51.99696194444444], [7.602095833333333, 51.99695583333333], [7.60199, 51.996955], [7.601299999999999, 51.996925], [7.600314999999999, 51.996935], [7.600266944444444, 51.99693388888889], [7.600167777777777, 51.99693194444445], [7.600147777777777, 51.996986944444444], [7.6000877777777776, 51.99702888888889], [7.6, 51.99704777777778], [7.599934999999999, 51.99704583333333], [7.59988, 51.99703], [7.599833888888889, 51.99700388888889], [7.599796944444444, 51.996942777777775], [7.599811944444444, 51.99689], [7.599821388888889, 51.99689305555555], [7.599811944444444, 51.99689], [7.599826944444444, 51.99687194444444], [7.599887777777777, 51.996835833333336], [7.599951944444444, 51.99682194444445], [7.6000427777777775, 51.99682694444444], [7.600107777777778, 51.99685], [7.600150833333333, 51.99688777777778], [7.600167777777777, 51.99693194444445], [7.600266944444444, 51.99693388888889], [7.600314999999999, 51.996935], [7.601299999999999, 51.996925], [7.60199, 51.996955], [7.602095833333333, 51.99695583333333], [7.602383888888888, 51.99696194444444], [7.60267, 51.99697888888889], [7.6027788888888885, 51.99698583333333], [7.6027788888888885, 51.99698583333333], [7.602953888888888, 51.99699694444445], [7.603205, 51.997012777777776], [7.603493888888888, 51.99702888888889], [7.603741944444444, 51.99704], [7.604197777777777, 51.99707194444444], [7.604550833333333, 51.9971], [7.60518, 51.99714083333333], [7.605496944444444, 51.997146944444445], [7.605580833333333, 51.997146944444445], [7.605840833333333, 51.997155], [7.605865833333333, 51.99715583333334], [7.606065, 51.997165833333334], [7.606485833333333, 51.99719888888889], [7.606896944444444, 51.99724888888889], [7.607615, 51.99737888888889], [7.607850833333333, 51.99742583333333], [7.608156944444444, 51.997485833333336], [7.608405833333333, 51.997530833333336], [7.608405833333333, 51.997530833333336], [7.608475833333333, 51.99754388888889], [7.609254999999999, 51.997685833333335], [7.609882777777777, 51.99777388888889], [7.610550833333333, 51.99785694444444], [7.611120833333333, 51.99790888888889], [7.6115949999999994, 51.99794], [7.611642777777777, 51.99794], [7.611791944444444, 51.99794194444445], [7.611916944444444, 51.99793888888889], [7.612256944444444, 51.997915], [7.61231, 51.997910833333336], [7.612352777777778, 51.997905833333334], [7.612435, 51.99789694444445], [7.612435, 51.99789694444445], [7.612509999999999, 51.99788888888889], [7.613211944444444, 51.99781277777778], [7.6132358333333325, 51.99781], [7.613355833333333, 51.99779388888889], [7.61332, 51.99764583333334], [7.613247777777778, 51.99737777777778], [7.6132349999999995, 51.99733], [7.612967777777778, 51.99632777777778], [7.612959999999999, 51.9963], [7.612950833333333, 51.996265], [7.612872777777778, 51.99597194444445], [7.612872777777778, 51.99597194444445], [7.612821944444444, 51.99577888888889], [7.612810833333333, 51.995735833333335], [7.612496944444444, 51.99453583333334], [7.612485833333333, 51.994482777777776], [7.612453888888888, 51.99431277777778], [7.612260833333333, 51.99360194444444], [7.612240833333333, 51.99353777777778], [7.612212777777778, 51.99344888888889], [7.612365833333333, 51.993435], [7.6124769444444444, 51.99342388888889], [7.612573888888889, 51.993415], [7.6133058333333326, 51.993340833333335], [7.613351944444444, 51.99333583333333], [7.613833888888888, 51.99328694444444], [7.613866944444444, 51.99328388888889], [7.6145088888888885, 51.99324583333333], [7.61477, 51.993235], [7.615285833333333, 51.99321194444445], [7.615787777777777, 51.993185833333335], [7.616161944444444, 51.993165], [7.616161944444444, 51.99316694444445], [7.616382777777777, 51.99315583333333], [7.616160833333333, 51.99316694444445], [7.616745000000001, 51.993137777777775], [7.617225, 51.99310388888889], [7.617302777777779, 51.99309888888889], [7.6174558333333335, 51.99308777777778], [7.617811944444445, 51.99307388888889], [7.618368888888889, 51.99306888888889], [7.619611944444445, 51.99315277777778], [7.620015833333333, 51.993205833333334], [7.620015833333333, 51.993205833333334], [7.6201927777777785, 51.993230000000004], [7.620195000000001, 51.993180833333334], [7.6201927777777785, 51.993230000000004], [7.620868888888889, 51.99335888888889], [7.621607777777778, 51.99351583333333], [7.621735, 51.99355083333334], [7.621706944444445, 51.993587777777776], [7.621735, 51.99355083333334], [7.62186888888889, 51.993590833333336], [7.622011944444445, 51.99363388888889], [7.622073888888889, 51.99365], [7.6222488888888895, 51.99368888888889], [7.624677777777778, 51.994121944444444], [7.624831944444445, 51.99416277777778], [7.624987777777778, 51.99423], [7.625821944444445, 51.994615], [7.626227777777778, 51.9948], [7.626750833333333, 51.995040833333334], [7.627110833333334, 51.99520888888889], [7.627843888888889, 51.99554583333333], [7.629120833333334, 51.99613194444444], [7.629312777777778, 51.996201944444444], [7.62947, 51.99624583333333], [7.629526944444445, 51.99624888888889], [7.629590833333334, 51.99624277777778], [7.629706944444445, 51.996205833333335], [7.629821944444445, 51.996155], [7.63026888888889, 51.995892777777776], [7.63050388888889, 51.99577083333333], [7.630662777777778, 51.99572694444444], [7.6317038888888895, 51.99563388888889], [7.6320088888888895, 51.99560888888889], [7.632216944444445, 51.99558277777778], [7.6332619444444445, 51.995422777777776], [7.633920833333333, 51.99532388888889], [7.634700833333333, 51.995205], [7.634700833333333, 51.995205], [7.634913888888889, 51.995171944444444], [7.635242777777777, 51.99512277777778], [7.635690833333332, 51.99505694444444], [7.636330833333333, 51.994965], [7.6367908333333325, 51.99491388888889], [7.637198888888888, 51.99486388888889], [7.637613888888889, 51.99479777777778], [7.637867777777777, 51.994751944444445], [7.638107777777777, 51.99469888888889], [7.638276944444444, 51.99464694444445], [7.638592777777777, 51.99451694444445], [7.638719999999999, 51.99445194444444], [7.638815833333333, 51.994395000000004], [7.639055, 51.994211944444444], [7.639235833333333, 51.99407277777778], [7.639357777777778, 51.99418277777778], [7.639505, 51.994305833333335], [7.6396299999999995, 51.99441888888889], [7.639752777777777, 51.99455388888889], [7.639805833333333, 51.99461277777778], [7.639895833333333, 51.99470888888889], [7.640155833333333, 51.994930000000004], [7.640160833333333, 51.99493388888889], [7.640160833333333, 51.99493388888889], [7.640686944444444, 51.99536777777778], [7.640865833333333, 51.99551777777778], [7.641398888888888, 51.995937777777776], [7.641616944444444, 51.996116944444445], [7.642054999999999, 51.99646694444444], [7.642176944444444, 51.996565000000004], [7.642291944444444, 51.99665777777778], [7.642291944444444, 51.99665777777778], [7.642418888888888, 51.99675888888889], [7.642685833333333, 51.99697388888889], [7.643059999999999, 51.99726388888889], [7.6431949999999995, 51.99723388888889], [7.643678888888888, 51.99718388888889], [7.6441799999999995, 51.997185], [7.644695833333333, 51.99723083333333], [7.644861944444444, 51.99723888888889], [7.645088888888888, 51.997255833333334], [7.645275, 51.99726888888889], [7.645759999999999, 51.99729194444445], [7.646361944444444, 51.99732], [7.646397777777778, 51.99732083333333], [7.646805833333333, 51.99733], [7.646805833333333, 51.99733], [7.647002777777777, 51.99733388888889], [7.647093888888889, 51.99733583333333], [7.64793, 51.99736], [7.648245833333333, 51.99739888888889], [7.648513888888888, 51.99744888888889], [7.648743888888888, 51.997505833333335], [7.648966944444444, 51.99757777777778], [7.649711944444444, 51.99789083333334], [7.649771944444444, 51.99791277777778], [7.650040833333334, 51.99802388888889], [7.650086944444444, 51.998041944444445], [7.6502558333333335, 51.998085], [7.650475, 51.99809777777778], [7.650673888888889, 51.998085], [7.650906944444444, 51.99802777777778], [7.651117777777778, 51.997935], [7.651550833333333, 51.99765083333333], [7.651550833333333, 51.99765083333333], [7.651691944444445, 51.99754277777778], [7.652200833333334, 51.99709194444444], [7.6524277777777785, 51.996897777777775], [7.652565, 51.99676277777778], [7.652760833333334, 51.99654388888889], [7.6529758333333335, 51.99626888888889], [7.65317, 51.996015], [7.653228888888889, 51.995956944444444], [7.653347777777778, 51.99588], [7.653465833333334, 51.995825], [7.6535400000000005, 51.995800833333334], [7.653431944444445, 51.99566083333333], [7.6533919444444445, 51.995565], [7.653380833333333, 51.99546388888889], [7.653431944444445, 51.99511888888889], [7.653447777777778, 51.994866944444446], [7.653450833333333, 51.99482694444445], [7.653452777777778, 51.99478277777778], [7.653436944444445, 51.99449777777778], [7.653436944444445, 51.99449777777778], [7.653408888888889, 51.99438], [7.653370833333334, 51.994255], [7.653313888888889, 51.99413777777778], [7.653152777777778, 51.99391277777778], [7.652922777777778, 51.993676944444445], [7.652795, 51.99358], [7.652596944444444, 51.99346194444445], [7.652382777777778, 51.99335583333333], [7.652108888888889, 51.99325], [7.651930833333334, 51.993195], [7.651690833333333, 51.99313388888889], [7.651331944444445, 51.99307777777778], [7.651088888888889, 51.99305777777778], [7.650586944444445, 51.993035], [7.6504900000000005, 51.993031944444446], [7.649883888888889, 51.99301388888889], [7.649245833333333, 51.992981944444445], [7.648781944444444, 51.99295277777778], [7.648782777777777, 51.99294833333333], [7.648781944444444, 51.99295277777778], [7.648576944444444, 51.99294583333334], [7.648332777777777, 51.992937777777776], [7.648339999999999, 51.99281388888889], [7.648313888888889, 51.99257583333333], [7.648312777777777, 51.99256888888889], [7.648312777777777, 51.99256888888889], [7.648303888888888, 51.99247583333334], [7.648296111111111, 51.99247638888889], [7.648303888888888, 51.99247583333334], [7.648248888888888, 51.99192083333333], [7.648230833333333, 51.99117777777778], [7.6482149999999995, 51.99041777777778], [7.648203888888888, 51.98996888888889], [7.648200833333333, 51.989850833333335], [7.648200833333333, 51.989850833333335], [7.648197777777777, 51.98971777777778], [7.648196944444444, 51.98971777777778], [7.648197777777777, 51.98971777777778], [7.648196944444444, 51.98971], [7.648180833333333, 51.98936277777778], [7.648135833333333, 51.98893388888889], [7.648062777777778, 51.98852083333333], [7.647960833333332, 51.98814194444444], [7.6479, 51.98793777777778], [7.647870833333333, 51.98785388888889], [7.647851944444444, 51.98779777777778], [7.647842777777777, 51.98777], [7.647748888888889, 51.987495], [7.647748888888889, 51.98749388888889], [7.647748888888889, 51.98749388888889], [7.647351944444444, 51.98638388888889], [7.647118888888889, 51.985695], [7.647085, 51.985595833333335], [7.646426944444444, 51.98363194444445], [7.6463158333333325, 51.983315833333336], [7.646206944444444, 51.983004722222226], [7.646173888888889, 51.98291277777778], [7.646148888888888, 51.982845833333336], [7.646113888888888, 51.98274694444444], [7.646021944444444, 51.98255694444445], [7.646021944444444, 51.98255694444445], [7.645975, 51.98245888888889], [7.645784999999999, 51.98211277777778], [7.645436944444444, 51.981568888888894], [7.644926944444444, 51.98077], [7.644826944444444, 51.98061583333334], [7.644738888888888, 51.980465833333334], [7.644668888888888, 51.98034888888889], [7.644627777777777, 51.980290000000004], [7.644523888888888, 51.980130833333334], [7.644523888888888, 51.980130833333334], [7.644435833333333, 51.979996944444444], [7.644416944444444, 51.97996777777778], [7.644221944444444, 51.979525], [7.643950833333333, 51.978970833333335], [7.643873888888889, 51.97884277777778], [7.643613888888888, 51.97848583333334], [7.643490833333333, 51.978344722222225], [7.643272777777777, 51.97812888888889], [7.643255833333333, 51.97811388888889], [7.642833888888888, 51.97776388888889], [7.642785, 51.97772777777778], [7.642667777777778, 51.97763694444445], [7.642571944444444, 51.97756277777778], [7.642355833333333, 51.97739583333333], [7.642013888888888, 51.977105], [7.641878888888888, 51.97699], [7.641841944444444, 51.97695888888889], [7.641841944444444, 51.97695888888889], [7.641540833333333, 51.976710833333335], [7.641467777777777, 51.97665083333334], [7.641335833333333, 51.97654472222222], [7.6411558333333325, 51.97640083333334], [7.640846944444444, 51.97615888888889], [7.640669999999999, 51.97598388888889], [7.640160833333333, 51.97560277777778], [7.64016, 51.97560277777778], [7.640160833333333, 51.97560277777778], [7.640092777777777, 51.97555277777778], [7.639850833333333, 51.975335], [7.639711944444444, 51.97519277777778], [7.639587777777777, 51.97507888888889], [7.639463888888889, 51.974873888888894], [7.639240833333333, 51.974649722222225], [7.638983888888888, 51.97441194444445], [7.638893888888888, 51.97435083333333], [7.638893888888888, 51.97435083333333], [7.638830277777777, 51.97438638888889], [7.638893888888888, 51.97435083333333], [7.638703888888888, 51.974221944444444], [7.638543888888888, 51.97412694444445], [7.638254999999999, 51.97398277777778], [7.637823888888889, 51.97380777777778], [7.637385833333333, 51.97367694444445], [7.636988888888888, 51.97359194444444], [7.636655833333333, 51.973553888888894], [7.636517777777778, 51.97352388888889], [7.636416944444444, 51.97340972222222], [7.636413888888889, 51.973399722222226], [7.636402777777778, 51.97335277777778], [7.636378888888888, 51.973195833333335], [7.636301944444444, 51.97283277777778], [7.636146944444444, 51.97274], [7.636005833333333, 51.97268583333334], [7.635791944444444, 51.97263888888889], [7.635236944444444, 51.97273], [7.635236944444444, 51.97273], [7.635167777777777, 51.97274083333333], [7.634824999999999, 51.97279694444445], [7.634677777777777, 51.97282083333334], [7.634399999999999, 51.97286583333334], [7.633757777777777, 51.972971944444446], [7.633306944444445, 51.97304583333334], [7.633008888888889, 51.973095], [7.632855, 51.97311888888889], [7.632820000000001, 51.97304583333334], [7.632792777777778, 51.972995833333336], [7.63267, 51.97276277777778], [7.632497777777778, 51.97242777777778], [7.632413888888889, 51.97226972222222], [7.632395000000001, 51.972232777777776], [7.632250833333334, 51.97196277777778], [7.632061944444445, 51.97162083333333], [7.632061944444445, 51.97162083333333], [7.631997777777778, 51.97150694444445], [7.631895, 51.97131277777778], [7.631367777777778, 51.97032083333333], [7.63136888888889, 51.97032083333333], [7.631367777777778, 51.97032083333333], [7.631306944444445, 51.970205], [7.631306944444445, 51.970205], [7.6312500000000005, 51.97009694444445], [7.631190833333334, 51.96999777777778], [7.631050833333334, 51.96976], [7.63082888888889, 51.96939694444445], [7.630748888888889, 51.96926694444445], [7.630352777777778, 51.96862194444444], [7.630303888888889, 51.96851083333333], [7.630225833333334, 51.96834472222223], [7.630137777777779, 51.968160000000005], [7.630042777777779, 51.967930833333334], [7.630026944444445, 51.967885833333334], [7.6299600000000005, 51.96769777777778], [7.6299600000000005, 51.96769777777778], [7.629925, 51.967599722222225], [7.629912777777778, 51.9675], [7.62991888888889, 51.96745083333334], [7.629936944444445, 51.96738888888889], [7.629990833333334, 51.96731388888889], [7.630076944444445, 51.967219722222225], [7.630247777777778, 51.96706888888889], [7.630328888888889, 51.967016944444445], [7.630638888888889, 51.96689583333333], [7.630957777777779, 51.96681], [7.631152777777778, 51.966765], [7.631405833333334, 51.96675583333334], [7.631405833333334, 51.96675583333334], [7.63159, 51.966750000000005], [7.631742777777778, 51.96674388888889], [7.631872777777779, 51.96672], [7.631947777777778, 51.96668972222223], [7.631982777777778, 51.96666777777778], [7.632072777777778, 51.966590833333335], [7.632201944444445, 51.966457777777784], [7.632585000000001, 51.965860000000006], [7.632596944444445, 51.96584277777778], [7.6326438888888894, 51.96577388888889], [7.632776944444445, 51.96557888888889], [7.632776944444445, 51.96557888888889], [7.632982777777778, 51.965275000000005], [7.63209888888889, 51.96494083333334], [7.631767777777778, 51.964865833333334], [7.631078888888889, 51.96476194444445], [7.630870000000001, 51.96472583333334], [7.6307358333333335, 51.96467083333334], [7.630592777777778, 51.96458194444445], [7.630353888888889, 51.964415833333334], [7.630216944444445, 51.96430277777778], [7.63011, 51.964215], [7.630021944444445, 51.96414194444445], [7.6302488888888895, 51.964085833333336], [7.630602777777778, 51.96397], [7.630785833333333, 51.963906944444446], [7.630785833333333, 51.963906944444446], [7.630926944444445, 51.96385888888889], [7.631095833333334, 51.96378194444445], [7.631105833333334, 51.96377777777778], [7.631207777777778, 51.963701944444445], [7.6313127777777785, 51.963592777777784], [7.631585, 51.963258888888895], [7.631760000000001, 51.963050833333334], [7.631825833333334, 51.96297388888889], [7.631953888888889, 51.96285777777778], [7.632043888888889, 51.96279277777778], [7.632418888888889, 51.96260388888889], [7.632633888888889, 51.96250194444445], [7.632852777777778, 51.962380833333334], [7.633061944444445, 51.96228083333334], [7.633276944444445, 51.962203888888894], [7.63343, 51.962138888888894], [7.633629999999999, 51.96208083333334], [7.633761944444444, 51.962045], [7.633862777777777, 51.96203083333334], [7.633996944444444, 51.96202], [7.634362777777778, 51.96201], [7.634668888888888, 51.962005000000005], [7.635097777777777, 51.96199083333334], [7.63538, 51.96194694444445], [7.63538, 51.96187694444445], [7.635372777777778, 51.961820833333334], [7.635314999999999, 51.96150194444445], [7.635236944444444, 51.961133888888895], [7.635225833333333, 51.96107888888889], [7.635191944444444, 51.96091583333334], [7.635191944444444, 51.96091583333334], [7.6351627777777775, 51.960772777777784], [7.635140833333333, 51.960665000000006], [7.63509, 51.96040888888889], [7.63509, 51.96040777777778], [7.635083888888889, 51.960368888888894], [7.635067777777778, 51.96013083333334], [7.635053888888889, 51.95997388888889], [7.635045, 51.95987277777778], [7.635034999999999, 51.95973888888889], [7.634866944444444, 51.959525], [7.634810833333333, 51.95929], [7.634804999999999, 51.95926277777778], [7.634759999999999, 51.959073888888895], [7.6345688888888885, 51.95843388888889], [7.634542777777777, 51.958350833333334], [7.634524999999999, 51.95829888888889], [7.634475833333333, 51.958126944444444], [7.634408888888888, 51.95789194444445], [7.634271944444444, 51.95742694444445], [7.634215833333333, 51.957245], [7.6341319444444435, 51.95706388888889], [7.633995, 51.95684888888889], [7.633892777777778, 51.956720000000004], [7.633783888888888, 51.95662888888889], [7.633779444444444, 51.956630555555556], [7.633783888888888, 51.95662888888889], [7.6336627777777775, 51.95652777777778], [7.6334188888888885, 51.95633083333334], [7.633342777777777, 51.95626888888889], [7.633342777777777, 51.95626888888889], [7.633295, 51.956230000000005], [7.633187777777779, 51.956145], [7.632820000000001, 51.95584388888889], [7.632750833333334, 51.95577194444445], [7.632700000000001, 51.955711944444445], [7.632503888888889, 51.955486944444445], [7.631985, 51.954890000000006], [7.631716944444445, 51.95458277777778], [7.631500000000001, 51.954330000000006], [7.631500833333334, 51.954330000000006], [7.631500000000001, 51.954330000000006], [7.631500833333334, 51.954330000000006], [7.6314, 51.954211944444445], [7.631307777777779, 51.95410694444445], [7.631251944444445, 51.95402], [7.63126, 51.95401777777778], [7.631260555555556, 51.95401888888889], [7.63126, 51.95401777777778], [7.631405000000001, 51.953985], [7.631490833333334, 51.953965000000004], [7.631831944444445, 51.95388694444445], [7.632176944444445, 51.95381777777778], [7.632366944444445, 51.95378], [7.632365277777779, 51.95377583333334], [7.632366944444445, 51.95378], [7.6324627777777785, 51.953760833333334], [7.632492777777778, 51.953755], [7.632490000000001, 51.95375], [7.632492777777778, 51.953755], [7.632630000000001, 51.95372583333334], [7.632776944444445, 51.953680000000006], [7.633050000000001, 51.95355583333333], [7.633742777777777, 51.95315277777778], [7.633852777777777, 51.95310083333334], [7.633968888888888, 51.953072777777784], [7.634283888888889, 51.95304388888889], [7.634386944444444, 51.95303388888889], [7.635217777777777, 51.95294277777778], [7.635859999999999, 51.95288083333334], [7.635977777777777, 51.952875000000006], [7.6361027777777775, 51.95287694444445], [7.636103333333333, 51.952870833333336], [7.6361027777777775, 51.95287694444445], [7.635977777777777, 51.952875000000006], [7.635859999999999, 51.95288083333334], [7.635079999999999, 51.95295777777778], [7.635859999999999, 51.95288083333334], [7.635977777777777, 51.952875000000006], [7.636165833333333, 51.952805833333336], [7.636245, 51.952765], [7.636273888888889, 51.952745], [7.6363199999999996, 51.95270888888889], [7.636371944444444, 51.952648888888895], [7.636375833333333, 51.95258583333334], [7.636349999999999, 51.95244277777778], [7.636290833333333, 51.952290000000005], [7.636236944444444, 51.95214694444445], [7.6361727777777775, 51.95199083333333], [7.636080833333333, 51.95174888888889], [7.636080833333333, 51.95174888888889], [7.635981944444444, 51.95176333333334], [7.636080833333333, 51.95174888888889], [7.636069999999999, 51.951675], [7.636064444444444, 51.95167416666667], [7.636069999999999, 51.951675], [7.636064444444444, 51.95167416666667], [7.636069999999999, 51.951675], [7.636081944444444, 51.95163277777778], [7.636113888888889, 51.951570833333335], [7.636304999999999, 51.95140194444445], [7.636648888888889, 51.95112277777778], [7.636794999999999, 51.95100277777778], [7.636886944444444, 51.95092694444445], [7.636905833333333, 51.95086694444445], [7.636905, 51.95086694444445], [7.636905833333333, 51.95086694444445], [7.636917777777778, 51.95082888888889], [7.636963888888888, 51.95076777777778], [7.637031944444444, 51.95066583333334], [7.637115, 51.95055388888889], [7.63718, 51.950491944444444], [7.637382777777777, 51.950343888888895], [7.637381944444444, 51.950343888888895], [7.637828888888889, 51.95001694444445], [7.637899999999999, 51.949965], [7.637992777777777, 51.94989694444444], [7.638145, 51.94978194444444], [7.638590833333333, 51.949437777777774], [7.638826944444444, 51.949283888888885], [7.639303888888889, 51.949032777777774], [7.639423888888889, 51.94897083333333], [7.639470833333333, 51.94895083333333], [7.639470833333333, 51.94895083333333], [7.639761944444444, 51.94883583333333], [7.639978888888888, 51.94875], [7.640132777777778, 51.94869083333333], [7.640266944444444, 51.94864], [7.6405449999999995, 51.948521944444444], [7.640713888888889, 51.94844194444444], [7.641355833333333, 51.94809583333333], [7.641463888888889, 51.94803388888889], [7.641525, 51.94799694444444], [7.641580833333333, 51.947962777777775], [7.641985833333333, 51.947717777777775], [7.642225833333333, 51.94756777777778], [7.643548888888889, 51.94673888888889], [7.643705, 51.94663694444444], [7.6441027777777775, 51.94637694444444], [7.644300833333332, 51.94624694444444], [7.64441, 51.946175], [7.644665, 51.94598777777777], [7.64483, 51.94584583333333], [7.645021944444444, 51.945665], [7.645022777777777, 51.945665], [7.645021944444444, 51.945665], [7.6451658333333326, 51.94551583333333], [7.6451658333333326, 51.94551583333333], [7.645422777777777, 51.945249999999994], [7.645552777777778, 51.945114999999994], [7.6457219444444435, 51.944939999999995], [7.645880833333333, 51.94478583333333], [7.646713888888889, 51.94395194444444], [7.646796944444444, 51.943862777777774], [7.647116944444444, 51.94354499999999], [7.6472, 51.94345583333333], [7.647385, 51.94323694444444], [7.647583888888889, 51.94303277777777], [7.6479888888888885, 51.942587777777774], [7.648220833333333, 51.94235277777778], [7.648927777777777, 51.941795], [7.649606944444444, 51.941338888888886], [7.649718888888889, 51.94126583333333], [7.649877777777777, 51.941159999999996], [7.649965833333333, 51.94109777777778], [7.650575833333334, 51.94069277777778], [7.650585833333333, 51.94068583333333], [7.650585833333333, 51.94068583333333], [7.650635833333333, 51.94065277777777], [7.650775, 51.94056], [7.651241944444445, 51.94025277777777], [7.651386944444445, 51.940147777777774], [7.6514177777777785, 51.940124999999995], [7.651572777777778, 51.940012777777774], [7.652123888888889, 51.93951777777777], [7.65238, 51.93930777777778], [7.652995000000001, 51.93885888888889], [7.653036944444445, 51.938828888888885], [7.653186944444445, 51.93872083333333], [7.65330888888889, 51.938644999999994], [7.6538288888888895, 51.9383], [7.6538288888888895, 51.9383], [7.653965, 51.93820888888889], [7.6554569444444445, 51.93721583333333], [7.6556758333333335, 51.93707], [7.6556758333333335, 51.93707], [7.655810000000001, 51.93698083333333], [7.656536944444444, 51.93649694444444], [7.656640833333333, 51.93642583333333], [7.658060833333334, 51.93549194444444], [7.658205833333334, 51.93539194444444], [7.658835000000001, 51.934937777777776], [7.6590919444444445, 51.93475194444444], [7.659391944444445, 51.93454277777777], [7.659485, 51.93447694444444], [7.659611944444444, 51.93438694444444], [7.659702777777778, 51.93432194444444], [7.659971944444445, 51.934129999999996], [7.660362777777778, 51.933885], [7.660607777777778, 51.93373194444444], [7.66113, 51.93340499999999], [7.6612188888888895, 51.93334888888889], [7.661221944444445, 51.933346944444445], [7.661221944444445, 51.933346944444445], [7.661363888888889, 51.93325472222222], [7.661362777777778, 51.93325472222222], [7.661363888888889, 51.93325472222222], [7.662575, 51.932471944444444], [7.6627350000000005, 51.93236888888889], [7.663465833333333, 51.93188194444444], [7.6639550000000005, 51.93151694444444], [7.664683888888889, 51.93094083333333], [7.6647138888888895, 51.930915], [7.664838888888889, 51.93080888888888], [7.665000833333334, 51.930661944444445], [7.665401944444445, 51.930346944444445], [7.665401944444445, 51.930346944444445], [7.6655219444444445, 51.930252777777774], [7.6655219444444445, 51.930252777777774], [7.665973888888889, 51.929897777777775], [7.666367777777778, 51.92954888888889], [7.666483888888889, 51.92944472222222], [7.666483888888889, 51.92944472222222], [7.666503888888889, 51.929427777777775], [7.666995833333334, 51.92895472222222], [7.66706, 51.928888888888885], [7.667070000000001, 51.92887888888889], [7.667070000000001, 51.92887888888889], [7.6673350000000005, 51.928602777777776], [7.66734, 51.92859694444444], [7.667393888888889, 51.92854083333333], [7.667395833333334, 51.92853888888889], [7.667382222222223, 51.928534166666665], [7.667395833333334, 51.92853888888889], [7.66750388888889, 51.92842388888889], [7.667705833333334, 51.92843277777777], [7.667807777777778, 51.92845388888889], [7.6680319444444445, 51.928515], [7.668383888888889, 51.928622777777775], [7.669715833333334, 51.92897083333333], [7.670416944444445, 51.929153888888884], [7.671006944444445, 51.92930888888888], [7.671292777777778, 51.929383888888886], [7.671683888888889, 51.92948694444444], [7.671836944444444, 51.92952583333333], [7.6719477777777785, 51.92955472222222], [7.6722158333333335, 51.92962277777777], [7.6722158333333335, 51.92962277777777], [7.6725650000000005, 51.92971083333333], [7.673013888888889, 51.929827777777774], [7.67311, 51.929852777777775], [7.673153888888889, 51.92986388888889], [7.673760000000001, 51.93002], [7.67393, 51.93006472222222], [7.674087777777778, 51.93010583333333], [7.674127777777778, 51.93011583333333], [7.67419, 51.93013194444444], [7.674650833333334, 51.93025083333333], [7.674880833333334, 51.93030888888889], [7.674880833333334, 51.93030888888889], [7.6749350000000005, 51.930322777777775], [7.675585, 51.93049194444444], [7.675720833333334, 51.93051583333333], [7.675851944444445, 51.930525833333334], [7.676027777777778, 51.930524999999996], [7.676150000000001, 51.93051277777778], [7.676286944444445, 51.93048472222222], [7.676495833333334, 51.93043194444444], [7.676940833333334, 51.93031472222222], [7.677230833333334, 51.93024194444444], [7.677485833333334, 51.93017888888889], [7.677530833333334, 51.930166944444444], [7.677745833333334, 51.93011083333333], [7.678265833333334, 51.92997583333333], [7.678660000000001, 51.929877777777776], [7.678728888888889, 51.92986083333333], [7.679066944444445, 51.92977583333333], [7.679201944444444, 51.92975388888889], [7.679460000000001, 51.92971277777777], [7.679548888888889, 51.929697777777776], [7.6797200000000005, 51.92967083333333], [7.679957777777778, 51.929631944444445], [7.679957777777778, 51.929631944444445], [7.680142777777778, 51.929602777777774], [7.680186944444444, 51.92959472222222], [7.68027, 51.92958194444444], [7.6806519444444445, 51.92952277777778], [7.681017777777778, 51.92944583333333], [7.681098888888889, 51.929423888888884], [7.681207777777778, 51.92939277777778], [7.681415, 51.92932777777778], [7.681683888888889, 51.92924277777777], [7.681780833333334, 51.92921083333333], [7.6818800000000005, 51.929177777777774], [7.6824369444444445, 51.928995], [7.682495833333333, 51.928974999999994], [7.6826227777777785, 51.928933888888885], [7.682926944444445, 51.92883277777778], [7.682990833333333, 51.92881388888889], [7.683355000000001, 51.92872083333333], [7.683355000000001, 51.92872083333333], [7.683400833333334, 51.928708888888885], [7.683610833333334, 51.928664999999995], [7.683655833333334, 51.92864083333333], [7.683705833333334, 51.928625], [7.683821944444444, 51.92860694444444], [7.683876944444445, 51.928598888888885], [7.683992777777778, 51.92859583333333], [7.684082777777778, 51.92860388888889], [7.684388888888889, 51.92857083333333], [7.686562777777778, 51.92834777777777], [7.686608888888889, 51.92834277777778], [7.687711944444445, 51.92823], [7.687925833333334, 51.92820194444444], [7.688386944444445, 51.92814194444444], [7.688386944444445, 51.92814194444444], [7.68904, 51.928040833333334], [7.689513888888889, 51.92792972222222], [7.689796944444445, 51.92785277777777], [7.690148888888889, 51.92773888888889], [7.690348888888889, 51.927658888888885], [7.690622777777778, 51.92753], [7.6912819444444445, 51.92717277777778], [7.691628888888889, 51.926965833333334], [7.691665, 51.92694583333333], [7.691665, 51.92694583333333], [7.692823888888889, 51.926272777777776], [7.693243888888889, 51.92607583333333], [7.693446944444445, 51.92600083333333], [7.693537777777778, 51.92596777777778], [7.694226944444445, 51.92573083333333], [7.697055833333334, 51.92478694444444], [7.697538888888889, 51.924638888888886], [7.697538888888889, 51.924638888888886], [7.698105, 51.924465], [7.698166944444445, 51.92444194444444], [7.698788888888889, 51.924245], [7.699470833333334, 51.92401472222222], [7.699880833333333, 51.923876944444444], [7.700122777777778, 51.92377277777778], [7.700343888888889, 51.92365777777778], [7.700527777777778, 51.923542777777776], [7.700687777777778, 51.923428888888886], [7.700771944444445, 51.923355], [7.700832777777778, 51.92327583333333], [7.70091, 51.92312583333333], [7.700940833333333, 51.92298694444444], [7.7009469444444445, 51.92287694444444], [7.700941944444445, 51.92278972222222], [7.7009138888888895, 51.92268083333333], [7.700825833333334, 51.92250583333333], [7.700795, 51.922422777777776], [7.700785, 51.92235472222222], [7.7007900000000005, 51.92215777777778], [7.700810833333334, 51.92197083333333], [7.7008438888888895, 51.921705833333334], [7.700847777777778, 51.92169], [7.700847777777778, 51.92169], [7.700880833333334, 51.921551944444445], [7.7009558333333334, 51.92137583333333], [7.7010700000000005, 51.921215], [7.701170833333333, 51.92113972222222], [7.701297777777778, 51.921074999999995], [7.7014619444444445, 51.921013888888886], [7.701928888888889, 51.920873888888885], [7.702103888888889, 51.92080083333333], [7.702232777777778, 51.92071694444444], [7.702373888888889, 51.920583888888885], [7.702470833333334, 51.920448888888885], [7.702590833333334, 51.920158888888885], [7.702705833333334, 51.919933888888885], [7.7028, 51.919822777777775], [7.702897777777778, 51.91974777777777], [7.702897777777778, 51.91974777777777], [7.702943888888889, 51.91971888888889], [7.70333, 51.91953083333333], [7.703860000000001, 51.919265833333334], [7.704883888888889, 51.91873888888889], [7.705257777777778, 51.918567777777774], [7.705561944444445, 51.91844083333333], [7.705873888888889, 51.91832083333333], [7.706151944444445, 51.91823194444444], [7.706151944444445, 51.91823194444444], [7.7062, 51.91821583333333], [7.706520833333333, 51.918123888888886], [7.70683, 51.918045], [7.7071250000000004, 51.917984999999994], [7.7074219444444445, 51.91792583333333], [7.70751, 51.91790888888889], [7.707717777777778, 51.91787], [7.70784, 51.91784777777777], [7.708901944444444, 51.91768472222222], [7.709530833333334, 51.91757583333333], [7.710267777777778, 51.917447777777774], [7.71089, 51.917338888888885], [7.711050833333333, 51.91731083333333], [7.712135, 51.91712388888889], [7.712765833333333, 51.91701388888889], [7.713646944444444, 51.91686], [7.715471944444444, 51.91654388888889], [7.716747777777778, 51.91632388888889], [7.717106944444445, 51.91627], [7.717660833333333, 51.91619083333333], [7.717660833333333, 51.91619083333333], [7.718041944444445, 51.916136944444446], [7.718292777777778, 51.91609972222222], [7.72029, 51.91587888888889], [7.720578888888889, 51.91584388888889], [7.720865, 51.91582], [7.720865, 51.91582], [7.7211308333333335, 51.915796944444445], [7.721396944444445, 51.91578694444444], [7.721793888888889, 51.91580694444444], [7.722887777777778, 51.915861944444444], [7.723465, 51.91589888888889], [7.724451944444445, 51.915955833333335], [7.724681944444445, 51.91595777777778], [7.724900833333334, 51.91593888888889], [7.725157777777778, 51.91589388888889], [7.725142777777778, 51.91586083333333], [7.725143888888889, 51.91582694444444], [7.7251650000000005, 51.91579], [7.725200833333333, 51.91576083333333], [7.725248888888889, 51.91574083333333], [7.725105, 51.915570833333334], [7.725036944444445, 51.91547583333333], [7.724857777777778, 51.91525194444444], [7.724857777777778, 51.91525194444444], [7.724662777777778, 51.91500694444444], [7.724552777777778, 51.914853888888885], [7.724537777777778, 51.914831944444444], [7.724450833333333, 51.91470388888889], [7.724326944444445, 51.91453], [7.724306944444445, 51.9145], [7.724105, 51.91419583333333], [7.723951944444445, 51.913983888888886], [7.723881944444445, 51.913887777777774], [7.723795, 51.913765], [7.723684722222222, 51.91361083333333], [7.723590833333334, 51.91347888888889], [7.7230558333333335, 51.912774999999996], [7.72281, 51.912458888888885], [7.72281, 51.912458888888885], [7.7226719444444445, 51.912279999999996], [7.722397777777778, 51.912135], [7.7222, 51.91205194444444], [7.72193, 51.91197388888889], [7.7210600000000005, 51.911881944444445], [7.720585833333334, 51.911825], [7.720172777777778, 51.91177583333333], [7.719846944444445, 51.91173694444444], [7.719340833333334, 51.911676944444444], [7.719340833333334, 51.911676944444444], [7.719263888888889, 51.91166777777778], [7.718867777777778, 51.91162194444444], [7.715772777777778, 51.911251944444444], [7.716420833333333, 51.91063388888889]]}}, {"type": "Feature", "properties": {"route_id": "9", "name": "9", "color": "#AA7823", "label_lon": 7.622871944444445, "label_lat": 51.966276944444445}, "geometry": {"type": "LineString", "coordinates": [[7.619475, 52.04116277777778], [7.619471944444445, 52.041201944444445], [7.619462777777779, 52.041315], [7.619457777777778, 52.04138583333333], [7.619427777777778, 52.04170388888889], [7.619400833333334, 52.041797777777774], [7.619291944444445, 52.041995], [7.618923888888889, 52.04244194444444], [7.618668888888889, 52.04267194444444], [7.618557777777778, 52.04273694444444], [7.618495833333334, 52.04275], [7.618410833333334, 52.04275194444444], [7.618320833333334, 52.04273583333333], [7.617888888888889, 52.04261583333333], [7.61745888888889, 52.042496944444444], [7.617055000000001, 52.042384999999996], [7.616718888888889, 52.04229194444444], [7.616345, 52.04218777777778], [7.6159477777777775, 52.04206194444444], [7.613917777777777, 52.041282777777774], [7.613576944444444, 52.041185], [7.613289999999999, 52.04116277777778], [7.612948888888888, 52.04116777777777], [7.612889999999999, 52.04117], [7.612889999999999, 52.04117], [7.612875, 52.04117083333333], [7.612363888888889, 52.04120694444444], [7.612195833333333, 52.04123083333333], [7.612026944444444, 52.04127583333333], [7.6118999999999994, 52.041332777777775], [7.611389999999999, 52.04170083333333], [7.611253888888888, 52.041798888888884], [7.610658888888889, 52.04221777777778], [7.610512777777777, 52.04230083333333], [7.61023, 52.042430833333334], [7.609922777777777, 52.04253083333333], [7.609743888888889, 52.04257277777778], [7.604681944444444, 52.04361083333333], [7.601579999999999, 52.04423194444444], [7.601395833333333, 52.04425], [7.601130833333333, 52.04424888888889], [7.600701944444444, 52.044217777777774], [7.5954999999999995, 52.04359888888889], [7.591993888888888, 52.043166944444444], [7.591993888888888, 52.043166944444444], [7.591616944444445, 52.043119999999995], [7.590671944444444, 52.045181944444444], [7.590645833333333, 52.04524], [7.590370833333333, 52.045812777777776], [7.590083888888889, 52.046462777777776], [7.589858888888888, 52.046952777777776], [7.58956, 52.04760388888889], [7.589225833333333, 52.04833083333333], [7.588613888888888, 52.049660833333334], [7.589287777777778, 52.04976], [7.589964999999999, 52.049391944444444], [7.589964999999999, 52.049391944444444], [7.5920419444444445, 52.04826277777778], [7.593852777777777, 52.0473], [7.594908888888889, 52.04671277777778], [7.594922777777778, 52.046704999999996], [7.594922777777778, 52.046704999999996], [7.595888888888888, 52.04619388888889], [7.595975, 52.04616], [7.596028888888888, 52.04615388888889], [7.599482777777777, 52.04574083333333], [7.599620833333333, 52.045717777777774], [7.599727777777778, 52.04566777777777], [7.59983, 52.04557194444444], [7.600701944444444, 52.044217777777774], [7.601130833333333, 52.04424888888889], [7.601395833333333, 52.04425], [7.601579999999999, 52.04423194444444], [7.604681944444444, 52.04361083333333], [7.609743888888889, 52.04257277777778], [7.609922777777777, 52.04253083333333], [7.61023, 52.042430833333334], [7.610512777777777, 52.04230083333333], [7.610658888888889, 52.04221777777778], [7.611253888888888, 52.041798888888884], [7.611389999999999, 52.04170083333333], [7.6118999999999994, 52.041332777777775], [7.612026944444444, 52.04127583333333], [7.612195833333333, 52.04123083333333], [7.612363888888889, 52.04120694444444], [7.612875, 52.04117083333333], [7.612948888888888, 52.04116777777777], [7.613289999999999, 52.04116277777778], [7.613315833333333, 52.041106944444444], [7.61346, 52.04087777777777], [7.613576944444444, 52.040704999999996], [7.613860833333333, 52.04029], [7.6137838888888885, 52.04027194444444], [7.6137838888888885, 52.04027194444444], [7.613860833333333, 52.04029], [7.614108888888889, 52.039921944444444], [7.6143527777777775, 52.03955583333333], [7.614405, 52.03949], [7.614465833333333, 52.03943888888889], [7.614558888888888, 52.03939277777778], [7.614713888888889, 52.03933388888888], [7.615130833333333, 52.03918777777778], [7.6161369444444444, 52.03886277777777], [7.617052777777778, 52.03856], [7.617975833333333, 52.03823694444444], [7.618293888888889, 52.038125], [7.618508888888889, 52.03806888888889], [7.61871, 52.038042777777775], [7.619691944444445, 52.03808194444444], [7.619687777777778, 52.038130833333334], [7.619678888888889, 52.03827083333333], [7.619632777777778, 52.038978888888884], [7.619580833333334, 52.03971583333333], [7.619510000000001, 52.040684999999996], [7.619488888888889, 52.040968888888884], [7.619471944444445, 52.041201944444445], [7.619462777777779, 52.041315], [7.619457777777778, 52.04138583333333], [7.619527777777778, 52.041419999999995], [7.6196608333333335, 52.04153888888889], [7.6196608333333335, 52.04153888888889], [7.6196769444444445, 52.04155194444444], [7.619702777777778, 52.04158388888889], [7.619705000000001, 52.04163277777778], [7.619675833333334, 52.04166277777777], [7.619626944444445, 52.04168694444444], [7.619521944444445, 52.04170083333333], [7.619427777777778, 52.04170388888889], [7.619457777777778, 52.04138583333333], [7.619462777777779, 52.041315], [7.619471944444445, 52.041201944444445], [7.619488888888889, 52.040968888888884], [7.619510000000001, 52.040684999999996], [7.619580833333334, 52.03971583333333], [7.619632777777778, 52.038978888888884], [7.619678888888889, 52.03827083333333], [7.619687777777778, 52.038130833333334], [7.619691944444445, 52.03808194444444], [7.619717777777778, 52.03770194444444], [7.619760833333334, 52.037145833333334], [7.619773888888889, 52.03695], [7.619773888888889, 52.03695], [7.619807777777778, 52.036452777777775], [7.619831944444445, 52.03615583333333], [7.619847777777778, 52.03589888888889], [7.61987388888889, 52.035642777777774], [7.61988, 52.03555194444444], [7.619896944444445, 52.03527583333333], [7.6199038888888895, 52.03516583333333], [7.619906944444445, 52.0351], [7.619917777777778, 52.034903888888884], [7.619940000000001, 52.034555], [7.619942777777778, 52.03449888888888], [7.619960833333334, 52.03418083333333], [7.6199658333333335, 52.03409388888889], [7.619951944444445, 52.033825], [7.619883888888889, 52.033535], [7.619883888888889, 52.033535], [7.619805, 52.033195], [7.6196850000000005, 52.032671944444445], [7.6196527777777785, 52.03252083333333], [7.619677777777778, 52.03239388888889], [7.619706944444445, 52.032332777777775], [7.619745000000001, 52.03228194444444], [7.619827777777778, 52.032201944444445], [7.6198958333333335, 52.03216], [7.61996888888889, 52.03211888888889], [7.620095833333334, 52.03203694444444], [7.6202700000000005, 52.031952777777775], [7.620441944444445, 52.03189888888889], [7.620565, 52.03187583333333], [7.62032, 52.03136583333333], [7.62032, 52.03136583333333], [7.619930833333334, 52.03055888888889], [7.6192777777777785, 52.02916583333333], [7.61895888888889, 52.028395833333335], [7.618726944444445, 52.02780583333333], [7.61832888888889, 52.026558888888886], [7.61832888888889, 52.026558888888886], [7.618272777777778, 52.026382777777776], [7.61826, 52.026335833333334], [7.618035000000001, 52.02552194444444], [7.617208888888889, 52.02200194444444], [7.61673388888889, 52.01993777777778], [7.616345833333333, 52.01826888888889], [7.616192777777777, 52.01761583333333], [7.616010833333333, 52.01682388888889], [7.615765833333333, 52.01576277777778], [7.615568888888888, 52.01490388888889], [7.615512777777777, 52.01467], [7.61532, 52.01385694444444], [7.615237777777778, 52.01343694444444], [7.615122777777778, 52.012746944444444], [7.615086944444444, 52.01219777777778], [7.6150577777777775, 52.01143277777778], [7.615045833333333, 52.011135833333334], [7.614993888888889, 52.00979], [7.614965, 52.00916], [7.614949999999999, 52.008582777777775], [7.614926944444444, 52.00790388888889], [7.6149249999999995, 52.00785], [7.6149249999999995, 52.00785], [7.614912777777778, 52.007577777777776], [7.61491, 52.00748], [7.614842777777778, 52.00578388888889], [7.6148388888888885, 52.00558777777778], [7.614803888888889, 52.004643888888886], [7.614803888888889, 52.00452277777778], [7.614783888888889, 52.00405194444444], [7.614772777777778, 52.00374277777778], [7.614772777777778, 52.00374277777778], [7.6147688888888885, 52.00360777777778], [7.614733888888889, 52.003008888888886], [7.614693888888889, 52.00278083333333], [7.614680833333333, 52.002718888888886], [7.614655833333333, 52.002605], [7.614576944444444, 52.0023], [7.614545, 52.002177777777774], [7.614473888888888, 52.00190083333333], [7.614465, 52.001867777777775], [7.614423888888888, 52.00171777777778], [7.614337777777777, 52.00138], [7.614274999999999, 52.001131944444445], [7.614258888888888, 52.00106777777778], [7.614215, 52.001018888888886], [7.614165, 52.00089083333334], [7.614052777777777, 52.00044388888889], [7.613895833333333, 51.99982583333333], [7.613805833333333, 51.99946694444444], [7.613653888888889, 51.99888583333333], [7.613594166666666, 51.998892222222224], [7.613653888888889, 51.99888583333333], [7.613636944444444, 51.998821944444444], [7.613636944444444, 51.998821944444444], [7.613627777777777, 51.99878777777778], [7.613626944444444, 51.99878277777778], [7.6135230555555555, 51.9987925], [7.613626944444444, 51.99878277777778], [7.613572777777778, 51.99854583333333], [7.613521944444444, 51.99836694444445], [7.613401944444444, 51.99794777777778], [7.613355833333333, 51.99779388888889], [7.6132358333333325, 51.99781], [7.613037777777778, 51.99783194444444], [7.61231, 51.997910833333336], [7.612256944444444, 51.997915], [7.612195833333333, 51.99791888888889], [7.612195833333333, 51.99791888888889], [7.612218888888888, 51.99791777777778], [7.612083888888889, 51.997926944444444], [7.611791944444444, 51.99794194444445], [7.611726944444444, 51.99794083333333], [7.6115949999999994, 51.99794], [7.611120833333333, 51.99790888888889], [7.610550833333333, 51.99785694444444], [7.609948888888889, 51.99778388888889], [7.609254999999999, 51.997685833333335], [7.608313888888889, 51.99751388888889], [7.608313888888889, 51.99751388888889], [7.608156944444444, 51.997485833333336], [7.607850833333333, 51.99742583333333], [7.607615, 51.99737888888889], [7.606896944444444, 51.99724888888889], [7.606485833333333, 51.99719888888889], [7.606065, 51.997165833333334], [7.605865833333333, 51.99715583333334], [7.605840833333333, 51.997155], [7.605580833333333, 51.997146944444445], [7.605496944444444, 51.997146944444445], [7.60518, 51.99714083333333], [7.604550833333333, 51.9971], [7.604197777777777, 51.99707194444444], [7.603741944444444, 51.99704], [7.603493888888888, 51.99702888888889], [7.603205, 51.997012777777776], [7.60267, 51.99697888888889], [7.602383888888888, 51.99696194444444], [7.602321944444444, 51.99696083333333], [7.602321944444444, 51.99696083333333], [7.602095833333333, 51.99695583333333], [7.60199, 51.996955], [7.601299999999999, 51.996925], [7.600314999999999, 51.996935], [7.600266944444444, 51.99693388888889], [7.600167777777777, 51.99693194444445], [7.600147777777777, 51.996986944444444], [7.6000877777777776, 51.99702888888889], [7.6, 51.99704777777778], [7.599934999999999, 51.99704583333333], [7.59988, 51.99703], [7.599833888888889, 51.99700388888889], [7.599796944444444, 51.996942777777775], [7.5998077777777775, 51.996895], [7.599826944444444, 51.99687194444444], [7.599887777777777, 51.996835833333336], [7.599951944444444, 51.99682194444445], [7.599940833333333, 51.996765], [7.599937777777778, 51.99673388888889], [7.599943888888888, 51.99663], [7.599984999999999, 51.99655277777778], [7.600054999999999, 51.996475833333335], [7.600132777777778, 51.99641888888889], [7.600132777777778, 51.99641888888889], [7.600165833333333, 51.996395], [7.600241944444444, 51.99635388888889], [7.600497777777777, 51.996230833333335], [7.600597777777778, 51.99617777777778], [7.601077777777777, 51.99577], [7.601408888888889, 51.995485], [7.601436944444444, 51.99542777777778], [7.601492777777778, 51.99537194444444], [7.601534999999999, 51.995311944444445], [7.601565, 51.99523777777778], [7.601571944444444, 51.99518277777778], [7.6015427777777775, 51.99507777777778], [7.6014969444444445, 51.99505], [7.6014719444444445, 51.99501194444444], [7.601480833333333, 51.994951944444445], [7.601517777777778, 51.99491888888889], [7.601417777777778, 51.99486], [7.601185, 51.994725], [7.601068888888888, 51.99466], [7.600688888888889, 51.994461944444446], [7.599890833333333, 51.994081944444446], [7.599393888888889, 51.993845], [7.599215, 51.99371], [7.599105, 51.993610000000004], [7.599007777777778, 51.99349], [7.598942777777777, 51.99338888888889], [7.598855833333333, 51.99321388888889], [7.598845833333333, 51.99312194444445], [7.598842777777778, 51.993025], [7.598861944444444, 51.992525], [7.598878888888889, 51.99224388888889], [7.598888888888888, 51.99209194444445], [7.5986658333333335, 51.992086944444445], [7.598285, 51.992085], [7.597955833333333, 51.992105], [7.597955833333333, 51.992105], [7.597852777777778, 51.99212], [7.5976638888888886, 51.992155000000004], [7.597496944444444, 51.99220694444445], [7.597315, 51.99227694444445], [7.597203888888888, 51.99230388888889], [7.597142777777777, 51.99230583333333], [7.597087777777777, 51.99229583333334], [7.597010833333333, 51.992266944444445], [7.596310833333333, 51.99193], [7.595375833333333, 51.99156388888889], [7.595028888888889, 51.99142888888889], [7.595028888888889, 51.99142888888889], [7.594838888888889, 51.991355], [7.594164999999999, 51.991105], [7.593768888888889, 51.99093777777778], [7.593251944444444, 51.99074388888889], [7.59287, 51.99059583333334], [7.592485833333333, 51.990445], [7.592435833333333, 51.990415], [7.592429999999999, 51.99039777777778], [7.592440833333333, 51.990363888888886], [7.592491944444444, 51.99031083333333], [7.59284, 51.990030000000004], [7.5933327777777775, 51.989646944444445], [7.593476944444444, 51.98953888888889], [7.593740833333333, 51.989315], [7.593830833333333, 51.989241944444444], [7.594067777777777, 51.989020000000004], [7.594278888888889, 51.98880694444445], [7.594278888888889, 51.98880694444445], [7.594391944444444, 51.988675], [7.594452777777778, 51.98858388888889], [7.594472777777778, 51.988530833333336], [7.5938, 51.988435833333334], [7.593515, 51.98838277777778], [7.593273888888889, 51.988315], [7.593062777777777, 51.98824277777778], [7.592915833333333, 51.98818277777778], [7.592807777777778, 51.98813277777778], [7.592093888888889, 51.98775], [7.591696944444444, 51.98757694444445], [7.5911977777777775, 51.987385], [7.590946944444444, 51.987296944444445], [7.590349722222222, 51.987125], [7.589956944444444, 51.987055], [7.589638888888889, 51.98702083333333], [7.589421944444444, 51.98700777777778], [7.5888358333333334, 51.986985833333335], [7.588728888888888, 51.98696277777778], [7.588693888888889, 51.98694583333334], [7.5886177777777775, 51.986885], [7.5885927777777775, 51.98680888888889], [7.5885927777777775, 51.98680888888889], [7.588630833333333, 51.98655194444444], [7.5886877777777775, 51.98625777777778], [7.588813888888889, 51.98561888888889], [7.588816944444444, 51.98560277777778], [7.588961944444444, 51.984875833333334], [7.588970833333333, 51.98466694444445], [7.588963888888888, 51.984586944444445], [7.588928888888889, 51.984501944444446], [7.588928888888889, 51.984501944444446], [7.5889219444444445, 51.98448777777778], [7.588850833333333, 51.984390833333336], [7.588785, 51.98432777777778], [7.588640833333333, 51.98423888888889], [7.5885299999999996, 51.984175], [7.5884269444444445, 51.984115833333334], [7.588448888888888, 51.98410194444445], [7.589067777777777, 51.98372888888889], [7.589067777777777, 51.98372888888889], [7.5905338888888885, 51.98288388888889], [7.593842777777778, 51.980936944444444], [7.595135833333333, 51.98017388888889], [7.595135833333333, 51.98017388888889], [7.596503888888889, 51.97936694444444], [7.597595833333333, 51.97864777777778], [7.597786944444445, 51.97853888888889], [7.597946944444444, 51.97844694444445], [7.5990577777777775, 51.97780388888889], [7.5994069444444445, 51.97759277777778], [7.599583888888889, 51.97749], [7.600219999999999, 51.97714388888889], [7.600400833333333, 51.97704277777778], [7.600415833333333, 51.977035], [7.600415833333333, 51.977035], [7.600481944444444, 51.97699777777778], [7.600992777777777, 51.97670194444444], [7.601242777777777, 51.976551944444445], [7.601415833333333, 51.97645194444445], [7.602075833333333, 51.97607388888889], [7.602460833333333, 51.97585388888889], [7.602902777777778, 51.9756], [7.603063888888888, 51.975505000000005], [7.603088888888888, 51.97549], [7.603215, 51.97541583333334], [7.603899999999999, 51.97501277777778], [7.604145, 51.97486888888889], [7.604248888888889, 51.974806944444445], [7.604248888888889, 51.974806944444445], [7.604580833333333, 51.97461194444445], [7.604680833333333, 51.974555], [7.604877777777777, 51.974429722222226], [7.6050008333333325, 51.97435194444444], [7.6053138888888885, 51.97412888888889], [7.605630833333333, 51.97392777777778], [7.605965833333333, 51.97373694444445], [7.606261944444444, 51.973575000000004], [7.606328888888888, 51.97353777777778], [7.606395833333333, 51.97349583333334], [7.606543888888888, 51.97339888888889], [7.606561944444444, 51.97340777777778], [7.606562777777778, 51.9734075], [7.606561944444444, 51.97340777777778], [7.606675, 51.973465833333336], [7.60675, 51.973505], [7.6067849999999995, 51.97352194444445], [7.607060833333333, 51.97364777777778], [7.607261944444444, 51.973731944444445], [7.607581944444444, 51.973846944444446], [7.6078238888888885, 51.97391972222223], [7.608092777777777, 51.973981944444446], [7.608118888888889, 51.97398777777778], [7.608600833333333, 51.97406388888889], [7.608711944444444, 51.97407583333334], [7.608711944444444, 51.97407583333334], [7.608716944444444, 51.97407694444445], [7.608891944444444, 51.97409777777778], [7.609025, 51.974111944444445], [7.609091944444444, 51.97411888888889], [7.609230833333333, 51.97413], [7.60943, 51.97414194444445], [7.609681944444444, 51.97414888888889], [7.609912777777778, 51.974155833333334], [7.609917777777778, 51.9740875], [7.609912777777778, 51.974155833333334], [7.609990833333333, 51.974157777777776], [7.610070833333333, 51.974159722222225], [7.6101858333333325, 51.97416277777778], [7.610338888888888, 51.974180833333335], [7.610503888888888, 51.97419888888889], [7.610947777777778, 51.97421], [7.612060833333333, 51.97423694444445], [7.6120688888888886, 51.97423694444445], [7.612115833333333, 51.97423777777778], [7.612272777777777, 51.974241944444444], [7.612285, 51.97414472222222], [7.612300833333333, 51.974115833333336], [7.612355833333333, 51.973975833333334], [7.6123738888888886, 51.973731944444445], [7.61238, 51.973616944444444], [7.61238, 51.973616944444444], [7.612386944444444, 51.97349194444445], [7.6123908333333326, 51.97343388888889], [7.612395833333333, 51.973376944444446], [7.612423888888888, 51.9731], [7.612438888888889, 51.97294277777778], [7.612461944444444, 51.97261777777778], [7.612509999999999, 51.97226388888889], [7.612540833333333, 51.97205], [7.6125799999999995, 51.97153083333333], [7.6125799999999995, 51.97153083333333], [7.6125799999999995, 51.97151777777778], [7.612577777777777, 51.97137583333333], [7.612575833333333, 51.97129], [7.612575, 51.97127888888889], [7.612565833333333, 51.971165], [7.6125927777777775, 51.97078277777778], [7.6125927777777775, 51.970490833333336], [7.6125927777777775, 51.97029694444445], [7.612591944444444, 51.97011194444445], [7.612570833333333, 51.96975777777778], [7.612510833333333, 51.96963888888889], [7.612475833333333, 51.96953388888889], [7.612457777777777, 51.96947777777778], [7.612368888888889, 51.96940888888889], [7.612375833333333, 51.969280833333336], [7.612541944444444, 51.96915388888889], [7.612878888888889, 51.968905], [7.613081944444444, 51.96875388888889], [7.613081944444444, 51.96875388888889], [7.613088888888888, 51.96874888888889], [7.613542777777777, 51.96841388888889], [7.613715833333333, 51.96828583333333], [7.613808888888888, 51.96821694444445], [7.613885833333333, 51.968160000000005], [7.614048888888888, 51.96803388888889], [7.614466944444444, 51.967710833333335], [7.614846944444444, 51.96741194444444], [7.614859999999999, 51.96740194444445], [7.614973888888889, 51.96734888888889], [7.615076944444444, 51.96730194444444], [7.615142777777778, 51.96726], [7.615472777777778, 51.967084722222225], [7.615685, 51.96698388888889], [7.615891944444444, 51.96688888888889], [7.61607, 51.96681777777778], [7.616292777777778, 51.96673583333334], [7.616292777777778, 51.96673583333334], [7.616292777777778, 51.96673583333334], [7.616362777777778, 51.96671083333334], [7.616586944444444, 51.96662083333334], [7.616610833333333, 51.96664388888889], [7.616586944444444, 51.96662083333334], [7.616611944444444, 51.966611944444445], [7.61667, 51.96658777777778], [7.616698888888889, 51.96657583333334], [7.61678, 51.96651583333334], [7.616976944444445, 51.966370833333336], [7.617195833333334, 51.966431944444444], [7.6172827777777785, 51.966456944444445], [7.617577777777778, 51.96653583333334], [7.61788388888889, 51.966586944444444], [7.617985000000001, 51.96659777777778], [7.618060000000001, 51.96660777777778], [7.6184408333333336, 51.966655833333334], [7.619082777777778, 51.96669583333333], [7.619315, 51.966703888888894], [7.619315, 51.966703888888894], [7.619441944444445, 51.96670777777778], [7.619665, 51.966702777777776], [7.620026944444445, 51.96668694444445], [7.620132777777778, 51.966681944444446], [7.620196944444445, 51.96667777777778], [7.621142777777778, 51.966620000000006], [7.62129, 51.966610833333334], [7.621686944444445, 51.96656194444445], [7.622260833333334, 51.966445], [7.622355833333334, 51.96642083333334], [7.622871944444445, 51.966276944444445], [7.6230850000000006, 51.96619777777778], [7.623352777777778, 51.966098888888894], [7.623587777777778, 51.966005], [7.6237369444444445, 51.965943888888894], [7.624226944444445, 51.965715], [7.624245833333334, 51.96570694444445], [7.62438, 51.96564888888889], [7.624745833333334, 51.96552194444445], [7.624972777777778, 51.96546194444445], [7.6256, 51.96534888888889], [7.62578888888889, 51.96532083333334], [7.626146944444445, 51.965290833333334], [7.6263538888888895, 51.965291944444445], [7.62651388888889, 51.96529888888889], [7.626615, 51.96530388888889], [7.626827777777779, 51.96530583333334], [7.626900000000001, 51.965305], [7.62698388888889, 51.96530083333334], [7.62698388888889, 51.96530083333334], [7.626998888888889, 51.965300000000006], [7.627080833333334, 51.965295833333336], [7.6272777777777785, 51.965265], [7.627322777777779, 51.965255000000006], [7.627342777777779, 51.965250833333336], [7.627532777777779, 51.96519194444445], [7.627875833333333, 51.965055], [7.628176944444445, 51.96492083333334], [7.628313888888889, 51.96485083333334], [7.628396944444445, 51.96479777777778], [7.628442777777778, 51.964765], [7.628441944444445, 51.964765], [7.628442777777778, 51.964765], [7.628537777777778, 51.96469694444445], [7.628650833333333, 51.96460777777778], [7.628741944444445, 51.964558888888895], [7.628901944444445, 51.96449694444445], [7.628922222222223, 51.96451888888889], [7.628901944444445, 51.96449694444445], [7.629351944444445, 51.96434083333334], [7.6295858333333335, 51.964265833333336], [7.630021944444445, 51.96414194444445], [7.6300469444444445, 51.96413583333334], [7.6302488888888895, 51.964085833333336], [7.630602777777778, 51.96397], [7.630785833333333, 51.963906944444446], [7.630785833333333, 51.963906944444446], [7.630926944444445, 51.96385888888889], [7.631095833333334, 51.96378194444445], [7.631105833333334, 51.96377777777778], [7.631207777777778, 51.963701944444445], [7.6313127777777785, 51.963592777777784], [7.631585, 51.963258888888895], [7.631760000000001, 51.963050833333334], [7.631825833333334, 51.96297388888889], [7.631953888888889, 51.96285777777778], [7.632043888888889, 51.96279277777778], [7.632418888888889, 51.96260388888889], [7.632633888888889, 51.96250194444445], [7.632852777777778, 51.962380833333334], [7.633061944444445, 51.96228083333334], [7.633276944444445, 51.962203888888894], [7.63343, 51.962138888888894], [7.633629999999999, 51.96208083333334], [7.633761944444444, 51.962045], [7.633862777777777, 51.96203083333334], [7.633996944444444, 51.96202], [7.634362777777778, 51.96201], [7.634668888888888, 51.962005000000005], [7.635097777777777, 51.96199083333334], [7.63538, 51.96194694444445], [7.63538, 51.96187694444445], [7.635372777777778, 51.961820833333334], [7.635314999999999, 51.96150194444445], [7.635236944444444, 51.961133888888895], [7.635225833333333, 51.96107888888889], [7.635191944444444, 51.96091583333334], [7.635191944444444, 51.96091583333334], [7.6351627777777775, 51.960772777777784], [7.635140833333333, 51.960665000000006], [7.63509, 51.96040888888889], [7.63509, 51.96040777777778], [7.635083888888889, 51.960368888888894], [7.635067777777778, 51.96013083333334], [7.635053888888889, 51.95997388888889], [7.635045, 51.95987277777778], [7.635034999999999, 51.95973888888889], [7.634866944444444, 51.959525], [7.634810833333333, 51.95929], [7.634804999999999, 51.95926277777778], [7.634759999999999, 51.959073888888895], [7.6345688888888885, 51.95843388888889], [7.634542777777777, 51.958350833333334], [7.634524999999999, 51.95829888888889], [7.634475833333333, 51.958126944444444], [7.634408888888888, 51.95789194444445], [7.6343, 51.957520833333334], [7.6343, 51.957520833333334], [7.634271944444444, 51.95742694444445], [7.634215833333333, 51.957245], [7.6341319444444435, 51.95706388888889], [7.633995, 51.95684888888889], [7.633892777777778, 51.956720000000004], [7.6336627777777775, 51.95652777777778], [7.6334188888888885, 51.95633083333334], [7.633295, 51.956230000000005], [7.633187777777779, 51.956145], [7.632841944444445, 51.955866944444445], [7.632750833333334, 51.95577194444445], [7.6326438888888894, 51.955795], [7.631993888888889, 51.95598777777778], [7.631873888888889, 51.95603194444445], [7.631390833333334, 51.95620388888889], [7.63134888888889, 51.95621888888889], [7.631280833333334, 51.95624277777778], [7.631223888888889, 51.95626277777778], [7.6311350000000004, 51.956293888888894], [7.630915833333334, 51.95636694444445], [7.630716944444445, 51.95643277777778], [7.630581944444445, 51.95647777777778], [7.630417777777779, 51.95650583333334], [7.630321944444445, 51.956495000000004], [7.630090833333334, 51.95644777777778], [7.629947777777779, 51.95639777777778], [7.629813888888889, 51.95635083333334], [7.629652777777778, 51.956293888888894], [7.628772777777778, 51.95598888888889], [7.6285219444444445, 51.95592083333334], [7.628322777777778, 51.95587694444445], [7.628005000000001, 51.955830000000006], [7.627703888888889, 51.955803888888894], [7.627698888888889, 51.95586777777778], [7.627698888888889, 51.95586777777778], [7.627703888888889, 51.955803888888894], [7.627508888888889, 51.95579194444445], [7.627335833333333, 51.955795], [7.627253888888889, 51.95579888888889], [7.627037777777779, 51.9558], [7.627023888888889, 51.95590083333334], [7.626965, 51.95599388888889], [7.6268650000000004, 51.956073888888895], [7.626733888888889, 51.95613388888889], [7.626618888888889, 51.956161944444446], [7.626497777777778, 51.956175], [7.626317777777778, 51.956163888888895], [7.626205000000001, 51.956136944444445], [7.626102777777779, 51.95609777777778], [7.626016944444445, 51.956045], [7.6259258333333335, 51.95594888888889], [7.625887777777778, 51.95584083333333], [7.625905833333333, 51.95573], [7.625967777777778, 51.95563777777778], [7.62606888888889, 51.95556083333334], [7.6261527777777784, 51.95552083333334], [7.626248888888889, 51.955489722222225], [7.626405, 51.955466944444446], [7.626371944444445, 51.955335000000005], [7.626311944444445, 51.95507583333334], [7.626060833333334, 51.95428583333334], [7.6258550000000005, 51.953651944444445], [7.62584, 51.953605], [7.625793888888889, 51.95346277777778], [7.625772777777779, 51.95339777777778], [7.62571388888889, 51.95321694444445], [7.625685833333334, 51.95312694444445], [7.625605, 51.952875000000006], [7.625605, 51.952875000000006], [7.625588888888889, 51.95282277777778], [7.625555833333334, 51.95271888888889], [7.625516944444445, 51.95259], [7.625485, 51.952491944444446], [7.625365, 51.95211777777778], [7.625247777777778, 51.95175694444445], [7.625226944444445, 51.95169083333334], [7.625146944444445, 51.95145194444445], [7.624991944444445, 51.95099388888889], [7.624950833333334, 51.95087083333333], [7.624896944444445, 51.95070277777778], [7.624770000000001, 51.95030888888889], [7.62473388888889, 51.95019277777778], [7.624583888888889, 51.949765], [7.624521944444445, 51.94957583333333], [7.624482777777779, 51.94944777777778], [7.624447777777778, 51.94933194444444], [7.624447777777778, 51.94933194444444], [7.624433888888889, 51.94928694444444], [7.624300000000001, 51.94884194444444], [7.624265, 51.948735], [7.624206944444445, 51.94856583333333], [7.624071944444445, 51.94817388888889], [7.623948888888889, 51.947815], [7.623943888888889, 51.947799999999994], [7.623935, 51.94777194444444], [7.623903888888889, 51.947669999999995], [7.623895833333334, 51.947643888888884], [7.623892777777778, 51.947635], [7.623767777777778, 51.94721388888888], [7.623731944444445, 51.947087777777774], [7.623593888888889, 51.946707777777775], [7.623581944444445, 51.94667888888888], [7.623543888888889, 51.94664083333333], [7.6235100000000005, 51.94661194444444], [7.623392777777778, 51.946234999999994], [7.623342777777778, 51.94598694444444], [7.623342777777778, 51.94598694444444], [7.6233288888888895, 51.94591888888888], [7.623281944444445, 51.945665], [7.623216944444445, 51.94546277777778], [7.62320388888889, 51.94542777777777], [7.6231477777777785, 51.94525888888889], [7.623117777777778, 51.945117777777774], [7.623090833333333, 51.94492083333333], [7.623091944444445, 51.94479583333333], [7.623092777777778, 51.944745], [7.6231019444444446, 51.94468694444444], [7.623118888888889, 51.944579999999995], [7.623171944444445, 51.944255], [7.623267777777778, 51.94376888888888], [7.62344, 51.942967777777774], [7.6234777777777785, 51.94279083333333], [7.623487777777778, 51.94274083333333], [7.623613888888889, 51.94221777777778], [7.623615833333334, 51.942209999999996], [7.623615833333334, 51.942209999999996], [7.623620000000001, 51.94219194444444], [7.623648888888889, 51.942065], [7.623670833333334, 51.94196888888889], [7.623692777777778, 51.941872777777775], [7.623718888888889, 51.94176777777778], [7.623735000000001, 51.94170083333333], [7.623760000000001, 51.94159777777777], [7.623942777777779, 51.94102694444444], [7.623996944444445, 51.94085888888888], [7.6240169444444446, 51.940793888888884], [7.6242, 51.94020388888889], [7.624271944444445, 51.939883888888886], [7.624311944444445, 51.93973083333333], [7.624311944444445, 51.93973083333333], [7.624335, 51.93964194444444], [7.624385833333334, 51.939429999999994], [7.6244008333333335, 51.939368888888886], [7.624421944444445, 51.93928083333333], [7.624433888888889, 51.93923083333333], [7.624605833333334, 51.93850888888888], [7.6247050000000005, 51.93811888888889], [7.624750833333334, 51.93793694444444], [7.62476, 51.93789694444444], [7.624785833333334, 51.93778388888889], [7.624825, 51.93761388888888], [7.625008888888889, 51.93687388888888], [7.6250350000000005, 51.936769999999996], [7.625070000000001, 51.93662888888888], [7.62508388888889, 51.936567777777775], [7.625111944444445, 51.93645194444444], [7.625148888888889, 51.93630583333333], [7.625190000000001, 51.936142777777775], [7.625301944444445, 51.93575499999999], [7.625381944444445, 51.93545583333333], [7.625475833333334, 51.9351], [7.625475833333334, 51.9351], [7.625518888888889, 51.93493888888889], [7.6255427777777784, 51.93484694444444], [7.625575833333333, 51.93472194444444], [7.625685000000001, 51.934309999999996], [7.6257069444444445, 51.93423277777777], [7.625741944444445, 51.93411583333333], [7.6258550000000005, 51.93373777777777], [7.626036944444445, 51.93328083333333], [7.626055833333334, 51.933231944444444], [7.626085000000001, 51.933155], [7.62625388888889, 51.93274694444444], [7.626333888888889, 51.93255], [7.626537777777778, 51.932063888888884], [7.626607777777778, 51.93190277777777], [7.626695000000001, 51.931695], [7.6267538888888895, 51.931555833333334], [7.6267538888888895, 51.931555833333334], [7.627015, 51.93094388888888], [7.627632777777778, 51.92951], [7.628661944444445, 51.927074999999995], [7.628755833333334, 51.926853888888886], [7.628755833333334, 51.926853888888886], [7.628797777777779, 51.926755], [7.628828888888889, 51.92667972222222], [7.628848888888889, 51.926632777777776], [7.628985833333334, 51.926313888888885], [7.629313888888889, 51.92553777777778], [7.629528888888889, 51.92502777777778], [7.629670000000001, 51.92468583333333], [7.629711944444445, 51.92458694444444], [7.629757777777778, 51.924483888888886], [7.629810000000001, 51.924371944444445], [7.629840000000001, 51.92431583333333], [7.630028888888889, 51.923968888888886], [7.630212777777778, 51.92357583333333], [7.630378888888889, 51.923177777777774], [7.630730000000001, 51.92234777777777], [7.631072777777778, 51.92153083333333], [7.631131944444445, 51.92135777777778], [7.631157777777778, 51.921278888888885], [7.631157777777778, 51.921278888888885], [7.631291944444445, 51.92086777777777], [7.631362777777778, 51.920561944444444], [7.631328333333334, 51.92055916666666], [7.631362777777778, 51.920561944444444], [7.631466944444445, 51.92005777777778], [7.631521944444445, 51.919732777777774], [7.631562777777778, 51.919488888888885], [7.631587777777778, 51.91934388888889], [7.631612777777779, 51.919196944444444], [7.631640833333334, 51.91902777777778], [7.631751944444445, 51.91870194444444], [7.631973888888889, 51.918163888888884], [7.6321200000000005, 51.91747888888889], [7.6321488888888895, 51.91736694444444], [7.6322069444444445, 51.91711], [7.6322069444444445, 51.91711], [7.632301944444445, 51.91669388888889], [7.632312777777778, 51.916648888888886], [7.63259388888889, 51.91544583333333], [7.632743888888889, 51.91478277777777], [7.632781944444445, 51.914588888888886], [7.632825, 51.91434583333333], [7.632876944444445, 51.91406388888889], [7.632881944444445, 51.91403583333333], [7.632881944444445, 51.91403583333333], [7.632876944444445, 51.91406388888889], [7.63287388888889, 51.914076944444446], [7.632876944444445, 51.91406388888889], [7.63289888888889, 51.913941944444446], [7.632905833333334, 51.913885], [7.632927777777779, 51.91372694444444], [7.6329327777777785, 51.91361583333333], [7.6329238888888895, 51.913401944444445], [7.632906944444445, 51.913215], [7.632885000000001, 51.91297083333333], [7.632871944444445, 51.91273583333333], [7.632857777777779, 51.91254083333333], [7.632843888888889, 51.912367777777774], [7.632807777777778, 51.911900833333334], [7.632801944444445, 51.91182083333333], [7.63278, 51.911521944444445], [7.632750000000001, 51.911096944444445], [7.632745833333334, 51.910512777777775], [7.632765000000001, 51.91008083333333], [7.6328000000000005, 51.90958194444444], [7.632805, 51.90949777777777], [7.632805, 51.90949777777777], [7.632808888888889, 51.90946583333333], [7.632830833333334, 51.90927388888889], [7.632857777777779, 51.90909], [7.632883888888889, 51.90890888888889], [7.632912777777778, 51.908768888888886], [7.632941944444445, 51.90864083333333], [7.632983888888889, 51.90851277777777], [7.633040833333334, 51.90834777777778], [7.633218888888889, 51.90797388888889], [7.633316944444445, 51.90779388888889], [7.633347777777777, 51.90774694444444], [7.633481944444444, 51.90754277777778], [7.633705833333333, 51.907245833333334], [7.633751944444444, 51.90718888888889], [7.633801944444444, 51.907129999999995], [7.633895, 51.90702388888889], [7.634189999999999, 51.90671388888889], [7.634449999999999, 51.90649472222222], [7.634675, 51.906305833333334], [7.6352208333333325, 51.905855833333334], [7.635479999999999, 51.90564194444444], [7.635585833333333, 51.905538888888884], [7.635624999999999, 51.905501944444445], [7.635678888888888, 51.90545], [7.635742777777777, 51.905388888888886], [7.635785833333333, 51.905345833333335], [7.6358758333333325, 51.905256944444446], [7.635979999999999, 51.90515083333333], [7.636011944444444, 51.905113888888884], [7.636011944444444, 51.905113888888884], [7.636145833333333, 51.90495694444444], [7.636203888888889, 51.90488583333333], [7.636229999999999, 51.90485472222222], [7.636354999999999, 51.90470388888889], [7.6364158333333325, 51.904625833333334], [7.636608888888889, 51.90438777777778], [7.636840833333333, 51.90409694444444], [7.636936944444444, 51.90398388888889], [7.637042777777777, 51.90385888888889], [7.637083888888888, 51.90380583333333], [7.637182777777777, 51.90368194444444], [7.63739, 51.90342277777778], [7.637512777777777, 51.903261944444445], [7.637542777777777, 51.90322194444445], [7.637691944444444, 51.90304277777778], [7.637806944444444, 51.902905], [7.637867777777777, 51.90282888888889], [7.638038888888889, 51.90261388888889], [7.638090833333333, 51.90255194444444], [7.638147777777777, 51.902481944444446], [7.638262777777777, 51.90253388888889], [7.638332777777777, 51.902563888888885], [7.638435833333332, 51.902607777777774], [7.638800833333333, 51.902746944444445], [7.638940833333333, 51.90280083333333], [7.639122777777778, 51.90287083333333], [7.639320833333333, 51.902946944444444], [7.639379999999999, 51.902968888888886], [7.639449999999999, 51.902995], [7.639515833333333, 51.90301888888889], [7.6396049999999995, 51.90305277777777], [7.6396049999999995, 51.90305277777777], [7.639633888888889, 51.90306277777778], [7.639773888888889, 51.903115], [7.640080833333333, 51.90322888888889], [7.640126944444444, 51.90324583333333], [7.64037, 51.90333583333333], [7.640463888888888, 51.90336583333333], [7.641047777777778, 51.90356777777777], [7.641399999999999, 51.903683888888885], [7.641769999999999, 51.903773888888885], [7.641770833333333, 51.903772499999995], [7.641769999999999, 51.903773888888885], [7.641898888888888, 51.90380583333333], [7.6420699999999995, 51.90384472222222], [7.642292777777778, 51.903886944444444], [7.643218888888889, 51.904020833333334], [7.643786944444444, 51.90409277777778], [7.644216944444444, 51.90415], [7.644446944444444, 51.904176944444444], [7.644494999999999, 51.90418277777778], [7.644793888888889, 51.904217777777774], [7.644793888888889, 51.904217777777774], [7.6448069444444435, 51.904219999999995], [7.64502, 51.90424194444444], [7.645205833333333, 51.90426083333333], [7.645271944444444, 51.904267777777775], [7.6456888888888885, 51.904313888888886], [7.645700833333333, 51.904315], [7.646160833333333, 51.90437194444444], [7.647173888888888, 51.90449472222222], [7.647592777777778, 51.90454277777778], [7.648091944444444, 51.9046], [7.648235833333333, 51.90461083333333], [7.649143888888888, 51.90471888888889], [7.6493199999999995, 51.90474388888889], [7.6499427777777775, 51.90483972222222], [7.650025, 51.904852777777776], [7.650157777777778, 51.904872777777776], [7.650397777777778, 51.90491083333333], [7.6504119444444445, 51.904912777777774], [7.6504119444444445, 51.904912777777774], [7.650512777777778, 51.90492888888889], [7.650525, 51.90493083333333], [7.650611944444445, 51.904945], [7.650760833333334, 51.90497388888889], [7.650991944444445, 51.905015], [7.6510677777777785, 51.90503694444444], [7.6510750000000005, 51.90503777777778], [7.651316944444445, 51.905121944444446], [7.65151, 51.90519], [7.651836944444445, 51.905296944444444], [7.6521308333333335, 51.905361944444444], [7.652537777777778, 51.90547194444444], [7.653330833333333, 51.90567583333333], [7.653795833333334, 51.905789999999996], [7.654210833333334, 51.90588277777778], [7.654277777777778, 51.90589583333333], [7.654853888888889, 51.906014722222224], [7.655260833333334, 51.90609], [7.655670833333334, 51.90615694444444], [7.656063888888889, 51.90620777777777], [7.656270833333334, 51.90623083333333], [7.656872777777778, 51.90627694444444], [7.6572008333333335, 51.90629194444444], [7.657443888888889, 51.90629694444444], [7.657771944444445, 51.906304999999996], [7.658261944444445, 51.906302777777775], [7.65877388888889, 51.90628888888889], [7.659281944444444, 51.90625694444444], [7.659398888888889, 51.90624972222222], [7.659818888888889, 51.90621083333333], [7.659950833333333, 51.906171944444445], [7.661340833333334, 51.90601], [7.661718888888889, 51.90597388888889], [7.662095000000001, 51.90592], [7.662095000000001, 51.90592], [7.662110833333334, 51.90591777777777], [7.662610833333334, 51.905855833333334], [7.6633127777777785, 51.90579583333333], [7.663646944444444, 51.905788888888885], [7.66401, 51.90579388888889], [7.664230000000001, 51.90579888888889], [7.664480833333334, 51.905812777777776], [7.66519, 51.905852777777774], [7.6670300000000005, 51.90595777777778], [7.667303888888889, 51.90597388888889], [7.6676238888888895, 51.90599472222222], [7.668477777777778, 51.90604777777778], [7.668477777777778, 51.90604777777778], [7.668542777777778, 51.90605194444444], [7.668725833333333, 51.90606277777778], [7.671445833333333, 51.90622777777778], [7.671726944444445, 51.90624472222222], [7.6726188888888895, 51.90629888888889], [7.673327777777778, 51.90633694444444], [7.673498888888889, 51.906346944444444], [7.673658888888889, 51.90631888888889], [7.673900000000001, 51.90624388888889], [7.6740200000000005, 51.90616], [7.674087777777778, 51.90609388888889], [7.674123888888889, 51.90588472222222], [7.674123888888889, 51.90588472222222], [7.674126944444445, 51.905873888888884], [7.674127777777778, 51.90584888888889], [7.674130833333334, 51.90582194444444], [7.674180833333334, 51.90539777777778], [7.674245833333334, 51.90504277777778], [7.6744819444444445, 51.90461194444444], [7.67461, 51.90449388888889], [7.674950833333334, 51.904225833333335], [7.675275, 51.90404777777778], [7.6757719444444446, 51.90374277777778], [7.676166944444445, 51.903523888888884], [7.6765300000000005, 51.90331083333333], [7.676712777777778, 51.903168888888885], [7.676850833333334, 51.90302583333333], [7.676977777777778, 51.902858888888886], [7.676982777777778, 51.90284277777778], [7.677041944444444, 51.902680833333335], [7.677048888888889, 51.90252888888889], [7.677048888888889, 51.90252888888889], [7.676988888888889, 51.90211277777777], [7.676881944444445, 51.901916944444444], [7.676740000000001, 51.901737777777775], [7.676570833333334, 51.90159083333333], [7.676268888888889, 51.901451944444446], [7.675937777777778, 51.901335833333334], [7.675123888888889, 51.90112694444444], [7.674635833333333, 51.90100888888889], [7.673850000000001, 51.900843888888886], [7.673626944444445, 51.900815], [7.673626944444445, 51.900815], [7.673345833333333, 51.900797777777775], [7.673057777777778, 51.90081694444444], [7.672872777777778, 51.90084777777778], [7.672561944444444, 51.90094472222222], [7.671676944444445, 51.90129694444445], [7.671263888888889, 51.901426944444445], [7.671181944444445, 51.90144083333333], [7.671061944444444, 51.901465], [7.6708838888888895, 51.90148694444444], [7.6707069444444445, 51.90149777777778], [7.6705419444444445, 51.901496944444446], [7.669946944444445, 51.90146194444444], [7.669387777777778, 51.90140777777778], [7.669387777777778, 51.90140777777778], [7.669077777777778, 51.901377777777775], [7.668448888888889, 51.90130694444444], [7.6677550000000005, 51.901243888888885], [7.6670469444444445, 51.90119194444444], [7.667086111111112, 51.901041666666664], [7.667085833333334, 51.901041944444444], [7.667087777777778, 51.901035], [7.6667000000000005, 51.90099194444444], [7.666702777777778, 51.900981944444446], [7.6667016666666665, 51.90098138888889], [7.666702777777778, 51.900981944444446], [7.666750833333333, 51.900819999999996], [7.666925833333334, 51.90083583333333], [7.666995, 51.90084083333333]]}}, {"type": "Feature", "properties": {"route_id": "10", "name": "10", "color": "#E30613", "label_lon": 7.631390833333334, "label_lat": 51.95620388888889}, "geometry": {"type": "LineString", "coordinates": [[7.707360833333333, 52.01047888888889], [7.707457777777778, 52.01024777777778], [7.707485, 52.01012083333333], [7.707490833333334, 52.010012777777774], [7.707480833333333, 52.00987277777778], [7.707436944444445, 52.009706944444446], [7.707242777777778, 52.00929], [7.7071869444444445, 52.009145], [7.70715, 52.00893583333333], [7.70715, 52.008827777777775], [7.707165, 52.00872388888889], [7.707237777777778, 52.00851194444444], [7.707343888888889, 52.00832777777778], [7.7079619444444445, 52.00765888888889], [7.7081027777777775, 52.007530833333334], [7.70835, 52.00726], [7.708507777777778, 52.00704777777778], [7.708733888888889, 52.006681944444445], [7.708892777777778, 52.006367777777776], [7.70925, 52.00552388888889], [7.7094169444444445, 52.00507694444445], [7.70946, 52.004965], [7.70946, 52.004965], [7.709603888888889, 52.00459083333333], [7.709685833333333, 52.004400833333335], [7.709788888888889, 52.00414694444444], [7.70991, 52.003767777777774], [7.7099408333333335, 52.003440833333336], [7.709935833333334, 52.003277777777775], [7.709905833333334, 52.00283694444445], [7.709905833333334, 52.00283694444445], [7.709871944444445, 52.00232888888889], [7.709820833333334, 52.001688888888886], [7.709797777777778, 52.00134083333333], [7.709772777777778, 52.00103388888889], [7.7097669444444445, 52.00094277777778], [7.709725000000001, 52.00036083333333], [7.709720833333334, 52.00031583333333], [7.709706944444445, 52.00011694444444], [7.709673888888889, 51.99967777777778], [7.70967, 51.99961777777778], [7.7096350000000005, 51.99911083333333], [7.709713888888889, 51.99911], [7.711702777777778, 51.999070833333334], [7.711995, 51.99906694444444], [7.712325833333334, 51.999045833333334], [7.713053888888889, 51.99897888888889], [7.7135838888888895, 51.99892083333334], [7.713691944444444, 51.99891], [7.714231944444444, 51.998851944444446], [7.714712777777778, 51.998805000000004], [7.714712777777778, 51.998805000000004], [7.715086944444445, 51.99876777777778], [7.7165019444444445, 51.99863277777778], [7.716388888888889, 51.99897777777778], [7.716388888888889, 51.99897777777778], [7.716386944444444, 51.99913], [7.716413888888889, 51.999226944444445], [7.716451944444445, 51.99930888888889], [7.7165388888888895, 51.99942083333333], [7.716675833333333, 51.99953694444444], [7.716808888888889, 51.99961277777778], [7.716958888888889, 51.99968], [7.717140833333334, 51.99973194444445], [7.7173227777777775, 51.99976888888889], [7.717835833333334, 51.99983], [7.718577777777778, 51.99991777777778], [7.7189169444444445, 51.999965833333334], [7.719206944444444, 52.00004194444445], [7.719388888888889, 52.00010777777778], [7.719636944444445, 52.000235833333335], [7.719818888888889, 52.00036583333333], [7.7209827777777775, 52.00133388888889], [7.721293888888889, 52.001595], [7.721367777777778, 52.001670833333336], [7.721406944444444, 52.00174583333333], [7.721422777777778, 52.00183694444444], [7.7215308333333335, 52.001845833333334], [7.721945, 52.00199583333333], [7.721935, 52.00207388888889], [7.721910833333333, 52.00211777777778], [7.721873888888889, 52.002145], [7.721796944444445, 52.002158888888886], [7.721720833333333, 52.002160833333335], [7.7215469444444444, 52.00215388888889], [7.7215469444444444, 52.00215388888889], [7.721513888888889, 52.00215277777778], [7.7213658333333335, 52.002137777777776], [7.721407777777778, 52.001960833333335], [7.721422777777778, 52.00183694444444], [7.721406944444444, 52.00174583333333], [7.721367777777778, 52.001670833333336], [7.721293888888889, 52.001595], [7.7209827777777775, 52.00133388888889], [7.719818888888889, 52.00036583333333], [7.719636944444445, 52.000235833333335], [7.719388888888889, 52.00010777777778], [7.719206944444444, 52.00004194444445], [7.7189169444444445, 51.999965833333334], [7.718577777777778, 51.99991777777778], [7.717835833333334, 51.99983], [7.7173227777777775, 51.99976888888889], [7.717140833333334, 51.99973194444445], [7.716958888888889, 51.99968], [7.716808888888889, 51.99961277777778], [7.716675833333333, 51.99953694444444], [7.7165388888888895, 51.99942083333333], [7.716450833333334, 51.99930694444445], [7.716450833333334, 51.99930694444445], [7.716413888888889, 51.999226944444445], [7.716386944444444, 51.99913], [7.7163900000000005, 51.99896583333334], [7.7165019444444445, 51.99863277777778], [7.715086944444445, 51.99876777777778], [7.714232777777778, 51.998851944444446], [7.714232777777778, 51.998851944444446], [7.714231944444444, 51.998851944444446], [7.713691944444444, 51.99891], [7.7135838888888895, 51.99892083333334], [7.713053888888889, 51.99897888888889], [7.712325833333334, 51.999045833333334], [7.711995, 51.99906694444444], [7.711702777777778, 51.999070833333334], [7.709713888888889, 51.99911], [7.7096350000000005, 51.99911083333333], [7.709648888888889, 51.99888194444445], [7.709695, 51.998646944444445], [7.709725833333334, 51.99856583333334], [7.709725833333334, 51.99856583333334], [7.709760833333333, 51.99847277777778], [7.709883888888889, 51.99824388888889], [7.710120833333334, 51.99785277777778], [7.710505, 51.997225], [7.7105258333333335, 51.997186944444444], [7.710670833333333, 51.996900833333335], [7.71072, 51.99678388888889], [7.710802777777778, 51.996415], [7.710835, 51.99624194444444], [7.710892777777778, 51.995937777777776], [7.710892777777778, 51.995937777777776], [7.71092, 51.99579388888889], [7.7109419444444445, 51.99572694444444], [7.7109869444444445, 51.99558888888889], [7.711083888888889, 51.995422777777776], [7.711117777777778, 51.99537277777778], [7.711296944444444, 51.99518694444445], [7.711503888888889, 51.99503083333333], [7.711613888888889, 51.99496083333334], [7.711681944444445, 51.99492277777778], [7.711645833333334, 51.994890833333336], [7.711626944444444, 51.99485277777778], [7.711626944444444, 51.99481388888889], [7.711645833333334, 51.994775833333335], [7.711680833333333, 51.99474277777778], [7.711610833333333, 51.99469777777778], [7.711266944444445, 51.994486944444446], [7.711145833333333, 51.99441388888889], [7.710965833333334, 51.99428888888889], [7.710883888888889, 51.99422388888889], [7.710662777777778, 51.994011944444445], [7.710568888888889, 51.99392777777778], [7.710445, 51.993835000000004], [7.710303888888889, 51.993746944444446], [7.710135, 51.99365388888889], [7.709893888888889, 51.99354777777778], [7.709852777777778, 51.99353194444445], [7.709505, 51.99342083333333], [7.709198888888889, 51.99335388888889], [7.708425833333333, 51.99323694444445], [7.708036944444444, 51.99313888888889], [7.707872777777778, 51.993085], [7.70763, 51.992986944444446], [7.70688, 51.99262], [7.706525, 51.992475], [7.706225833333334, 51.99237388888889], [7.705825833333334, 51.99227277777778], [7.705825833333334, 51.99227277777778], [7.705212777777778, 51.99214388888889], [7.705027777777778, 51.99210388888889], [7.704882777777778, 51.99206777777778], [7.704707777777778, 51.992020000000004], [7.704440833333334, 51.99193277777778], [7.70415, 51.991820833333335], [7.703946944444445, 51.99173888888889], [7.703391944444444, 51.99150388888889], [7.702836944444445, 51.99127083333333], [7.702382777777778, 51.991065], [7.7019400000000005, 51.99086694444445], [7.701465833333334, 51.99062888888889], [7.701345833333334, 51.99055083333334], [7.701345833333334, 51.99055083333334], [7.701207777777778, 51.99046083333334], [7.700520833333334, 51.989955], [7.700493888888889, 51.989935], [7.699915833333334, 51.98949888888889], [7.699915833333334, 51.98949888888889], [7.699863888888889, 51.98945888888889], [7.699708888888889, 51.989335000000004], [7.69927, 51.98895777777778], [7.699020833333334, 51.98871888888889], [7.698886944444444, 51.98861388888889], [7.698965, 51.988555], [7.699001944444444, 51.98850277777778], [7.699027777777778, 51.988437777777776], [7.699035833333333, 51.98836888888889], [7.698996944444445, 51.988025], [7.698922777777778, 51.987860833333336], [7.698607777777778, 51.98725777777778], [7.698577777777778, 51.987175], [7.698577777777778, 51.987175], [7.698567777777778, 51.98703777777778], [7.698612777777778, 51.986941944444446], [7.698690833333334, 51.98682388888889], [7.6987958333333335, 51.98670388888889], [7.698846944444445, 51.986650000000004], [7.699251944444445, 51.986222777777776], [7.699585833333334, 51.98587194444445], [7.69981, 51.98569777777778], [7.700111944444445, 51.98555694444445], [7.70028, 51.98542388888889], [7.700532777777778, 51.98529583333333], [7.700875833333334, 51.985095], [7.701036944444445, 51.984968888888886], [7.701133888888889, 51.98488388888889], [7.701270833333334, 51.98476083333333], [7.701408888888889, 51.984615833333336], [7.701408888888889, 51.984615833333336], [7.701585000000001, 51.9844], [7.701732777777778, 51.98418], [7.701817777777778, 51.98409], [7.702042777777778, 51.98365777777778], [7.702705, 51.98203388888889], [7.702875833333334, 51.98165277777778], [7.702875833333334, 51.98165277777778], [7.702923888888889, 51.981546944444446], [7.702991944444444, 51.98137694444445], [7.7031519444444445, 51.98102083333333], [7.703250833333334, 51.98076694444445], [7.7034, 51.98032888888889], [7.703427777777778, 51.98024777777778], [7.704106944444445, 51.97857888888889], [7.704325, 51.97805972222223], [7.704407777777778, 51.97790694444445], [7.704407777777778, 51.97790694444445], [7.704415833333334, 51.97789277777778], [7.704526944444445, 51.977695833333335], [7.70476, 51.97730583333333], [7.705020833333333, 51.976835], [7.70492, 51.976635], [7.704848888888889, 51.976555833333336], [7.704636944444444, 51.97637], [7.704287777777778, 51.97623277777778], [7.704205, 51.97618888888889], [7.704205, 51.97618888888889], [7.703861944444444, 51.97600694444445], [7.703111944444444, 51.975611944444445], [7.702276944444445, 51.97515583333333], [7.701787777777778, 51.97491388888889], [7.701420833333334, 51.97475277777778], [7.700996944444444, 51.97459388888889], [7.700721944444445, 51.97450777777778], [7.700507777777778, 51.974451944444446], [7.6999458333333335, 51.974331944444444], [7.69929, 51.97425583333334], [7.698715, 51.97419], [7.697782777777778, 51.97405388888889], [7.697233888888889, 51.97398888888889], [7.693850833333333, 51.97358388888889], [7.69358, 51.97355], [7.693071944444445, 51.973486944444446], [7.693071944444445, 51.973486944444446], [7.689336944444444, 51.97302472222223], [7.68837, 51.972875], [7.686535833333334, 51.97253777777778], [7.686088888888889, 51.97245388888889], [7.685742777777778, 51.97239583333334], [7.684941944444445, 51.972250833333334], [7.684785000000001, 51.972225], [7.684268888888889, 51.97218277777778], [7.683991944444445, 51.97219583333334], [7.683358888888889, 51.97224583333333], [7.6829350000000005, 51.97226472222222], [7.682695833333334, 51.97228777777778], [7.682075833333333, 51.97237888888889], [7.679776944444445, 51.972835], [7.678967777777778, 51.973035], [7.678268888888889, 51.97318888888889], [7.677825, 51.973220000000005], [7.677265, 51.97322583333334], [7.676912777777778, 51.973211944444444], [7.676576944444445, 51.97318583333333], [7.676131944444445, 51.973130833333336], [7.6749358333333335, 51.97300277777778], [7.674682777777778, 51.973065000000005], [7.674523888888889, 51.973126944444445], [7.674432777777778, 51.97320083333334], [7.674368888888889, 51.97328277777778], [7.674342777777778, 51.97334583333333], [7.674338888888889, 51.97342388888889], [7.6743508333333335, 51.97349083333334], [7.6744208333333335, 51.97359194444444], [7.674505, 51.97365388888889], [7.674602777777778, 51.973711944444446], [7.674846944444445, 51.973778888888894], [7.675257777777778, 51.97378972222222], [7.675665, 51.97381777777778], [7.676291944444444, 51.973886944444445], [7.676798888888889, 51.97389888888889], [7.676900000000001, 51.97389777777778], [7.676840833333333, 51.97374694444444], [7.676833888888889, 51.97371277777778], [7.676646944444445, 51.97296388888889], [7.6763908333333335, 51.97195583333333], [7.676300833333333, 51.97179777777778], [7.675977777777778, 51.97159194444445], [7.675725833333334, 51.97140888888889], [7.676106944444444, 51.97100888888889], [7.676066944444445, 51.970864722222224], [7.676021944444445, 51.97079083333333], [7.675946944444445, 51.970710000000004], [7.675806944444445, 51.97058694444445], [7.67516, 51.970465000000004], [7.67516, 51.970465000000004], [7.674431944444445, 51.97032777777778], [7.674337777777778, 51.970310000000005], [7.67215, 51.969895], [7.671790833333334, 51.969884722222226], [7.671635, 51.969880833333335], [7.670888888888889, 51.96975388888889], [7.670192777777778, 51.96960583333333], [7.669735, 51.96952777777778], [7.669697777777778, 51.969520833333334], [7.669420000000001, 51.96946888888889], [7.669101944444445, 51.96940888888889], [7.668815, 51.969344722222225], [7.667800833333334, 51.96912888888889], [7.667435833333333, 51.96899583333334], [7.666175833333334, 51.968744722222226], [7.665325, 51.96858277777778], [7.665091944444445, 51.96853777777778], [7.6648869444444445, 51.968496944444446], [7.6648869444444445, 51.968496944444446], [7.664757777777778, 51.968470833333335], [7.664515000000001, 51.96842], [7.664381944444445, 51.96839388888889], [7.6642319444444444, 51.96836388888889], [7.663895833333334, 51.968293888888894], [7.663640833333334, 51.96823888888889], [7.663570833333334, 51.968224722222224], [7.66309, 51.96813], [7.661666944444445, 51.96786], [7.660883888888889, 51.96771888888889], [7.660751944444445, 51.96770583333333], [7.660751944444445, 51.96770583333333], [7.659987777777778, 51.96762888888889], [7.659757777777778, 51.96758888888889], [7.659052777777778, 51.96746888888889], [7.658980000000001, 51.96745694444444], [7.658638888888889, 51.967395833333335], [7.658031944444445, 51.96728777777778], [7.657970833333334, 51.96727694444445], [7.657688888888889, 51.96722888888889], [7.657678888888889, 51.96722777777778], [7.657678888888889, 51.96722777777778], [7.657545833333334, 51.96720583333334], [7.656986944444445, 51.96711194444445], [7.6565900000000005, 51.967040833333336], [7.656552777777778, 51.967035], [7.656477777777778, 51.96702277777778], [7.6564258333333335, 51.96701388888889], [7.6563227777777785, 51.96699777777778], [7.6561908333333335, 51.966974722222226], [7.655905000000001, 51.96692], [7.655698888888889, 51.96687777777778], [7.654958888888889, 51.96671472222222], [7.65453, 51.96659888888889], [7.65453, 51.96659888888889], [7.654507777777778, 51.966592777777784], [7.654405000000001, 51.966525000000004], [7.654151944444445, 51.966436944444446], [7.653886944444444, 51.96632777777778], [7.653505, 51.96614277777778], [7.65308, 51.965895], [7.652706944444445, 51.96566083333334], [7.652593888888889, 51.965590000000006], [7.652182777777778, 51.96534194444445], [7.652059722222223, 51.965285], [7.651846944444445, 51.96519277777778], [7.65179, 51.96517277777778], [7.651606944444445, 51.96511277777778], [7.651360833333333, 51.965041944444444], [7.6510308333333334, 51.96494888888889], [7.6510308333333334, 51.96494888888889], [7.650702777777778, 51.96485694444445], [7.650580000000001, 51.964820833333334], [7.649911944444444, 51.96463083333334], [7.648882777777778, 51.96433777777778], [7.64868, 51.96427888888889], [7.647695, 51.96398277777778], [7.647591944444444, 51.963950000000004], [7.647105833333333, 51.963765], [7.6470038888888885, 51.963706944444446], [7.646886944444444, 51.96364194444445], [7.646261944444444, 51.963275], [7.646083888888889, 51.963175], [7.646083888888889, 51.963175], [7.6456188888888885, 51.96291388888889], [7.6454169444444435, 51.96280083333333], [7.644889999999999, 51.962541944444446], [7.644363888888888, 51.962295833333336], [7.644001944444444, 51.96215277777778], [7.643503888888889, 51.96201694444445], [7.642988888888889, 51.96190083333334], [7.642334999999999, 51.96178888888889], [7.642203888888888, 51.96177083333334], [7.642126944444444, 51.96176277777778], [7.641648888888889, 51.961730833333334], [7.641648888888889, 51.961730833333334], [7.641464999999999, 51.96171777777778], [7.640969999999999, 51.961710000000004], [7.640151944444444, 51.961710000000004], [7.639742777777777, 51.961711944444446], [7.638782777777777, 51.961740000000006], [7.638217777777777, 51.96177], [7.637850833333333, 51.96179], [7.637284999999999, 51.961821944444445], [7.636436944444444, 51.96188], [7.636285833333333, 51.961890000000004], [7.636005, 51.961981944444446], [7.635685, 51.96200277777778], [7.635560833333333, 51.96201388888889], [7.635378888888888, 51.962048888888894], [7.63538, 51.96194694444445], [7.63538, 51.96187694444445], [7.635372777777778, 51.961820833333334], [7.635314999999999, 51.96150194444445], [7.635236944444444, 51.961133888888895], [7.635225833333333, 51.96107888888889], [7.635191944444444, 51.96091583333334], [7.635191944444444, 51.96091583333334], [7.6351627777777775, 51.960772777777784], [7.635140833333333, 51.960665000000006], [7.63509, 51.96040888888889], [7.63509, 51.96040777777778], [7.635083888888889, 51.960368888888894], [7.635067777777778, 51.96013083333334], [7.635053888888889, 51.95997388888889], [7.635045, 51.95987277777778], [7.635034999999999, 51.95973888888889], [7.634866944444444, 51.959525], [7.634810833333333, 51.95929], [7.634804999999999, 51.95926277777778], [7.634759999999999, 51.959073888888895], [7.6345688888888885, 51.95843388888889], [7.634542777777777, 51.958350833333334], [7.634524999999999, 51.95829888888889], [7.634475833333333, 51.958126944444444], [7.634408888888888, 51.95789194444445], [7.634271944444444, 51.95742694444445], [7.634215833333333, 51.957245], [7.6341319444444435, 51.95706388888889], [7.633995, 51.95684888888889], [7.633892777777778, 51.956720000000004], [7.633783888888888, 51.95662888888889], [7.633779444444444, 51.956630555555556], [7.633783888888888, 51.95662888888889], [7.6336627777777775, 51.95652777777778], [7.6335927777777774, 51.956470833333334], [7.6335927777777774, 51.956470833333334], [7.6334188888888885, 51.95633083333334], [7.633295, 51.956230000000005], [7.633187777777779, 51.956145], [7.632820000000001, 51.95584388888889], [7.632750833333334, 51.95577194444445], [7.6326438888888894, 51.955795], [7.631993888888889, 51.95598777777778], [7.631873888888889, 51.95603194444445], [7.631390833333334, 51.95620388888889], [7.63134888888889, 51.95621888888889], [7.631280833333334, 51.95624277777778], [7.631223888888889, 51.95626277777778], [7.6311350000000004, 51.956293888888894], [7.630915833333334, 51.95636694444445], [7.630716944444445, 51.95643277777778], [7.630581944444445, 51.95647777777778], [7.630567777777778, 51.95653388888889], [7.6305708333333335, 51.95659888888889], [7.630588888888889, 51.956655833333336], [7.630696944444445, 51.95677583333334], [7.630836944444445, 51.95686888888889], [7.630960833333334, 51.95695777777778], [7.63097388888889, 51.95695138888889], [7.630960833333334, 51.95695777777778], [7.631235, 51.95717583333334], [7.631235, 51.95717583333334], [7.6312338888888895, 51.957175], [7.63123, 51.95717694444445], [7.6312338888888895, 51.957175], [7.631296944444445, 51.95722777777778], [7.631453888888889, 51.95738777777778], [7.6314697222222225, 51.95738222222222], [7.631453888888889, 51.95738777777778], [7.631480833333334, 51.957415833333336], [7.631141944444445, 51.957570833333335], [7.630723888888889, 51.957785], [7.630637777777778, 51.95783], [7.630563888888889, 51.95786777777778], [7.630486944444445, 51.957907777777784], [7.63037, 51.95796777777778], [7.630215833333334, 51.95804694444445], [7.629917777777778, 51.958200833333336], [7.629745833333334, 51.958365], [7.629603888888889, 51.95854583333334], [7.6292019444444445, 51.959028888888895], [7.629152777777779, 51.95908388888889], [7.629132777777778, 51.959136944444445], [7.6291408333333335, 51.959165000000006], [7.62916388888889, 51.95919777777778], [7.629211944444445, 51.95923194444445], [7.6294619444444445, 51.959341944444446], [7.6294619444444445, 51.959341944444446], [7.629497777777778, 51.95935888888889], [7.629542777777778, 51.95937694444445], [7.629771944444445, 51.959473888888894], [7.629928888888889, 51.95955], [7.630312777777778, 51.95973583333333], [7.630447777777778, 51.959805833333334], [7.63051, 51.959855833333336], [7.630582777777779, 51.959990000000005], [7.63059888888889, 51.960060000000006], [7.630591944444445, 51.960122777777784], [7.630568888888889, 51.960175], [7.630490833333334, 51.960275833333334], [7.630346944444445, 51.96039694444445], [7.630112777777779, 51.960548888888894], [7.630006944444445, 51.96060694444445], [7.629973888888889, 51.960625], [7.629863888888889, 51.960685000000005], [7.6297788888888896, 51.960730000000005], [7.6295527777777785, 51.96083083333333], [7.6293177777777785, 51.96087694444445], [7.62875, 51.96092083333333], [7.62875, 51.96092083333333], [7.628562777777779, 51.960935000000006], [7.628456944444445, 51.96094277777778], [7.627768888888889, 51.960995000000004], [7.627555833333334, 51.961174722222225], [7.627492777777778, 51.96122694444445], [7.627581944444445, 51.961287777777784], [7.6275988888888895, 51.961310833333336], [7.62777888888889, 51.961600000000004], [7.627866944444445, 51.961740000000006], [7.627730833333334, 51.96177277777778], [7.627210000000001, 51.96188888888889], [7.626853888888889, 51.961960000000005], [7.62661, 51.96199694444445], [7.626145833333334, 51.96205194444445], [7.626145833333334, 51.96205194444445], [7.62613888888889, 51.96205277777778], [7.626122777777779, 51.962055], [7.6257150000000005, 51.962092777777784], [7.625188888888889, 51.96213], [7.625075833333334, 51.962135], [7.624790000000001, 51.96214694444445], [7.624417777777778, 51.96215194444445], [7.624223888888889, 51.96215194444445], [7.624080833333334, 51.96214194444445], [7.624002777777778, 51.96198777777778], [7.62399, 51.96196277777778], [7.623851944444445, 51.961640833333334], [7.623780833333334, 51.96147888888889], [7.623716944444445, 51.961330833333335], [7.623626944444445, 51.96112083333334], [7.623575833333334, 51.96103194444445], [7.623461944444445, 51.960860833333335], [7.623573888888889, 51.96082194444445], [7.623663888888889, 51.96079277777778], [7.623951944444445, 51.96069583333334], [7.623951944444445, 51.96069583333334], [7.62403, 51.96067], [7.6240950000000005, 51.96064194444445], [7.62412388888889, 51.960611944444445], [7.624115833333334, 51.96056], [7.624077777777778, 51.96047388888889], [7.623871944444445, 51.96031194444445], [7.623548888888889, 51.96009], [7.623466944444445, 51.960030833333334], [7.623358888888889, 51.959955], [7.623252777777778, 51.959875000000004], [7.62291, 51.95962083333334], [7.62271388888889, 51.959475000000005], [7.622511944444445, 51.95932583333334], [7.622076944444445, 51.959005833333336], [7.6220550000000005, 51.95899], [7.62185, 51.958830000000006], [7.621835833333334, 51.95881777777778], [7.621813055555556, 51.95882805555556], [7.621835833333334, 51.95881777777778], [7.621743888888889, 51.95873777777778], [7.621642777777779, 51.95865083333334], [7.621520833333334, 51.95851777777778], [7.621520833333334, 51.95851777777778], [7.621495833333334, 51.958490000000005], [7.621320833333334, 51.95829194444445], [7.621095, 51.958085833333335], [7.620993888888889, 51.95799388888889], [7.620951944444445, 51.957955000000005], [7.620811944444445, 51.95783777777778], [7.620572777777778, 51.957637777777784], [7.620538888888889, 51.95760888888889], [7.620491944444445, 51.95756777777778], [7.620410833333334, 51.9575], [7.62028, 51.957420000000006], [7.620202777777778, 51.95738777777778], [7.620102777777778, 51.95736194444445], [7.619996944444445, 51.95735388888889], [7.6198508333333335, 51.95734277777778], [7.619748888888889, 51.957341944444444], [7.619671944444445, 51.957341944444444], [7.619595833333334, 51.95734388888889], [7.619552777777778, 51.95724888888889], [7.6195200000000005, 51.957167777777784], [7.619502777777778, 51.95713388888889], [7.619502222222223, 51.95713444444445], [7.619502777777778, 51.95713388888889], [7.619480833333334, 51.95709], [7.619425833333334, 51.95698083333333], [7.619422777777778, 51.95698138888889], [7.619425833333334, 51.95698083333333], [7.619351944444445, 51.956785], [7.619295833333334, 51.956515], [7.619294166666667, 51.956514722222224], [7.619295833333334, 51.956515], [7.619280000000001, 51.95643777777778], [7.6191827777777785, 51.956300000000006], [7.619146944444445, 51.95628083333334], [7.618992777777779, 51.956201944444445], [7.618857777777778, 51.95620388888889], [7.618411944444445, 51.95619777777778], [7.618345833333334, 51.95619194444445], [7.618010833333334, 51.956138888888894], [7.617850000000001, 51.956095000000005], [7.617850000000001, 51.956095000000005], [7.617720833333334, 51.95606], [7.617453888888889, 51.955958888888894], [7.6170969444444445, 51.95579083333334], [7.616401944444444, 51.95542583333334], [7.6159719444444445, 51.95518388888889], [7.615871944444444, 51.955109722222225], [7.615875833333333, 51.955045000000005], [7.616118888888889, 51.95479], [7.616118888888889, 51.95479], [7.616160833333333, 51.954745833333334], [7.616418888888888, 51.95448694444445], [7.616723888888889, 51.95418083333334], [7.616765833333334, 51.95413888888889], [7.6161538888888884, 51.95399694444445], [7.615825, 51.953920833333335], [7.615717777777777, 51.953895833333334], [7.615374999999999, 51.95381583333334], [7.614553888888889, 51.95345694444445], [7.61412, 51.95325888888889], [7.613751944444444, 51.95308388888889], [7.613751944444444, 51.95308388888889], [7.613351944444444, 51.952892777777784], [7.6131327777777775, 51.95278888888889], [7.613114444444444, 51.952803888888894], [7.6131327777777775, 51.95278888888889], [7.61248, 51.95247777777778], [7.612306944444444, 51.952375833333335], [7.612047777777778, 51.95222694444445], [7.611798888888888, 51.95208388888889], [7.611798888888888, 51.95208388888889], [7.611695833333333, 51.952025000000006], [7.61166, 51.95200388888889], [7.611651944444444, 51.951998888888895], [7.611180833333333, 51.95174083333334], [7.610824999999999, 51.951546944444445], [7.6107958333333325, 51.95153083333334], [7.610601944444444, 51.95140694444445], [7.610345833333333, 51.95126694444445], [7.610225, 51.95121], [7.610091944444444, 51.95115777777778], [7.6100980555555555, 51.95115166666667], [7.610091944444444, 51.95115777777778], [7.609718888888889, 51.95100888888889], [7.6088627777777775, 51.950699722222225], [7.608521944444444, 51.95056972222223], [7.608521944444444, 51.95056972222223], [7.608413888888888, 51.95052694444445], [7.608034999999999, 51.95035888888889], [7.607966944444444, 51.95032777777778], [7.607182777777777, 51.94995583333333], [7.607125833333333, 51.94992277777777], [7.607111944444444, 51.949915], [7.6065258333333325, 51.94959583333333], [7.606505555555556, 51.94961027777777], [7.6065258333333325, 51.94959583333333], [7.606504999999999, 51.94958388888889], [7.60636, 51.94950583333333], [7.606227777777778, 51.94943388888888], [7.606136944444444, 51.949385], [7.605176944444444, 51.94894083333333], [7.605038888888888, 51.948883888888886], [7.604683888888888, 51.94873583333333], [7.60403, 51.94843777777778], [7.6037477777777776, 51.948272777777774], [7.603529999999999, 51.948125], [7.603351944444444, 51.94797583333333], [7.603351944444444, 51.94797583333333], [7.603199999999999, 51.94783388888889], [7.6030227777777775, 51.94762583333333], [7.602922777777778, 51.94747694444444], [7.602835, 51.94731888888889], [7.602776944444444, 51.947182777777776], [7.602575833333333, 51.946785], [7.602445833333333, 51.94656194444444], [7.602166944444444, 51.94619583333333], [7.601386944444444, 51.94546388888889], [7.601173888888889, 51.945203888888884], [7.600958888888888, 51.94494083333333], [7.600883888888888, 51.94484083333333], [7.6005899999999995, 51.94442583333333], [7.6005899999999995, 51.94442583333333], [7.600401944444444, 51.94419583333333], [7.600145833333333, 51.94396777777777], [7.5999099999999995, 51.94379694444444], [7.599640833333333, 51.943642777777775], [7.599517777777778, 51.94358083333333], [7.599067777777777, 51.943365], [7.5989877777777775, 51.943327777777775], [7.598823888888888, 51.94325499999999], [7.598787777777778, 51.943238888888885], [7.598395833333333, 51.94307], [7.597867777777777, 51.942813888888885], [7.597662777777778, 51.942679999999996], [7.597746944444444, 51.94263583333333], [7.598152777777777, 51.942411944444444], [7.598152777777777, 51.942411944444444], [7.598672777777778, 51.942125], [7.5987688888888885, 51.94207583333333], [7.599793888888889, 51.941494999999996], [7.600070833333333, 51.941336944444444], [7.600155833333333, 51.94128194444444], [7.600550833333333, 51.941005], [7.60081, 51.940823888888886], [7.60081, 51.940823888888886], [7.600949999999999, 51.94072694444444], [7.601324999999999, 51.940445], [7.601803888888888, 51.940108888888886], [7.600396944444444, 51.93933194444444], [7.600396944444444, 51.93933194444444], [7.600246944444444, 51.93924], [7.599460833333333, 51.938804999999995], [7.599237777777778, 51.93868388888889], [7.598863888888888, 51.938404999999996], [7.598662777777777, 51.93817583333333], [7.597932777777777, 51.93725388888888], [7.597825833333333, 51.93711277777778], [7.597825833333333, 51.93711277777778], [7.597775833333333, 51.93704694444444], [7.597327777777777, 51.93647277777777], [7.597146944444444, 51.93626277777778], [7.597113888888889, 51.936207777777774], [7.596800833333333, 51.93640277777777], [7.596512777777778, 51.93659777777778], [7.595935833333333, 51.93700194444444], [7.595710833333333, 51.93714277777777], [7.595285833333333, 51.93738777777777], [7.5949349999999995, 51.93761], [7.594659999999999, 51.93780194444444], [7.59427, 51.93808083333333], [7.59427, 51.93808083333333], [7.5942647222222215, 51.93808388888888], [7.594148888888888, 51.938153888888884], [7.594146944444444, 51.93815583333333], [7.594150555555555, 51.938157499999996], [7.594146944444444, 51.93815583333333], [7.593725833333333, 51.938444999999994], [7.593538888888888, 51.938562777777776], [7.593466944444444, 51.938607777777776], [7.593305, 51.93870999999999], [7.592507777777778, 51.93921388888889], [7.592415, 51.93927194444444], [7.592118888888889, 51.939458888888886], [7.592031944444444, 51.93951388888888], [7.5919719444444445, 51.939555], [7.591677777777777, 51.939415], [7.591212777777778, 51.93917777777777], [7.591212777777778, 51.93917777777777], [7.591165833333333, 51.93915388888889], [7.5896349999999995, 51.93838694444444], [7.588431944444444, 51.93782083333333], [7.587576944444444, 51.937425], [7.587576944444444, 51.937425], [7.587492777777777, 51.93738583333333], [7.587245833333333, 51.937265], [7.587088888888888, 51.93718777777777], [7.5865969444444445, 51.936955], [7.585312777777777, 51.93629583333333], [7.584832777777778, 51.93605083333333], [7.584706944444444, 51.93597583333333], [7.584575833333333, 51.93588194444444], [7.584493888888889, 51.93581388888889], [7.584410833333333, 51.93583194444444], [7.584333888888889, 51.93583083333333], [7.584255833333333, 51.93581083333333], [7.584195833333333, 51.935775], [7.584162777777777, 51.93572777777777], [7.584160833333333, 51.935671944444444], [7.5840347222222215, 51.935651944444444], [7.581840833333333, 51.935154999999995], [7.580712777777777, 51.93489083333333], [7.580015833333333, 51.93471777777778], [7.580015833333333, 51.93471777777778], [7.580005833333333, 51.93471583333333], [7.579901944444444, 51.93468583333333], [7.579847777777777, 51.934668888888886], [7.5795119444444445, 51.93456277777778], [7.579082777777778, 51.93441694444444], [7.578970833333333, 51.93438694444444], [7.578868888888889, 51.93436083333333], [7.578920833333333, 51.93425694444444], [7.579261944444444, 51.93359888888889], [7.579343888888888, 51.93344194444444], [7.579407777777778, 51.93326888888889], [7.579445833333333, 51.933168888888886], [7.579588888888889, 51.93262583333333], [7.57961, 51.932545], [7.57968, 51.93228194444444], [7.579725, 51.93216777777778], [7.579727777777777, 51.932159999999996], [7.579871944444444, 51.931869999999996], [7.580100833333333, 51.93152083333333], [7.580226944444444, 51.93131388888889], [7.580277777777778, 51.93123194444444], [7.5803827777777775, 51.93107083333333], [7.580455833333333, 51.930952777777776], [7.580630833333333, 51.93068777777778], [7.580630833333333, 51.93068777777778], [7.580741944444444, 51.930518888888884], [7.58097, 51.93017], [7.581060833333333, 51.93002694444444], [7.581256944444444, 51.929717777777775], [7.581421944444444, 51.929468888888884], [7.581492777777777, 51.929382777777775], [7.581478055555555, 51.92937833333333], [7.581492777777777, 51.929382777777775], [7.581575, 51.929285], [7.58171, 51.92916583333333], [7.581978888888889, 51.92897694444444], [7.582471944444444, 51.928642777777775], [7.582633888888888, 51.928533888888886], [7.5827808333333335, 51.928420833333334], [7.5828838888888885, 51.92831694444444], [7.582965, 51.928217777777775], [7.582967777777777, 51.928218055555554], [7.582965, 51.928217777777775], [7.583020833333333, 51.92812194444444], [7.58311, 51.92791194444444], [7.583285, 51.92751277777778], [7.583321944444444, 51.92742388888889], [7.583338888888888, 51.92737694444444], [7.583403888888888, 51.927212777777775], [7.583426944444444, 51.927216666666666], [7.583403888888888, 51.927212777777775], [7.583530833333333, 51.926897777777775], [7.583583888888889, 51.926807777777775], [7.583685833333333, 51.926713888888884], [7.583708888888888, 51.926721944444445], [7.583707777777778, 51.92672222222222], [7.583708888888888, 51.926721944444445], [7.583685833333333, 51.926713888888884], [7.58338, 51.926615], [7.583045833333333, 51.926505], [7.583045833333333, 51.926505], [7.583087777777777, 51.926518888888886], [7.583082777777777, 51.92652555555555], [7.583087777777777, 51.926518888888886], [7.582907777777778, 51.92645972222222], [7.582347777777778, 51.92627472222222], [7.582123888888889, 51.926203888888885], [7.5819608333333335, 51.92615083333333], [7.581732777777778, 51.92607694444444], [7.581494999999999, 51.925995], [7.581111944444444, 51.92585388888889], [7.580927777777777, 51.92578583333333], [7.580658888888888, 51.925691944444445], [7.580346944444444, 51.92558888888889], [7.580348611111111, 51.92558666666667], [7.580346944444444, 51.92558888888889], [7.580075833333333, 51.92549888888889], [7.579821944444444, 51.92542472222222], [7.579530833333333, 51.92534694444444], [7.579291944444444, 51.92529194444444], [7.579351944444444, 51.92516194444444], [7.579473888888889, 51.924926944444444], [7.579555, 51.92477083333333], [7.579580277777778, 51.924775555555556], [7.579555, 51.92477083333333], [7.579796944444444, 51.924212777777775], [7.579829999999999, 51.92413472222222], [7.579846111111111, 51.9241375], [7.579829999999999, 51.92413472222222], [7.579924999999999, 51.92391194444444], [7.579975, 51.92377694444444], [7.579975833333333, 51.92366583333333], [7.579963888888889, 51.92361972222222], [7.579924999999999, 51.92355083333333], [7.5798588888888885, 51.923474999999996], [7.579767777777778, 51.923406944444444], [7.5796238888888885, 51.923341944444445], [7.579507777777778, 51.92331], [7.579353888888889, 51.92328777777777], [7.579280833333333, 51.92328388888889], [7.5779499999999995, 51.92335], [7.5775958333333335, 51.92336583333333], [7.577585, 51.92336583333333], [7.577585, 51.923362777777776], [7.577585, 51.92336583333333], [7.577410833333333, 51.923358888888885], [7.577195833333333, 51.92333583333333], [7.575622777777777, 51.92308583333333], [7.5738377777777774, 51.92276472222222], [7.5737, 51.922711944444444], [7.573605, 51.92264888888889], [7.5735327777777774, 51.92257083333333], [7.573483888888888, 51.92247388888889], [7.573494999999999, 51.92236972222222], [7.573526944444445, 51.922262777777775], [7.5735938888888885, 51.92208194444444], [7.573614999999999, 51.92182388888889], [7.573608888888889, 51.921686944444446], [7.573548888888888, 51.92145277777777], [7.573455833333333, 51.92123972222222], [7.573338888888888, 51.92103583333333], [7.5732349999999995, 51.92088194444444], [7.573128888888888, 51.92072472222222], [7.573074999999999, 51.92064388888889], [7.572986944444445, 51.92051194444444], [7.572830833333333, 51.92027583333333], [7.572830833333333, 51.92027583333333], [7.572737777777777, 51.920136944444444], [7.572646944444444, 51.92000083333333], [7.572537777777778, 51.91983972222222], [7.572440833333333, 51.91969388888889], [7.572206944444444, 51.91934472222222], [7.572056944444444, 51.91912083333333], [7.572038888888889, 51.91909277777778], [7.571885833333333, 51.918863888888886], [7.571767777777778, 51.918686944444445], [7.5725999999999996, 51.91862888888889], [7.574135833333333, 51.91852083333333], [7.5755888888888885, 51.918414999999996], [7.575606944444444, 51.918412777777775]]}}, {"type": "Feature", "properties": {"route_id": "11", "name": "11", "color": "#EF7D00", "label_lon": 7.615555, "label_lat": 51.961955833333334}, "geometry": {"type": "LineString", "coordinates": [[7.677728888888889, 51.96860777777778], [7.6776727777777785, 51.968606944444446], [7.67759, 51.968604722222224], [7.677606944444444, 51.96855388888889], [7.677625833333334, 51.96844777777778], [7.6776269444444445, 51.96838], [7.677571944444445, 51.96817277777778], [7.677518888888889, 51.96799194444445], [7.677285833333333, 51.967220833333336], [7.67705, 51.96645388888889], [7.676878888888889, 51.96589], [7.676877777777778, 51.96589], [7.676782777777778, 51.96557777777778], [7.676718888888889, 51.965363888888895], [7.676720833333333, 51.965363888888895], [7.676718888888889, 51.965363888888895], [7.676560833333333, 51.96483583333334], [7.676405, 51.96431777777778], [7.67628, 51.96390277777778], [7.676161944444445, 51.96352388888889], [7.676080000000001, 51.963255000000004], [7.676037777777778, 51.963116944444444], [7.676022777777778, 51.96306694444445], [7.675951944444445, 51.962833888888895], [7.675951944444445, 51.962833888888895], [7.675935, 51.96277694444445], [7.675892777777778, 51.96263694444445], [7.675899166666667, 51.96263583333334], [7.675892777777778, 51.96263694444445], [7.675827777777778, 51.96241694444445], [7.675655833333334, 51.961846944444446], [7.675645, 51.961804722222226], [7.675533888888889, 51.96143583333333], [7.675523888888889, 51.96134888888889], [7.675520000000001, 51.961153888888894], [7.675531944444445, 51.96104694444445], [7.67556, 51.96079277777778], [7.675616944444445, 51.96045194444445], [7.67565, 51.96024194444445], [7.675776944444444, 51.959845], [7.6758338888888895, 51.959678888888895], [7.675940833333334, 51.959380833333334], [7.675940833333334, 51.959380833333334], [7.6759458333333335, 51.959365000000005], [7.675993888888889, 51.959230000000005], [7.676103888888889, 51.958915833333336], [7.6762788888888895, 51.95843083333334], [7.676550000000001, 51.95764583333334], [7.676665833333334, 51.95733277777778], [7.676903888888889, 51.95666388888889], [7.676945833333334, 51.95654777777778], [7.677040833333334, 51.95627694444445], [7.677057777777778, 51.956230833333336], [7.677057777777778, 51.956230833333336], [7.677075833333333, 51.956183888888894], [7.677091944444444, 51.956136944444445], [7.677100833333333, 51.956110833333334], [7.677161944444444, 51.955935000000004], [7.677185000000001, 51.955869722222225], [7.6772808333333336, 51.95559888888889], [7.677310833333333, 51.955378888888895], [7.677297777777778, 51.95522583333334], [7.676883888888889, 51.953895833333334], [7.676798888888889, 51.95356], [7.676742777777778, 51.953317777777784], [7.676742777777778, 51.953317777777784], [7.676726944444445, 51.953210000000006], [7.676683888888889, 51.95291888888889], [7.676672777777778, 51.95284277777778], [7.67666, 51.952758888888894], [7.676658888888889, 51.952690833333335], [7.6766538888888896, 51.95209583333334], [7.676642777777778, 51.95168888888889], [7.676642777777778, 51.95169888888889], [7.67662888888889, 51.951193888888895], [7.676465, 51.95074777777778], [7.676030833333334, 51.95015888888889], [7.675971944444445, 51.95008888888889], [7.6759200000000005, 51.950028888888895], [7.675845833333334, 51.94994194444444], [7.67579, 51.94987888888888], [7.675613888888889, 51.949679999999994], [7.675496944444444, 51.949548888888884], [7.675407777777778, 51.94944583333333], [7.6751169444444445, 51.94954], [7.674687777777778, 51.949682777777774], [7.674687777777778, 51.949682777777774], [7.674443888888889, 51.949765], [7.673822777777778, 51.949972777777774], [7.6722608333333335, 51.95050083333334], [7.671951944444444, 51.950605833333334], [7.671750833333333, 51.950675833333335], [7.671750833333333, 51.950675833333335], [7.671406944444445, 51.95079583333334], [7.670330833333334, 51.95115888888889], [7.67006, 51.95124194444445], [7.6695938888888895, 51.95137583333334], [7.669237777777778, 51.95146888888889], [7.668911944444445, 51.95153277777778], [7.667827777777778, 51.951665000000006], [7.666508888888889, 51.951860833333335], [7.666272777777778, 51.95196888888889], [7.6662469444444445, 51.951973888888894], [7.66602388888889, 51.95202277777778], [7.665616944444444, 51.95210277777778], [7.665325, 51.95217777777778], [7.665325, 51.95217777777778], [7.664960833333334, 51.95228388888889], [7.6646350000000005, 51.95238888888889], [7.664077777777778, 51.952595], [7.6639969444444445, 51.95262888888889], [7.663841944444445, 51.952690000000004], [7.66378, 51.95272277777778], [7.663505833333334, 51.95282277777778], [7.663161944444445, 51.95294583333334], [7.662145000000001, 51.953335], [7.662065833333334, 51.95334694444445], [7.661833888888889, 51.953385000000004], [7.660848888888889, 51.95371388888889], [7.660502777777778, 51.95383], [7.660046944444445, 51.95396083333333], [7.660046944444445, 51.95396083333333], [7.659613888888889, 51.95406777777778], [7.659086944444445, 51.95418194444445], [7.658260833333333, 51.95431194444445], [7.657160833333334, 51.95444888888889], [7.656501944444445, 51.95453083333334], [7.656236944444445, 51.95456], [7.655260833333334, 51.954681944444445], [7.655021944444445, 51.95471194444445], [7.654605833333334, 51.95475277777778], [7.653508888888889, 51.954791944444445], [7.652760000000001, 51.95482583333334], [7.652757777777778, 51.95482583333334], [7.652605833333333, 51.95483083333334], [7.652473888888889, 51.954835], [7.652322777777778, 51.954840833333336], [7.65206388888889, 51.95485277777778], [7.651953888888889, 51.95485888888889], [7.651953888888889, 51.95485888888889], [7.651871944444445, 51.954862777777784], [7.6518177777777785, 51.954864722222226], [7.651805, 51.954865833333336], [7.651565833333334, 51.95487694444445], [7.65126888888889, 51.95489194444445], [7.6512150000000005, 51.954895], [7.650945, 51.954910000000005], [7.650653888888889, 51.954930000000004], [7.650045833333333, 51.95497], [7.649050833333333, 51.955036944444444], [7.64875, 51.955060833333334], [7.648570833333332, 51.95507388888889], [7.648482777777778, 51.955080833333334], [7.648048888888888, 51.95512], [7.647861944444444, 51.95513888888889], [7.647301944444444, 51.955220000000004], [7.647052777777778, 51.95525888888889], [7.646968888888888, 51.95527277777778], [7.646968888888888, 51.95527277777778], [7.6469249999999995, 51.95528], [7.646696944444444, 51.95532083333334], [7.646635, 51.955332777777784], [7.645882777777778, 51.955470000000005], [7.645759999999999, 51.95549583333334], [7.645752777777777, 51.95549694444445], [7.64565, 51.95552194444445], [7.645415, 51.955575], [7.645115, 51.95565777777778], [7.644935833333333, 51.955710833333335], [7.644756944444444, 51.95576888888889], [7.6442669444444435, 51.95594888888889], [7.6442669444444435, 51.95594888888889], [7.644168888888888, 51.955985000000005], [7.643645833333333, 51.95617694444445], [7.643582777777778, 51.956201944444445], [7.643457777777777, 51.956248888888894], [7.642805833333333, 51.95649277777778], [7.642754999999999, 51.95651194444445], [7.642582777777777, 51.956575], [7.642075833333333, 51.956765833333336], [7.641945833333333, 51.956815000000006], [7.641525833333333, 51.95698277777778], [7.641484999999999, 51.957], [7.641473888888888, 51.95700388888889], [7.640946944444444, 51.957233888888894], [7.640689999999999, 51.95735194444445], [7.640563888888888, 51.95740888888889], [7.640402777777777, 51.95748583333334], [7.640416944444444, 51.95749694444445], [7.640414444444444, 51.95749777777778], [7.640416944444444, 51.95749694444445], [7.640402777777777, 51.95748583333334], [7.64007, 51.95764777777778], [7.640070833333333, 51.95764777777778], [7.64007, 51.95764777777778], [7.640070833333333, 51.95764777777778], [7.639803888888888, 51.95777888888889], [7.639405833333333, 51.957980000000006], [7.639393888888889, 51.95798583333334], [7.639349999999999, 51.95800694444445], [7.639094999999999, 51.958133888888895], [7.638996944444444, 51.958180000000006], [7.638452777777777, 51.958416944444444], [7.6384099999999995, 51.95843388888889], [7.638326944444444, 51.958467777777784], [7.6382127777777775, 51.958515000000006], [7.638059999999999, 51.95857777777778], [7.6379938888888885, 51.958605000000006], [7.637823888888889, 51.95867194444445], [7.637628888888888, 51.95874888888889], [7.637575833333333, 51.95876888888889], [7.637178888888888, 51.958931944444444], [7.637096944444444, 51.958965000000006], [7.637096944444444, 51.958965000000006], [7.63707, 51.958975], [7.636897777777778, 51.95904194444445], [7.636628888888889, 51.959140000000005], [7.636321944444444, 51.959250833333336], [7.6362588888888885, 51.959273888888895], [7.636159999999999, 51.95931], [7.636176388888888, 51.95932666666667], [7.636159999999999, 51.95931], [7.636125833333333, 51.95932194444445], [7.635705, 51.95948083333334], [7.635567777777777, 51.959536944444444], [7.635228888888888, 51.95966277777778], [7.635156944444444, 51.95968888888889], [7.635034999999999, 51.95973888888889], [7.634866944444444, 51.959525], [7.634810833333333, 51.95929], [7.634804999999999, 51.95926277777778], [7.634782777777778, 51.95916888888889], [7.634782777777778, 51.95916888888889], [7.634771944444444, 51.95912277777778], [7.634759999999999, 51.959073888888895], [7.6345688888888885, 51.95843388888889], [7.634542777777777, 51.958350833333334], [7.634524999999999, 51.95829888888889], [7.634475833333333, 51.958126944444444], [7.634408888888888, 51.95789194444445], [7.634271944444444, 51.95742694444445], [7.634215833333333, 51.957245], [7.6341319444444435, 51.95706388888889], [7.633995, 51.95684888888889], [7.633892777777778, 51.956720000000004], [7.633783888888888, 51.95662888888889], [7.633779444444444, 51.956630555555556], [7.633783888888888, 51.95662888888889], [7.6336627777777775, 51.95652777777778], [7.6335927777777774, 51.956470833333334], [7.6335927777777774, 51.956470833333334], [7.6334188888888885, 51.95633083333334], [7.633295, 51.956230000000005], [7.633187777777779, 51.956145], [7.632820000000001, 51.95584388888889], [7.632750833333334, 51.95577194444445], [7.6326438888888894, 51.955795], [7.631993888888889, 51.95598777777778], [7.631873888888889, 51.95603194444445], [7.631390833333334, 51.95620388888889], [7.63134888888889, 51.95621888888889], [7.631280833333334, 51.95624277777778], [7.631223888888889, 51.95626277777778], [7.6311350000000004, 51.956293888888894], [7.630915833333334, 51.95636694444445], [7.630716944444445, 51.95643277777778], [7.630581944444445, 51.95647777777778], [7.630567777777778, 51.95653388888889], [7.6305708333333335, 51.95659888888889], [7.630588888888889, 51.956655833333336], [7.630696944444445, 51.95677583333334], [7.630836944444445, 51.95686888888889], [7.630960833333334, 51.95695777777778], [7.63097388888889, 51.95695138888889], [7.630960833333334, 51.95695777777778], [7.631235, 51.95717583333334], [7.631235, 51.95717583333334], [7.6312338888888895, 51.957175], [7.63123, 51.95717694444445], [7.6312338888888895, 51.957175], [7.631296944444445, 51.95722777777778], [7.631453888888889, 51.95738777777778], [7.6314697222222225, 51.95738222222222], [7.631453888888889, 51.95738777777778], [7.631480833333334, 51.957415833333336], [7.631141944444445, 51.957570833333335], [7.630723888888889, 51.957785], [7.630637777777778, 51.95783], [7.630563888888889, 51.95786777777778], [7.630486944444445, 51.957907777777784], [7.63037, 51.95796777777778], [7.630215833333334, 51.95804694444445], [7.629917777777778, 51.958200833333336], [7.629745833333334, 51.958365], [7.629603888888889, 51.95854583333334], [7.6292019444444445, 51.959028888888895], [7.629152777777779, 51.95908388888889], [7.629132777777778, 51.959136944444445], [7.6291408333333335, 51.959165000000006], [7.62916388888889, 51.95919777777778], [7.629211944444445, 51.95923194444445], [7.6294619444444445, 51.959341944444446], [7.6294619444444445, 51.959341944444446], [7.629497777777778, 51.95935888888889], [7.629542777777778, 51.95937694444445], [7.629771944444445, 51.959473888888894], [7.629928888888889, 51.95955], [7.630312777777778, 51.95973583333333], [7.630447777777778, 51.959805833333334], [7.63051, 51.959855833333336], [7.630582777777779, 51.959990000000005], [7.63059888888889, 51.960060000000006], [7.630591944444445, 51.960122777777784], [7.630568888888889, 51.960175], [7.630490833333334, 51.960275833333334], [7.630346944444445, 51.96039694444445], [7.630112777777779, 51.960548888888894], [7.630006944444445, 51.96060694444445], [7.629973888888889, 51.960625], [7.629863888888889, 51.960685000000005], [7.6297788888888896, 51.960730000000005], [7.6295527777777785, 51.96083083333333], [7.6293177777777785, 51.96087694444445], [7.62875, 51.96092083333333], [7.62875, 51.96092083333333], [7.628562777777779, 51.960935000000006], [7.628456944444445, 51.96094277777778], [7.627768888888889, 51.960995000000004], [7.627555833333334, 51.961174722222225], [7.627492777777778, 51.96122694444445], [7.627581944444445, 51.961287777777784], [7.6275988888888895, 51.961310833333336], [7.62777888888889, 51.961600000000004], [7.627866944444445, 51.961740000000006], [7.627730833333334, 51.96177277777778], [7.627210000000001, 51.96188888888889], [7.626853888888889, 51.961960000000005], [7.62661, 51.96199694444445], [7.626145833333334, 51.96205194444445], [7.626145833333334, 51.96205194444445], [7.62613888888889, 51.96205277777778], [7.626122777777779, 51.962055], [7.6257150000000005, 51.962092777777784], [7.625188888888889, 51.96213], [7.625075833333334, 51.962135], [7.624790000000001, 51.96214694444445], [7.624417777777778, 51.96215194444445], [7.624223888888889, 51.96215194444445], [7.624080833333334, 51.96214194444445], [7.624002777777778, 51.96198777777778], [7.62399, 51.96196277777778], [7.623851944444445, 51.961640833333334], [7.623780833333334, 51.96147888888889], [7.623716944444445, 51.961330833333335], [7.623626944444445, 51.96112083333334], [7.623575833333334, 51.96103194444445], [7.623461944444445, 51.960860833333335], [7.623277777777778, 51.96091388888889], [7.622955833333334, 51.96097277777778], [7.622955833333334, 51.96097277777778], [7.622771944444445, 51.960996944444446], [7.622627777777779, 51.960996944444446], [7.622442777777779, 51.96099388888889], [7.6222819444444445, 51.96098083333334], [7.622140000000001, 51.96095777777778], [7.622097777777778, 51.960950000000004], [7.62191888888889, 51.96091277777778], [7.6218827777777785, 51.960905000000004], [7.621802777777778, 51.960885000000005], [7.621688888888889, 51.960860833333335], [7.621110000000001, 51.96077583333334], [7.620840833333334, 51.96076194444445], [7.620720833333333, 51.96076583333333], [7.620602777777778, 51.96077888888889], [7.6205308333333335, 51.960793888888894], [7.620360000000001, 51.960860833333335], [7.62029888888889, 51.960906944444446], [7.620245833333334, 51.96096777777778], [7.6201388888888895, 51.96118583333334], [7.62008388888889, 51.961275], [7.620025833333334, 51.96133777777778], [7.619872777777778, 51.961445000000005], [7.619732777777778, 51.961510000000004], [7.61972, 51.961515000000006], [7.6195577777777785, 51.961577777777784], [7.6195577777777785, 51.961577777777784], [7.6194338888888895, 51.96161583333333], [7.619342777777779, 51.96164277777778], [7.619298888888889, 51.96165694444445], [7.619065833333334, 51.961710833333335], [7.6188, 51.961760000000005], [7.618336944444445, 51.96182694444445], [7.617856944444445, 51.96187888888889], [7.617810833333333, 51.96188388888889], [7.617586944444445, 51.96189888888889], [7.617332777777778, 51.96190583333333], [7.616687777777778, 51.96192694444445], [7.616567777777777, 51.96193], [7.6160588888888885, 51.961945], [7.615555, 51.961955833333334], [7.615490833333333, 51.961956944444445], [7.615490833333333, 51.961956944444445], [7.615280833333333, 51.961960833333336], [7.615005, 51.96196583333334], [7.615000833333333, 51.96196583333334], [7.614750833333333, 51.96196888888889], [7.6144927777777776, 51.96196888888889], [7.614371944444444, 51.96196888888889], [7.614210833333333, 51.96196388888889], [7.614025, 51.96194777777778], [7.613848888888889, 51.96193277777778], [7.61304, 51.96183194444445], [7.612710833333333, 51.961823888888894], [7.612330833333333, 51.96183583333334], [7.61193, 51.96187388888889], [7.61193, 51.96187305555556], [7.61193, 51.96187388888889], [7.611423888888888, 51.96192583333334], [7.611173888888889, 51.96193277777778], [7.610910833333333, 51.961915000000005], [7.610558888888889, 51.961865], [7.610327777777777, 51.96181583333333], [7.610245833333333, 51.96179194444445], [7.6099588888888885, 51.96165777777778], [7.609661944444444, 51.96150888888889], [7.609667222222222, 51.961505], [7.609661944444444, 51.96150888888889], [7.6095758333333325, 51.961465833333335], [7.608847777777777, 51.96121194444445], [7.608592777777777, 51.96116388888889], [7.608350833333333, 51.96116277777778], [7.60785, 51.96119277777778], [7.60785, 51.96119277777778], [7.607740833333333, 51.961198888888894], [7.607211944444444, 51.96122888888889], [7.6069627777777775, 51.961218888888894], [7.606735, 51.96119], [7.606547777777777, 51.961145], [7.606055833333333, 51.96095777777778], [7.605780833333333, 51.96084888888889], [7.6053669444444445, 51.96068694444445], [7.605309999999999, 51.960665000000006], [7.604775833333333, 51.96045083333333], [7.604776666666666, 51.96045027777778], [7.604775833333333, 51.96045083333333], [7.604665, 51.96040694444445], [7.604151944444444, 51.96020277777778], [7.603965833333333, 51.96015888888889], [7.603782777777777, 51.96009888888889], [7.603782777777777, 51.96009888888889], [7.603727777777777, 51.960080833333336], [7.6036777777777775, 51.960065], [7.603241944444444, 51.959898888888894], [7.603235833333333, 51.959896944444445], [7.602991944444444, 51.95988583333334], [7.602896944444444, 51.95988694444445], [7.602837777777777, 51.95989777777778], [7.602729999999999, 51.959941944444445], [7.602625833333333, 51.96000083333334], [7.602583888888889, 51.96071277777778], [7.602576944444444, 51.960928888888894], [7.602576944444444, 51.960928888888894], [7.602575833333333, 51.96096388888889], [7.602571944444444, 51.961106944444445], [7.602557777777777, 51.961106944444445], [7.602571944444444, 51.961106944444445], [7.602570833333333, 51.961146944444444], [7.602535, 51.96166277777778], [7.602461944444444, 51.96204083333333], [7.602431944444444, 51.96217083333334], [7.602315, 51.96254888888889], [7.602116944444444, 51.96309277777778], [7.601992777777777, 51.963435833333335], [7.601880833333333, 51.96380388888889], [7.601837777777777, 51.96397694444445], [7.601821944444444, 51.96407583333334], [7.601763888888889, 51.96441777777778], [7.6017399999999995, 51.96476583333334], [7.601736944444444, 51.96499583333333], [7.601736944444444, 51.965], [7.601740833333333, 51.96510583333334], [7.601745833333333, 51.96524], [7.601532777777777, 51.965201944444445], [7.601355, 51.96516694444445], [7.60091, 51.965055], [7.6006, 51.96500777777778], [7.60028, 51.96497], [7.60028, 51.96497], [7.600273888888888, 51.96496888888889], [7.599905833333333, 51.96494277777778], [7.599751944444444, 51.964936944444446], [7.599630833333333, 51.96493277777778], [7.599568888888888, 51.96493388888889], [7.599148888888888, 51.964938888888895], [7.598947777777777, 51.96494888888889], [7.598789999999999, 51.96495277777778], [7.598597777777777, 51.964958888888894], [7.598450833333333, 51.96496277777778], [7.597985833333333, 51.964960833333336], [7.597318888888888, 51.96495194444445], [7.597068888888889, 51.96491277777778], [7.596955833333333, 51.96490888888889], [7.596685, 51.96490888888889], [7.59603, 51.96494777777778], [7.595513888888888, 51.96497777777778], [7.595145833333333, 51.965003888888894], [7.595145833333333, 51.965003888888894], [7.595131944444444, 51.965005000000005], [7.5949969444444445, 51.965015], [7.594735, 51.965030000000006], [7.5945849999999995, 51.96504], [7.594510833333333, 51.965045], [7.594373888888889, 51.96505277777778], [7.593742777777777, 51.965094722222226], [7.593562777777778, 51.96510694444445], [7.591157777777777, 51.96526194444445], [7.591097777777778, 51.96526583333333], [7.591027777777778, 51.965270000000004], [7.590380833333333, 51.965310833333334], [7.590380833333333, 51.965310833333334], [7.589944999999999, 51.96533777777778], [7.589650833333333, 51.965356944444444], [7.589169999999999, 51.96538888888889], [7.589100833333333, 51.96539388888889], [7.589091944444444, 51.965445], [7.589051944444444, 51.965491944444445], [7.588995833333333, 51.965520833333336], [7.5889219444444445, 51.96553777777778], [7.588846944444444, 51.965536944444445], [7.58876, 51.965515], [7.588697777777777, 51.965471944444445], [7.5886708333333335, 51.96542194444445], [7.588593888888888, 51.965425833333335], [7.587710833333333, 51.965485], [7.586988888888889, 51.965520833333336], [7.586525, 51.965540000000004], [7.586087777777777, 51.96554583333334], [7.585265833333333, 51.96550583333334], [7.584776944444444, 51.96548083333334], [7.5841738888888885, 51.96541777777778], [7.583548888888888, 51.965335833333334], [7.583468888888889, 51.965336944444445], [7.583317777777777, 51.96536277777778], [7.583218888888888, 51.96539888888889], [7.583145, 51.965445], [7.582857777777778, 51.965665], [7.582857777777778, 51.965665], [7.582310833333333, 51.96608388888889], [7.581473888888889, 51.96662277777778], [7.581186944444444, 51.966792777777776], [7.581144999999999, 51.966815833333335], [7.580476944444444, 51.96718277777778], [7.580466944444444, 51.96718888888889], [7.58038, 51.96723194444445], [7.5799288888888885, 51.96741194444444], [7.5799288888888885, 51.96741194444444], [7.579795, 51.967465833333335], [7.579622777777778, 51.967555833333336], [7.579385833333333, 51.96769694444445], [7.579185833333333, 51.96783277777778], [7.579062777777778, 51.96795], [7.578815, 51.968205833333336], [7.578566944444444, 51.96846777777778], [7.578312777777778, 51.96873777777778], [7.578092777777777, 51.96901583333334], [7.577922777777777, 51.96929777777778], [7.577893888888888, 51.969346944444446], [7.577775, 51.969610833333334], [7.577675833333333, 51.969974722222226], [7.577610833333333, 51.970218888888894], [7.577610833333333, 51.970218888888894], [7.577601944444444, 51.97025083333334], [7.577640277777777, 51.97025472222222], [7.577601944444444, 51.97025083333334], [7.57755, 51.97044777777778], [7.577477777777777, 51.970580000000005], [7.577380833333333, 51.97069777777778], [7.577336944444444, 51.97074083333334], [7.577076944444444, 51.97098888888889], [7.576917777777777, 51.97116194444445], [7.576827777777778, 51.971270833333335], [7.576747777777777, 51.971364722222226], [7.576641944444444, 51.97148972222222], [7.57632, 51.97180277777778], [7.576295833333333, 51.97186777777778], [7.576223888888888, 51.971940000000004], [7.576040833333333, 51.97215388888889], [7.576047222222222, 51.97215527777778], [7.576040833333333, 51.97215388888889], [7.575992777777778, 51.97222277777778], [7.57597, 51.972296944444444], [7.575959999999999, 51.97241388888889], [7.575800833333333, 51.97244888888889], [7.575556944444444, 51.972504722222226], [7.5751969444444445, 51.97258888888889], [7.5751969444444445, 51.97258888888889], [7.574585, 51.97273888888889], [7.574437777777778, 51.97275583333334], [7.57409, 51.97287777777778], [7.573655, 51.97304888888889], [7.573450833333333, 51.97313777777778], [7.573415, 51.973154722222226], [7.573119999999999, 51.973284722222225], [7.572171944444444, 51.973705833333334], [7.571798888888889, 51.97386083333333], [7.571661944444444, 51.973906944444444], [7.571445833333333, 51.97396694444445], [7.571395, 51.973976944444445], [7.571395, 51.973976944444445], [7.571268888888889, 51.974000833333335], [7.571061944444444, 51.974021944444445], [7.57107, 51.97409277777778], [7.5711208333333335, 51.97444388888889], [7.571116944444444, 51.97450777777778], [7.5710999999999995, 51.974560833333335], [7.570973888888888, 51.97472194444445], [7.570751944444444, 51.974916944444445], [7.570625833333333, 51.975010833333336], [7.570476944444445, 51.975100833333336], [7.570187777777778, 51.97525388888889], [7.5700449999999995, 51.97530277777778], [7.569857777777777, 51.97534888888889], [7.569857777777777, 51.97534888888889], [7.569641944444444, 51.975385833333334], [7.569466944444444, 51.9754], [7.569272777777778, 51.9754], [7.569017777777778, 51.97537888888889], [7.568911944444444, 51.975361944444444], [7.568638888888889, 51.97527888888889], [7.568278888888889, 51.975120833333335], [7.56781, 51.97490277777778], [7.567727777777778, 51.97486777777778], [7.567653888888889, 51.97484777777778], [7.566787777777778, 51.974451944444446], [7.566735833333333, 51.97440972222223], [7.5662038888888885, 51.974175], [7.566006944444444, 51.974086944444444], [7.565846944444444, 51.97401888888889], [7.565678888888889, 51.97394194444445], [7.565460833333333, 51.97384277777778], [7.565318888888889, 51.97378777777778], [7.565226944444444, 51.97374583333333], [7.5649138888888885, 51.97397083333333], [7.5649138888888885, 51.97397083333333], [7.564908888888889, 51.97397388888889], [7.564386944444444, 51.97430083333334], [7.564320833333333, 51.97434194444445], [7.564212777777778, 51.974291944444445], [7.563775833333334, 51.97412583333333], [7.5630677777777775, 51.97385888888889], [7.5629977777777775, 51.97385194444445], [7.562508888888889, 51.973835], [7.561920833333333, 51.97383194444445], [7.561808888888889, 51.97381888888889], [7.561571944444444, 51.973779722222226], [7.561445, 51.97374694444444], [7.561305, 51.97368], [7.561005833333333, 51.97346777777778], [7.5606438888888885, 51.973211944444444], [7.560550833333333, 51.97314777777778], [7.560497777777778, 51.97311], [7.560497777777778, 51.97311], [7.5604458333333335, 51.97307277777778], [7.560430833333333, 51.973061944444446], [7.560201944444445, 51.97289694444444], [7.560118888888889, 51.972835833333335], [7.559966944444445, 51.972725833333335], [7.559883888888889, 51.97260888888889], [7.559833888888889, 51.97249277777778], [7.559898888888888, 51.972365833333335], [7.560142777777777, 51.97203388888889], [7.560371944444444, 51.971716944444445], [7.560637777777778, 51.97135388888889], [7.560883888888888, 51.97074888888889], [7.560883888888888, 51.97074888888889], [7.5609069444444446, 51.9707], [7.560936944444444, 51.97066888888889], [7.561066944444444, 51.97063388888889], [7.561161944444445, 51.97062777777778], [7.562188888888889, 51.97062694444445], [7.562502777777778, 51.970619722222224], [7.562775, 51.97060194444445], [7.562835833333333, 51.97059777777778], [7.5628327777777775, 51.970551944444445], [7.5628577777777775, 51.97050777777778], [7.562906944444444, 51.97047388888889], [7.562903888888889, 51.970425], [7.56287, 51.970295], [7.562783888888888, 51.97009972222222], [7.562648888888889, 51.96986972222222], [7.562615, 51.96982083333334], [7.562447777777778, 51.96958], [7.562447777777778, 51.96958], [7.562358888888888, 51.96945], [7.562206944444444, 51.96922777777778], [7.562118888888889, 51.96908694444445], [7.562062777777777, 51.968945833333336], [7.562036944444444, 51.96880083333333], [7.56204, 51.96866194444445], [7.562075, 51.96850388888889], [7.562172777777778, 51.96830583333333], [7.562256944444444, 51.9682], [7.562471944444444, 51.96800277777778], [7.5626508333333335, 51.967870833333336], [7.562707777777778, 51.96782888888889], [7.562707777777778, 51.96782888888889], [7.562788888888889, 51.96776888888889], [7.563376944444444, 51.96732194444445], [7.563597777777778, 51.96715777777778], [7.563767777777778, 51.96702777777778], [7.564385, 51.966566944444445], [7.564405833333333, 51.966550833333336], [7.564597777777777, 51.966405], [7.564735, 51.966302777777784], [7.564860833333333, 51.96620777777778], [7.56496, 51.96613583333334], [7.5654119444444445, 51.96579694444445], [7.565533888888889, 51.96570694444445], [7.565810833333333, 51.965495000000004], [7.565810833333333, 51.965495000000004], [7.56588, 51.96544194444445], [7.565920833333333, 51.96541083333334], [7.566106944444444, 51.965270833333335], [7.566293888888889, 51.96513], [7.566766944444444, 51.96477388888889], [7.566880833333333, 51.964665000000004], [7.566951944444444, 51.964578888888894], [7.567027777777778, 51.96445694444445], [7.567085, 51.96432388888889], [7.56712, 51.96415694444445], [7.56712, 51.96403277777778], [7.567098888888888, 51.9639], [7.567041944444444, 51.96375194444445], [7.566571944444444, 51.96280083333333], [7.566522777777777, 51.96264777777778], [7.566512777777778, 51.962496944444446], [7.566535, 51.96233], [7.5665949999999995, 51.962160833333336], [7.566690833333333, 51.962005000000005], [7.566783888888889, 51.96190194444445], [7.566910833333333, 51.961796944444444], [7.5670858333333335, 51.96167277777778], [7.5670858333333335, 51.96167277777778], [7.567372777777778, 51.961468888888895], [7.567425, 51.96143194444445], [7.567401944444444, 51.96139777777778], [7.567395833333333, 51.96136194444445], [7.5674077777777775, 51.96132583333333], [7.567436944444444, 51.96129277777778], [7.567490833333333, 51.961261944444445], [7.567559999999999, 51.96124583333334], [7.567668888888889, 51.96125194444445], [7.567740833333333, 51.96122277777778], [7.567862777777777, 51.961155833333336], [7.5680958333333335, 51.960990833333334], [7.568245833333333, 51.96087], [7.568463888888888, 51.960675], [7.568782777777778, 51.96033583333334], [7.568905, 51.960206944444444], [7.569240833333333, 51.95991583333333], [7.569643888888889, 51.95961888888889], [7.569643888888889, 51.95961888888889], [7.569910833333333, 51.95942194444445], [7.569952777777778, 51.95936888888889], [7.569932777777778, 51.95931388888889], [7.5699427777777775, 51.95927694444445], [7.569992777777777, 51.959228888888894], [7.570055833333333, 51.959203888888894], [7.570165833333333, 51.95919777777778], [7.570257777777778, 51.95916694444445], [7.570582777777777, 51.95895277777778], [7.570925, 51.95870388888889], [7.571447777777777, 51.95832888888889], [7.571462777777778, 51.95831777777778], [7.571797777777777, 51.95807277777778], [7.571797777777777, 51.95807277777778], [7.571835833333333, 51.958043888888895], [7.571830555555556, 51.958041388888894], [7.571835833333333, 51.958043888888895], [7.571987777777777, 51.95793277777778], [7.572078888888889, 51.957863888888895], [7.572397777777778, 51.95762777777778], [7.572490833333333, 51.957545833333334], [7.572491944444444, 51.957546111111114], [7.572490833333333, 51.957545833333334], [7.572495, 51.95754194444445], [7.572643888888889, 51.957591944444445], [7.5729058333333334, 51.95768777777778], [7.573087777777777, 51.957708888888895], [7.573538888888889, 51.95787583333334], [7.573605, 51.95792777777778], [7.573866944444444, 51.95791888888889], [7.5739399999999995, 51.95788777777778], [7.5739849999999995, 51.957816944444446], [7.573942777777778, 51.95774083333334], [7.573868888888889, 51.957685000000005], [7.573282777777777, 51.95746388888889], [7.573276944444444, 51.95746194444445]]}}, {"type": "Feature", "properties": {"route_id": "12", "name": "12", "color": "#4571AF", "label_lon": 7.59865, "label_lat": 51.96477083333333}, "geometry": {"type": "LineString", "coordinates": [[7.634546944444444, 51.95735583333334], [7.634546944444444, 51.95735777777778], [7.634597777777778, 51.957503888888894], [7.6347249999999995, 51.95792083333333], [7.634740833333333, 51.958020833333336], [7.634751944444444, 51.958085000000004], [7.634672777777777, 51.958195], [7.634524999999999, 51.95829888888889], [7.6343058333333325, 51.958326944444444], [7.634295833333333, 51.95832777777778], [7.633848888888888, 51.958385], [7.63267, 51.958531944444445], [7.632645, 51.958505], [7.632645833333334, 51.958505], [7.632645, 51.958505], [7.632521944444445, 51.95837388888889], [7.632377777777778, 51.958220833333336], [7.631877777777778, 51.957748888888894], [7.631553888888889, 51.957485000000005], [7.631480833333334, 51.957415833333336], [7.631141944444445, 51.957570833333335], [7.630723888888889, 51.957785], [7.630637777777778, 51.95783], [7.630563888888889, 51.95786777777778], [7.630486944444445, 51.957907777777784], [7.63037, 51.95796777777778], [7.630215833333334, 51.95804694444445], [7.629917777777778, 51.958200833333336], [7.629745833333334, 51.958365], [7.629603888888889, 51.95854583333334], [7.6292019444444445, 51.959028888888895], [7.629152777777779, 51.95908388888889], [7.629132777777778, 51.959136944444445], [7.6291408333333335, 51.959165000000006], [7.62916388888889, 51.95919777777778], [7.629211944444445, 51.95923194444445], [7.6294619444444445, 51.959341944444446], [7.6294619444444445, 51.959341944444446], [7.629497777777778, 51.95935888888889], [7.629542777777778, 51.95937694444445], [7.629771944444445, 51.959473888888894], [7.629928888888889, 51.95955], [7.630312777777778, 51.95973583333333], [7.630447777777778, 51.959805833333334], [7.63051, 51.959855833333336], [7.630582777777779, 51.959990000000005], [7.63059888888889, 51.960060000000006], [7.630591944444445, 51.960122777777784], [7.630568888888889, 51.960175], [7.630490833333334, 51.960275833333334], [7.630346944444445, 51.96039694444445], [7.630112777777779, 51.960548888888894], [7.630006944444445, 51.96060694444445], [7.629973888888889, 51.960625], [7.629863888888889, 51.960685000000005], [7.6297788888888896, 51.960730000000005], [7.6295527777777785, 51.96083083333333], [7.6293177777777785, 51.96087694444445], [7.62875, 51.96092083333333], [7.62875, 51.96092083333333], [7.628562777777779, 51.960935000000006], [7.628456944444445, 51.96094277777778], [7.627768888888889, 51.960995000000004], [7.627555833333334, 51.961174722222225], [7.627492777777778, 51.96122694444445], [7.627581944444445, 51.961287777777784], [7.6275988888888895, 51.961310833333336], [7.62777888888889, 51.961600000000004], [7.627866944444445, 51.961740000000006], [7.627730833333334, 51.96177277777778], [7.627210000000001, 51.96188888888889], [7.626853888888889, 51.961960000000005], [7.62661, 51.96199694444445], [7.626145833333334, 51.96205194444445], [7.626145833333334, 51.96205194444445], [7.62613888888889, 51.96205277777778], [7.626122777777779, 51.962055], [7.6257150000000005, 51.962092777777784], [7.625188888888889, 51.96213], [7.625075833333334, 51.962135], [7.624790000000001, 51.96214694444445], [7.624417777777778, 51.96215194444445], [7.624223888888889, 51.96215194444445], [7.624080833333334, 51.96214194444445], [7.624002777777778, 51.96198777777778], [7.62399, 51.96196277777778], [7.623851944444445, 51.961640833333334], [7.623780833333334, 51.96147888888889], [7.623716944444445, 51.961330833333335], [7.623626944444445, 51.96112083333334], [7.623575833333334, 51.96103194444445], [7.623461944444445, 51.960860833333335], [7.623277777777778, 51.96091388888889], [7.622955833333334, 51.96097277777778], [7.622955833333334, 51.96097277777778], [7.622771944444445, 51.960996944444446], [7.622627777777779, 51.960996944444446], [7.622442777777779, 51.96099388888889], [7.6222819444444445, 51.96098083333334], [7.622140000000001, 51.96095777777778], [7.622097777777778, 51.960950000000004], [7.62191888888889, 51.96091277777778], [7.6218827777777785, 51.960905000000004], [7.621802777777778, 51.960885000000005], [7.621688888888889, 51.960860833333335], [7.621110000000001, 51.96077583333334], [7.620840833333334, 51.96076194444445], [7.620720833333333, 51.96076583333333], [7.620602777777778, 51.96077888888889], [7.6205308333333335, 51.960793888888894], [7.620360000000001, 51.960860833333335], [7.62029888888889, 51.960906944444446], [7.620245833333334, 51.96096777777778], [7.6201388888888895, 51.96118583333334], [7.62008388888889, 51.961275], [7.620025833333334, 51.96133777777778], [7.619872777777778, 51.961445000000005], [7.619732777777778, 51.961510000000004], [7.61972, 51.961515000000006], [7.6195577777777785, 51.961577777777784], [7.6195577777777785, 51.961577777777784], [7.6194338888888895, 51.96161583333333], [7.619342777777779, 51.96164277777778], [7.619298888888889, 51.96165694444445], [7.619065833333334, 51.961710833333335], [7.6188, 51.961760000000005], [7.618336944444445, 51.96182694444445], [7.617856944444445, 51.96187888888889], [7.617810833333333, 51.96188388888889], [7.617586944444445, 51.96189888888889], [7.617332777777778, 51.96190583333333], [7.616687777777778, 51.96192694444445], [7.616567777777777, 51.96193], [7.6160588888888885, 51.961945], [7.615555, 51.961955833333334], [7.615490833333333, 51.961956944444445], [7.615490833333333, 51.961956944444445], [7.615280833333333, 51.961960833333336], [7.615005, 51.96196583333334], [7.615000833333333, 51.96196583333334], [7.614750833333333, 51.96196888888889], [7.6144927777777776, 51.96196888888889], [7.614371944444444, 51.96196888888889], [7.614210833333333, 51.96196388888889], [7.614025, 51.96194777777778], [7.613848888888889, 51.96193277777778], [7.61304, 51.96183194444445], [7.612710833333333, 51.961823888888894], [7.612330833333333, 51.96183583333334], [7.61193, 51.96187388888889], [7.61193, 51.96187305555556], [7.61193, 51.96187388888889], [7.611423888888888, 51.96192583333334], [7.611173888888889, 51.96193277777778], [7.610910833333333, 51.961915000000005], [7.610558888888889, 51.961865], [7.610327777777777, 51.96181583333333], [7.610245833333333, 51.96179194444445], [7.6099588888888885, 51.96165777777778], [7.609661944444444, 51.96150888888889], [7.609667222222222, 51.961505], [7.609661944444444, 51.96150888888889], [7.6095758333333325, 51.961465833333335], [7.608847777777777, 51.96121194444445], [7.608592777777777, 51.96116388888889], [7.608350833333333, 51.96116277777778], [7.60785, 51.96119277777778], [7.60785, 51.96119277777778], [7.607740833333333, 51.961198888888894], [7.607211944444444, 51.96122888888889], [7.6069627777777775, 51.961218888888894], [7.606735, 51.96119], [7.606547777777777, 51.961145], [7.606055833333333, 51.96095777777778], [7.605780833333333, 51.96084888888889], [7.6053669444444445, 51.96068694444445], [7.605309999999999, 51.960665000000006], [7.604775833333333, 51.96045083333333], [7.604776666666666, 51.96045027777778], [7.604775833333333, 51.96045083333333], [7.604665, 51.96040694444445], [7.604151944444444, 51.96020277777778], [7.603965833333333, 51.96015888888889], [7.603782777777777, 51.96009888888889], [7.603782777777777, 51.96009888888889], [7.603727777777777, 51.960080833333336], [7.6036777777777775, 51.960065], [7.603241944444444, 51.959898888888894], [7.603235833333333, 51.959896944444445], [7.602991944444444, 51.95988583333334], [7.602896944444444, 51.95988694444445], [7.602837777777777, 51.95989777777778], [7.602729999999999, 51.959941944444445], [7.602625833333333, 51.96000083333334], [7.602583888888889, 51.96071277777778], [7.602576944444444, 51.960928888888894], [7.602576944444444, 51.960928888888894], [7.602575833333333, 51.96096388888889], [7.602571944444444, 51.961106944444445], [7.602557777777777, 51.961106944444445], [7.602571944444444, 51.961106944444445], [7.602570833333333, 51.961146944444444], [7.602535, 51.96166277777778], [7.602461944444444, 51.96204083333333], [7.602431944444444, 51.96217083333334], [7.602315, 51.96254888888889], [7.602116944444444, 51.96309277777778], [7.601992777777777, 51.963435833333335], [7.601880833333333, 51.96380388888889], [7.601837777777777, 51.96397694444445], [7.601821944444444, 51.96407583333334], [7.601763888888889, 51.96441777777778], [7.6017399999999995, 51.96476583333334], [7.601736944444444, 51.96499583333333], [7.601736944444444, 51.965], [7.601740833333333, 51.96510583333334], [7.601745833333333, 51.96524], [7.601532777777777, 51.965201944444445], [7.601355, 51.96516694444445], [7.60091, 51.965055], [7.6006, 51.96500777777778], [7.60028, 51.96497], [7.60028, 51.96497], [7.600273888888888, 51.96496888888889], [7.599905833333333, 51.96494277777778], [7.599751944444444, 51.964936944444446], [7.599630833333333, 51.96493277777778], [7.599148888888888, 51.964938888888895], [7.598947777777777, 51.96494888888889], [7.598789999999999, 51.96495277777778], [7.598597777777777, 51.964958888888894], [7.598640833333333, 51.964846944444446], [7.59865, 51.96477083333333], [7.598650833333333, 51.96460277777778], [7.598638888888889, 51.96451888888889], [7.598622777777777, 51.96445777777778], [7.598560833333333, 51.96435], [7.598417777777778, 51.96419], [7.598248888888889, 51.96405888888889], [7.598012777777777, 51.96392], [7.597928888888888, 51.96387194444445], [7.59784, 51.96382583333334], [7.597580833333333, 51.96369083333334], [7.597146944444444, 51.96345], [7.597146944444444, 51.96345], [7.595146944444444, 51.96235], [7.594955833333333, 51.96223583333334], [7.594128888888888, 51.96179388888889], [7.5939749999999995, 51.961711944444446], [7.593740833333333, 51.96160583333334], [7.593523888888889, 51.961515000000006], [7.593215, 51.96137388888889], [7.593092777777778, 51.96132], [7.593092777777778, 51.96132], [7.593036944444444, 51.961295], [7.592836944444445, 51.961200000000005], [7.59249, 51.96111583333334], [7.592116944444444, 51.961035833333334], [7.591962777777778, 51.96101194444445], [7.591525, 51.96097694444445], [7.591078888888888, 51.96097277777778], [7.590860833333333, 51.96098388888889], [7.590597777777777, 51.96101277777778], [7.590178888888889, 51.961090000000006], [7.589931944444444, 51.961155833333336], [7.589751944444444, 51.961218888888894], [7.589675, 51.96125083333334], [7.589193888888889, 51.96145583333334], [7.589121944444444, 51.96149694444445], [7.589121944444444, 51.96149694444445], [7.589025833333333, 51.961551944444444], [7.5889219444444445, 51.96161083333334], [7.5885549999999995, 51.96183694444445], [7.587617777777777, 51.962380833333334], [7.587415833333333, 51.96249777777778], [7.587235833333333, 51.96239583333334], [7.586367777777777, 51.96197194444445], [7.586117777777777, 51.961850000000005], [7.585821944444445, 51.96172194444445], [7.584341944444444, 51.96108277777778], [7.584052777777777, 51.960973888888894], [7.583526944444444, 51.96079888888889], [7.583095833333333, 51.96068888888889], [7.582572777777777, 51.960592777777784], [7.582060833333333, 51.960535], [7.5817049999999995, 51.960505833333336], [7.581088888888889, 51.960480833333335], [7.58074, 51.96047083333334], [7.580464999999999, 51.96045083333333], [7.580464999999999, 51.96045083333333], [7.580315833333333, 51.960440000000006], [7.5802499999999995, 51.960431944444444], [7.579898888888889, 51.960390000000004], [7.579583888888888, 51.96033583333334], [7.579562777777777, 51.96033194444445], [7.5794427777777775, 51.96030583333334], [7.578939999999999, 51.96017388888889], [7.578563888888889, 51.960060000000006], [7.578278888888889, 51.95995694444445], [7.577651944444444, 51.959695], [7.577625833333333, 51.95968388888889], [7.577206944444444, 51.959500000000006], [7.577206944444444, 51.959500000000006], [7.576505, 51.95919194444445], [7.576261944444444, 51.95908694444445], [7.576187777777777, 51.95915777777778], [7.575490833333333, 51.959788888888895], [7.5751888888888885, 51.96008388888889], [7.574646944444444, 51.960676944444444], [7.574506944444444, 51.96078694444445], [7.574388888888889, 51.96085], [7.574061944444444, 51.96100277777778], [7.573745833333333, 51.961150833333335], [7.573745833333333, 51.961150833333335], [7.573697777777777, 51.96117277777778], [7.5736, 51.961260833333334], [7.572863888888889, 51.960835833333334], [7.572752777777778, 51.96075583333334], [7.572362777777777, 51.96056194444445], [7.5719199999999995, 51.96026194444445], [7.571880833333333, 51.960236944444446], [7.571263888888889, 51.959923888888895], [7.570931944444444, 51.95974777777778], [7.570931944444444, 51.95974777777778], [7.570533888888889, 51.959536944444444], [7.570426944444444, 51.95951083333333], [7.5702919444444445, 51.959451944444446], [7.5702227777777775, 51.95942194444445], [7.570164999999999, 51.95943388888889], [7.5700738888888885, 51.95943194444445], [7.569997777777777, 51.95946583333333], [7.569875, 51.959535833333334], [7.569485833333333, 51.95981277777778], [7.569312777777777, 51.959950000000006], [7.569248888888889, 51.96000277777778], [7.569075, 51.96015388888889], [7.568975833333333, 51.96024694444445], [7.5688627777777775, 51.96036277777778], [7.568533888888888, 51.96071083333334], [7.568411944444445, 51.960820000000005], [7.568102777777778, 51.96105583333333], [7.568102777777778, 51.96105583333333], [7.567822777777778, 51.961270000000006], [7.56778, 51.96131583333334], [7.567796944444444, 51.961351944444445], [7.567795833333333, 51.96138777777778], [7.567776944444444, 51.961423888888895], [7.567742777777777, 51.96145388888889], [7.567687777777778, 51.96147888888889], [7.567622777777777, 51.961490833333336], [7.567521944444445, 51.96148277777778], [7.567456944444444, 51.96151583333334], [7.567292777777777, 51.961603888888895], [7.5669627777777775, 51.96183083333334], [7.566833888888889, 51.961955], [7.566751944444444, 51.96205888888889], [7.566663888888889, 51.96221583333334], [7.5666158333333335, 51.962361944444446], [7.566601944444444, 51.96249277777778], [7.566616944444444, 51.96264388888889], [7.566685, 51.96284583333333], [7.5671269444444444, 51.96373694444445], [7.567175833333333, 51.963855833333334], [7.567210833333333, 51.964036944444445], [7.567210833333333, 51.96416388888889], [7.567181944444444, 51.96431694444445], [7.567113888888889, 51.96447888888889], [7.567033888888889, 51.964603888888895], [7.5669619444444445, 51.96469388888889], [7.566840833333333, 51.96480694444445], [7.56618, 51.96530583333334], [7.5659527777777775, 51.96547694444445], [7.565915833333333, 51.96550583333334], [7.5656019444444444, 51.965740833333335], [7.565480833333333, 51.965831944444446], [7.565157777777777, 51.966075000000004], [7.565157777777777, 51.966075000000004], [7.565060833333333, 51.96614777777778], [7.564805833333333, 51.966340833333334], [7.564177777777777, 51.96681], [7.5638419444444445, 51.967065000000005], [7.563670833333333, 51.96719277777778], [7.562922777777778, 51.96775888888889], [7.562922777777778, 51.96775888888889], [7.562860833333334, 51.96780583333334], [7.562723888888889, 51.967906944444444], [7.562506944444444, 51.968070833333336], [7.562336944444445, 51.96822777777778], [7.562260833333333, 51.96832888888889], [7.5621688888888885, 51.96851083333333], [7.562127777777778, 51.96869], [7.562128888888889, 51.968825833333334], [7.5621599999999995, 51.968969722222226], [7.562205, 51.969075833333335], [7.562285, 51.969205], [7.562651944444444, 51.96973083333334], [7.562651944444444, 51.96973083333334], [7.562698888888889, 51.96979777777778], [7.562731944444444, 51.96984888888889], [7.562872777777778, 51.97009388888889], [7.563015833333333, 51.97040583333334], [7.563056944444444, 51.97044777777778], [7.563130833333333, 51.970463888888894], [7.56319, 51.97049583333334], [7.5632238888888885, 51.97053888888889], [7.5632238888888885, 51.970600000000005], [7.563177777777778, 51.97065277777778], [7.563121944444444, 51.97067888888889], [7.563054999999999, 51.97069194444445], [7.562983888888889, 51.970690000000005], [7.562916944444444, 51.97067083333334], [7.562865833333333, 51.97063888888889], [7.562835833333333, 51.97059777777778], [7.562775, 51.97060194444445], [7.562502777777778, 51.970619722222224], [7.562188888888889, 51.97062694444445], [7.561161944444445, 51.97062777777778], [7.561066944444444, 51.97063388888889], [7.560936944444444, 51.97066888888889], [7.5609069444444446, 51.9707], [7.560886944444444, 51.97073972222223], [7.560737777777778, 51.97110694444444], [7.560737777777778, 51.97110694444444], [7.560637777777778, 51.97135388888889], [7.560371944444444, 51.971716944444445], [7.560142777777777, 51.97203388888889], [7.559898888888888, 51.972365833333335], [7.559833888888889, 51.97249277777778], [7.559883888888889, 51.97260888888889], [7.559966944444445, 51.972725833333335], [7.560118888888889, 51.972835833333335], [7.560201944444445, 51.97289694444444], [7.560430833333333, 51.973061944444446], [7.5604458333333335, 51.97307277777778], [7.560473888888889, 51.97309277777778], [7.560473888888889, 51.97309277777778], [7.560550833333333, 51.97314777777778], [7.5606438888888885, 51.973211944444444], [7.561005833333333, 51.97346777777778], [7.561305, 51.97368], [7.561445, 51.97374694444444], [7.561571944444444, 51.973779722222226], [7.561808888888889, 51.97381888888889], [7.561920833333333, 51.97383194444445], [7.562508888888889, 51.973835], [7.5629977777777775, 51.97385194444445], [7.5630677777777775, 51.97385888888889], [7.563775833333334, 51.97412583333333], [7.564212777777778, 51.974291944444445], [7.564320833333333, 51.97434194444445], [7.564386944444444, 51.97430083333334], [7.564908888888889, 51.97397388888889], [7.564911944444444, 51.97397194444444], [7.564911944444444, 51.97397194444444], [7.565226944444444, 51.97374583333333], [7.565393888888889, 51.97362888888889], [7.565555, 51.97350194444444], [7.5656727777777775, 51.97340194444445], [7.566135833333333, 51.97300777777778], [7.56628, 51.97289583333333], [7.566040833333333, 51.97287], [7.566003888888889, 51.97286583333334], [7.565465833333334, 51.97259888888889], [7.565455833333333, 51.97259277777778]]}}, {"type": "Feature", "properties": {"route_id": "13", "name": "13", "color": "#4E9635", "label_lon": 7.608205833333333, "label_lat": 51.961171944444445}, "geometry": {"type": "LineString", "coordinates": [[7.600988888888889, 51.97636888888889], [7.6011219444444444, 51.97647], [7.601242777777777, 51.976551944444445], [7.601352777777778, 51.97662777777778], [7.601108888888889, 51.97677777777778], [7.600838888888888, 51.97693277777778], [7.600711944444444, 51.97700583333334], [7.600711944444444, 51.97700583333334], [7.600707777777777, 51.97700777777778], [7.600705833333333, 51.97701], [7.600613888888889, 51.97706388888889], [7.600496944444444, 51.97712888888889], [7.600402777777777, 51.977181944444446], [7.600239999999999, 51.97727388888889], [7.599873888888888, 51.97748083333334], [7.599575, 51.977650000000004], [7.599539999999999, 51.97767], [7.5994077777777775, 51.97775], [7.598725833333333, 51.978145000000005], [7.598065833333333, 51.978525833333336], [7.597910833333333, 51.97862083333334], [7.597786944444445, 51.97853888888889], [7.597701944444444, 51.978475], [7.597303888888889, 51.97819777777778], [7.597197777777778, 51.97812388888889], [7.596747777777778, 51.97781472222223], [7.596511944444444, 51.977651944444446], [7.596285833333333, 51.97754888888889], [7.59559, 51.977089722222225], [7.59559, 51.977089722222225], [7.595314999999999, 51.97690777777778], [7.595251944444444, 51.97687194444445], [7.595181944444444, 51.97688194444444], [7.595145, 51.97688083333333], [7.59511, 51.976875], [7.595048888888889, 51.97685083333334], [7.595025833333333, 51.97683388888889], [7.5949977777777775, 51.97679194444444], [7.595003888888889, 51.97673888888889], [7.594960833333333, 51.97668777777778], [7.594662777777778, 51.97647277777778], [7.594595833333333, 51.976395000000004], [7.593798888888888, 51.97587777777778], [7.593626944444444, 51.97579388888889], [7.5935299999999994, 51.975735], [7.5927299999999995, 51.975225], [7.5927299999999995, 51.975225], [7.592513888888889, 51.97508694444445], [7.5923388888888885, 51.974936944444444], [7.592136944444444, 51.97480888888889], [7.591747777777777, 51.97454194444445], [7.591605833333333, 51.97448583333333], [7.5905338888888885, 51.973778888888894], [7.590423888888888, 51.97374277777778], [7.5903608333333334, 51.97375], [7.590297777777778, 51.973745], [7.590238888888889, 51.97373], [7.590190833333333, 51.97370388888889], [7.590153888888889, 51.973669722222226], [7.590136944444444, 51.97363], [7.590138888888888, 51.97358888888889], [7.590161944444445, 51.97355], [7.590201944444444, 51.97351694444445], [7.590253888888888, 51.97349388888889], [7.590313888888889, 51.97348083333333], [7.5903777777777774, 51.97348], [7.59044, 51.973490000000005], [7.590495, 51.973509722222225], [7.590537777777778, 51.97353888888889], [7.5906199999999995, 51.97350194444444], [7.591006944444445, 51.97333777777778], [7.591006944444445, 51.97333777777778], [7.5915799999999996, 51.97307888888889], [7.592259722222222, 51.972769722222225], [7.592960833333333, 51.97243], [7.593635, 51.97210694444445], [7.593907777777778, 51.97199583333334], [7.594233888888889, 51.97188583333334], [7.594627777777777, 51.971764722222225], [7.594978888888889, 51.971675833333336], [7.594978888888889, 51.971675833333336], [7.595222777777778, 51.971630833333336], [7.595332777777777, 51.97161083333334], [7.595473888888889, 51.97159194444445], [7.595830833333333, 51.97154277777778], [7.59654, 51.971446944444445], [7.596903888888889, 51.97139777777778], [7.597102777777778, 51.97137194444445], [7.597045833333333, 51.97125972222222], [7.596890833333333, 51.970955833333335], [7.596856944444444, 51.97087277777778], [7.596856944444444, 51.97087277777778], [7.5967649999999995, 51.970643888888894], [7.596652777777778, 51.97031194444445], [7.596641944444444, 51.97027694444444], [7.596620833333333, 51.97020694444445], [7.596582777777778, 51.970055], [7.596568888888888, 51.96998388888889], [7.596535833333333, 51.969845], [7.596515, 51.96976083333333], [7.596458888888889, 51.96949388888889], [7.596437777777777, 51.969365833333335], [7.596437777777777, 51.969365833333335], [7.596419999999999, 51.96925277777778], [7.596369999999999, 51.968801944444444], [7.596355, 51.96852777777778], [7.596351944444444, 51.96819], [7.596364722222222, 51.96790388888889], [7.596378888888888, 51.96760888888889], [7.596427777777778, 51.96732083333333], [7.596460833333333, 51.96723083333333], [7.596533888888889, 51.96710777777778], [7.596627777777777, 51.96698888888889], [7.596730833333333, 51.96689777777778], [7.596906944444444, 51.96677777777778], [7.596988888888888, 51.966735], [7.597323888888889, 51.966586944444444], [7.597592777777778, 51.966460833333336], [7.597592777777778, 51.966460833333336], [7.5976719444444445, 51.96642388888889], [7.597717777777778, 51.966391944444446], [7.597850833333333, 51.966300000000004], [7.597961944444444, 51.966190000000005], [7.598045833333333, 51.96606388888889], [7.598081944444444, 51.96597583333334], [7.598146944444444, 51.96575083333334], [7.598222777777777, 51.965495000000004], [7.598325833333333, 51.96532277777778], [7.598335, 51.96530777777778], [7.598555833333333, 51.96504083333333], [7.598597777777777, 51.964958888888894], [7.598640833333333, 51.964846944444446], [7.598834999999999, 51.96484], [7.598996944444444, 51.96483694444445], [7.599402777777778, 51.96482694444445], [7.599917777777778, 51.96483277777778], [7.600236944444444, 51.96485277777778], [7.600236944444444, 51.96485277777778], [7.60025, 51.96485388888889], [7.600305, 51.96485888888889], [7.600588888888889, 51.96489583333334], [7.60086, 51.964940000000006], [7.601341944444444, 51.96502777777778], [7.601525833333333, 51.96506388888889], [7.601522777777777, 51.964955], [7.60152, 51.96479194444445], [7.601534999999999, 51.96456083333334], [7.6015838888888885, 51.96425194444445], [7.6016449999999995, 51.963995833333335], [7.601712777777777, 51.96377888888889], [7.6021238888888885, 51.96272777777778], [7.602284999999999, 51.96224277777778], [7.602376944444444, 51.96184277777778], [7.6024038888888885, 51.961578888888894], [7.602398888888889, 51.961332777777784], [7.602398888888889, 51.961332777777784], [7.602398888888889, 51.96132888888889], [7.602395, 51.96117], [7.602395, 51.96114083333334], [7.602388888888888, 51.96099], [7.602385, 51.96087277777778], [7.6023877777777775, 51.96062277777778], [7.602392777777777, 51.96022083333334], [7.6024288888888885, 51.95969388888889], [7.602436944444444, 51.95960388888889], [7.6024449999999995, 51.95950777777778], [7.602653888888889, 51.959588888888895], [7.602777777777778, 51.959635000000006], [7.603367777777778, 51.959850833333334], [7.603908888888888, 51.960056944444446], [7.604047777777778, 51.96012888888889], [7.604131944444444, 51.960188888888894], [7.604131944444444, 51.960188888888894], [7.604151944444444, 51.96020277777778], [7.604665, 51.96040694444445], [7.605309999999999, 51.960665000000006], [7.6053669444444445, 51.96068694444445], [7.605780833333333, 51.96084888888889], [7.606055833333333, 51.96095777777778], [7.606547777777777, 51.961145], [7.606735, 51.96119], [7.6069627777777775, 51.961218888888894], [7.607211944444444, 51.96122888888889], [7.607740833333333, 51.961198888888894], [7.608205833333333, 51.961171944444445], [7.608205833333333, 51.961171944444445], [7.608391944444444, 51.96116277777778], [7.608392222222222, 51.96116722222222], [7.608391944444444, 51.96116277777778], [7.608592777777777, 51.96116388888889], [7.608847777777777, 51.96121194444445], [7.609030833333333, 51.96127583333334], [7.609031944444444, 51.96127444444445], [7.609030833333333, 51.96127583333334], [7.6095758333333325, 51.961465833333335], [7.6099588888888885, 51.96165777777778], [7.610245833333333, 51.96179194444445], [7.610327777777777, 51.96181583333333], [7.610558888888889, 51.961865], [7.610910833333333, 51.961915000000005], [7.611173888888889, 51.96193277777778], [7.611423888888888, 51.96192583333334], [7.611822777777777, 51.961885], [7.6118225, 51.96188388888889], [7.611822777777777, 51.961885], [7.612330833333333, 51.96183583333334], [7.612710833333333, 51.961823888888894], [7.613015833333333, 51.96183083333334], [7.613015833333333, 51.96183611111111], [7.613015833333333, 51.96183083333334], [7.613848888888889, 51.96193277777778], [7.614210833333333, 51.96196388888889], [7.614285833333333, 51.96196583333334], [7.614371944444444, 51.96196888888889], [7.6144927777777776, 51.96196888888889], [7.614750833333333, 51.96196888888889], [7.615005, 51.96196583333334], [7.615256944444444, 51.961960833333336], [7.615256944444444, 51.961960833333336], [7.615555, 51.961955833333334], [7.615676944444444, 51.96195277777778], [7.615840833333333, 51.96194888888889], [7.6160588888888885, 51.961945], [7.616567777777777, 51.96193], [7.616687777777778, 51.96192694444445], [7.617332777777778, 51.96190583333333], [7.617586944444445, 51.96189888888889], [7.617810833333333, 51.96188388888889], [7.618005833333334, 51.96186277777778], [7.618115833333333, 51.96185083333334], [7.618336944444445, 51.96182694444445], [7.618645833333334, 51.961781944444446], [7.618645833333334, 51.961781944444446], [7.618795833333333, 51.961760000000005], [7.619115000000001, 51.9617], [7.619298888888889, 51.96165694444445], [7.6194338888888895, 51.96161583333333], [7.619577777777779, 51.96157194444445], [7.619732777777778, 51.961510000000004], [7.619872777777778, 51.961445000000005], [7.620025833333334, 51.96133777777778], [7.62008388888889, 51.961275], [7.6201388888888895, 51.96118583333334], [7.620245833333334, 51.96096777777778], [7.62029888888889, 51.960906944444446], [7.620360000000001, 51.960860833333335], [7.6205308333333335, 51.960793888888894], [7.620602777777778, 51.96077888888889], [7.620720833333333, 51.96076583333333], [7.620840833333334, 51.96076194444445], [7.621110000000001, 51.96077583333334], [7.621688888888889, 51.960860833333335], [7.621802777777778, 51.960885000000005], [7.6218827777777785, 51.960905000000004], [7.622097777777778, 51.960950000000004], [7.622140000000001, 51.96095777777778], [7.6222819444444445, 51.96098083333334], [7.622442777777779, 51.96099388888889], [7.622627777777779, 51.960996944444446], [7.622771944444445, 51.960996944444446], [7.622918888888889, 51.960980000000006], [7.622918888888889, 51.960980000000006], [7.623277777777778, 51.96091388888889], [7.623461944444445, 51.960860833333335], [7.623573888888889, 51.96082194444445], [7.623663888888889, 51.96079277777778], [7.62403, 51.96067], [7.6240950000000005, 51.96064194444445], [7.62412388888889, 51.960611944444445], [7.624115833333334, 51.96056], [7.62412388888889, 51.960611944444445], [7.624341944444445, 51.96061277777778], [7.624687777777778, 51.96062083333334], [7.625048888888889, 51.96063388888889], [7.625521944444445, 51.96065083333334], [7.625970000000001, 51.96064888888889], [7.626122777777779, 51.96064888888889], [7.626153888888889, 51.960411944444445], [7.626153888888889, 51.960411944444445], [7.626157777777778, 51.960386944444444], [7.62617, 51.960231944444445], [7.6261769444444445, 51.95995888888889], [7.626175000000001, 51.95989083333333], [7.626153888888889, 51.95975777777778], [7.626095, 51.959535833333334], [7.626085833333334, 51.95950277777778], [7.6260200000000005, 51.959285], [7.625955833333334, 51.9591], [7.625936944444445, 51.95903694444445], [7.625915000000001, 51.95894777777778], [7.625921944444445, 51.95890083333334], [7.625936944444445, 51.95884], [7.626110833333334, 51.958398888888894], [7.6261977777777785, 51.95823194444445], [7.626390833333334, 51.95785388888889], [7.626390833333334, 51.95785388888889], [7.626505833333334, 51.95763], [7.626530833333334, 51.95754083333333], [7.626545833333334, 51.95742194444445], [7.626601944444445, 51.957257777777784], [7.626665833333334, 51.95720583333333], [7.626620833333334, 51.95699194444445], [7.6266138888888895, 51.956941944444445], [7.626562777777778, 51.95653888888889], [7.6265519444444445, 51.956475833333336], [7.626542777777778, 51.95641694444445], [7.626497777777778, 51.956175], [7.626317777777778, 51.956163888888895], [7.626205000000001, 51.956136944444445], [7.626102777777779, 51.95609777777778], [7.626016944444445, 51.956045], [7.6259258333333335, 51.95594888888889], [7.625887777777778, 51.95584083333333], [7.625905833333333, 51.95573], [7.625967777777778, 51.95563777777778], [7.62606888888889, 51.95556083333334], [7.6261527777777784, 51.95552083333334], [7.626248888888889, 51.955489722222225], [7.626405, 51.955466944444446], [7.626471944444445, 51.955465000000004], [7.626602777777778, 51.95547583333334], [7.626666944444445, 51.95548777777778], [7.626785000000001, 51.95552583333333], [7.626885000000001, 51.955578888888894], [7.626927777777778, 51.95561], [7.626992777777779, 51.95568083333334], [7.627015833333334, 51.95572], [7.627037777777779, 51.9558], [7.627253888888889, 51.95579888888889], [7.627335833333333, 51.955795], [7.627508888888889, 51.95579194444445], [7.627703888888889, 51.955803888888894], [7.628005000000001, 51.955830000000006], [7.62824888888889, 51.955865833333334], [7.62824888888889, 51.955865833333334], [7.6285219444444445, 51.95592083333334], [7.628811944444445, 51.956001944444445], [7.629652777777778, 51.956293888888894], [7.629813888888889, 51.95635083333334], [7.62993888888889, 51.95639388888889], [7.630090833333334, 51.95644777777778], [7.630321944444445, 51.956495000000004], [7.630417777777779, 51.95650583333334], [7.630581944444445, 51.95647777777778], [7.631096944444445, 51.95630694444445], [7.6311350000000004, 51.956293888888894], [7.631223888888889, 51.95626277777778], [7.631280833333334, 51.95624277777778], [7.63134888888889, 51.95621888888889], [7.631390833333334, 51.95620388888889], [7.631873888888889, 51.95603194444445], [7.631993888888889, 51.95598777777778], [7.632135000000001, 51.95594694444445], [7.632135555555556, 51.95594805555556], [7.632135000000001, 51.95594694444445], [7.632628888888889, 51.955800833333335], [7.632750833333334, 51.95577194444445], [7.632892777777778, 51.95576694444445], [7.632980000000001, 51.955828888888895], [7.6334358333333325, 51.95615388888889], [7.633509999999999, 51.956205833333335], [7.633713888888888, 51.956290833333334], [7.633946944444444, 51.956475833333336], [7.634161944444444, 51.95665777777778], [7.6342638888888885, 51.956787777777784], [7.634298888888888, 51.95683694444445], [7.634353888888889, 51.95692694444445], [7.634474999999999, 51.95716388888889], [7.634546944444444, 51.95735583333334]]}}, {"type": "Feature", "properties": {"route_id": "14", "name": "14", "color": "#83D0F5", "label_lon": 7.629152777777779, "label_lat": 51.95908388888889}, "geometry": {"type": "LineString", "coordinates": [[7.670963888888889, 51.96286888888889], [7.6709869444444445, 51.962870833333334], [7.6711800000000006, 51.96289], [7.671216944444445, 51.96290388888889], [7.671255, 51.96294777777778], [7.671238888888889, 51.963005833333334], [7.671175, 51.96304694444445], [7.671125833333334, 51.96305777777778], [7.6710569444444445, 51.963056944444446], [7.670980833333334, 51.963035000000005], [7.670510833333334, 51.962826944444444], [7.6703608333333335, 51.962670833333334], [7.669953888888889, 51.96223777777778], [7.669365833333334, 51.96165277777778], [7.669463888888889, 51.961596944444445], [7.669475, 51.96118388888889], [7.669475, 51.96118388888889], [7.669482777777778, 51.96088277777778], [7.669481944444445, 51.96079], [7.669487777777778, 51.96047083333334], [7.669487777777778, 51.96016277777778], [7.669487777777778, 51.959745833333336], [7.669485, 51.95966777777778], [7.6694869444444445, 51.95952277777778], [7.669490000000001, 51.958937777777784], [7.669476944444445, 51.95883888888889], [7.669451944444445, 51.958760833333336], [7.669420000000001, 51.958665833333335], [7.669365, 51.95856694444445], [7.6692969444444445, 51.95847277777778], [7.669007777777778, 51.958191944444444], [7.668772777777778, 51.957950833333335], [7.6685300000000005, 51.957705000000004], [7.668275833333333, 51.957465000000006], [7.668030833333334, 51.95722], [7.667795833333334, 51.956988888888894], [7.667795833333334, 51.956988888888894], [7.667788888888889, 51.95698083333333], [7.667730833333334, 51.95692583333334], [7.66756, 51.95675388888889], [7.667418888888889, 51.95667388888889], [7.667305000000001, 51.95663694444445], [7.667255833333334, 51.95662194444445], [7.666407777777778, 51.956470833333334], [7.666495833333333, 51.95619583333334], [7.666477777777778, 51.95597777777778], [7.666365833333334, 51.95586388888889], [7.66622, 51.955885], [7.665831944444445, 51.956003888888894], [7.66532, 51.95616277777778], [7.664857777777778, 51.956311944444444], [7.664353888888889, 51.956475000000005], [7.6636177777777785, 51.95670388888889], [7.663566944444445, 51.956720833333335], [7.663566944444445, 51.956720833333335], [7.66302, 51.956900833333336], [7.662915, 51.956945000000005], [7.661425, 51.95764194444445], [7.661255000000001, 51.957730000000005], [7.660465, 51.95809583333334], [7.660327777777778, 51.95816277777778], [7.660010000000001, 51.95829694444445], [7.659812777777778, 51.958365], [7.659507777777778, 51.958445000000005], [7.659196944444445, 51.95850388888889], [7.658976944444444, 51.95852777777778], [7.658745000000001, 51.95854277777778], [7.658491944444445, 51.95855777777778], [7.657853888888889, 51.958600833333335], [7.657755833333334, 51.95860694444445], [7.657635833333334, 51.95861388888889], [7.657635833333334, 51.95861388888889], [7.657095, 51.958646944444446], [7.656046944444445, 51.95869277777778], [7.655912777777778, 51.95869888888889], [7.655112777777778, 51.95872888888889], [7.65499888888889, 51.95873277777778], [7.6548750000000005, 51.958735833333336], [7.654828888888889, 51.95873777777778], [7.654012777777778, 51.95876277777778], [7.6536, 51.95877083333334], [7.6536, 51.95877083333334], [7.653216944444445, 51.958778888888894], [7.6530450000000005, 51.95878277777778], [7.652806944444444, 51.95879194444445], [7.652535, 51.958802777777784], [7.65225, 51.958815], [7.652075, 51.958820833333334], [7.651943888888889, 51.958825833333336], [7.651897777777778, 51.958826944444446], [7.651801944444445, 51.95883083333334], [7.651337777777778, 51.958848888888895], [7.6508327777777785, 51.958868888888894], [7.650707777777778, 51.95887277777778], [7.650435833333334, 51.95888277777778], [7.650302777777778, 51.95888888888889], [7.6492788888888885, 51.95892888888889], [7.649240833333333, 51.95893], [7.649240833333333, 51.95893], [7.6490438888888885, 51.958937777777784], [7.649030833333333, 51.958937777777784], [7.648897777777777, 51.95894388888889], [7.648484999999999, 51.958958888888894], [7.648026944444444, 51.958976944444444], [7.647510833333333, 51.95899694444445], [7.647391944444444, 51.95901388888889], [7.647385, 51.95892583333334], [7.647360833333333, 51.95863], [7.647315833333333, 51.95825583333334], [7.647315833333333, 51.958255], [7.647279999999999, 51.95801777777778], [7.647108888888888, 51.95768777777778], [7.646760833333333, 51.95702583333333], [7.646728888888888, 51.956967777777784], [7.646537777777778, 51.956586944444446], [7.646433888888889, 51.95639194444445], [7.646433888888889, 51.95639194444445], [7.646435833333332, 51.956395], [7.646367777777777, 51.95626583333333], [7.646336944444444, 51.95622388888889], [7.646210833333333, 51.956055000000006], [7.645810833333333, 51.955565], [7.645752777777777, 51.95549694444445], [7.645759999999999, 51.95549583333334], [7.645752777777777, 51.95549694444445], [7.645810833333333, 51.955565], [7.6459399999999995, 51.95572388888889], [7.645810833333333, 51.955565], [7.645752777777777, 51.95549694444445], [7.64565, 51.95552194444445], [7.645415, 51.955575], [7.645115, 51.95565777777778], [7.644935833333333, 51.955710833333335], [7.644756944444444, 51.95576888888889], [7.6442669444444435, 51.95594888888889], [7.6442669444444435, 51.95594888888889], [7.644168888888888, 51.955985000000005], [7.643645833333333, 51.95617694444445], [7.643582777777778, 51.956201944444445], [7.643457777777777, 51.956248888888894], [7.642805833333333, 51.95649277777778], [7.642754999999999, 51.95651194444445], [7.642582777777777, 51.956575], [7.642075833333333, 51.956765833333336], [7.641945833333333, 51.956815000000006], [7.641525833333333, 51.95698277777778], [7.641484999999999, 51.957], [7.641473888888888, 51.95700388888889], [7.640946944444444, 51.957233888888894], [7.640689999999999, 51.95735194444445], [7.640563888888888, 51.95740888888889], [7.640402777777777, 51.95748583333334], [7.640416944444444, 51.95749694444445], [7.640414444444444, 51.95749777777778], [7.640416944444444, 51.95749694444445], [7.640402777777777, 51.95748583333334], [7.64007, 51.95764777777778], [7.640070833333333, 51.95764777777778], [7.64007, 51.95764777777778], [7.640070833333333, 51.95764777777778], [7.639803888888888, 51.95777888888889], [7.639405833333333, 51.957980000000006], [7.639393888888889, 51.95798583333334], [7.639349999999999, 51.95800694444445], [7.639094999999999, 51.958133888888895], [7.638996944444444, 51.958180000000006], [7.638452777777777, 51.958416944444444], [7.6384099999999995, 51.95843388888889], [7.638326944444444, 51.958467777777784], [7.6382127777777775, 51.958515000000006], [7.638059999999999, 51.95857777777778], [7.6379938888888885, 51.958605000000006], [7.637823888888889, 51.95867194444445], [7.637628888888888, 51.95874888888889], [7.637575833333333, 51.95876888888889], [7.637178888888888, 51.958931944444444], [7.637096944444444, 51.958965000000006], [7.637096944444444, 51.958965000000006], [7.63707, 51.958975], [7.636897777777778, 51.95904194444445], [7.636628888888889, 51.959140000000005], [7.636321944444444, 51.959250833333336], [7.6362588888888885, 51.959273888888895], [7.636159999999999, 51.95931], [7.636176388888888, 51.95932666666667], [7.636159999999999, 51.95931], [7.636125833333333, 51.95932194444445], [7.635705, 51.95948083333334], [7.635567777777777, 51.959536944444444], [7.635228888888888, 51.95966277777778], [7.635156944444444, 51.95968888888889], [7.635034999999999, 51.95973888888889], [7.634866944444444, 51.959525], [7.634810833333333, 51.95929], [7.634804999999999, 51.95926277777778], [7.634782777777778, 51.95916888888889], [7.634782777777778, 51.95916888888889], [7.634771944444444, 51.95912277777778], [7.634759999999999, 51.959073888888895], [7.6345688888888885, 51.95843388888889], [7.634542777777777, 51.958350833333334], [7.634524999999999, 51.95829888888889], [7.634475833333333, 51.958126944444444], [7.634408888888888, 51.95789194444445], [7.634271944444444, 51.95742694444445], [7.634215833333333, 51.957245], [7.6341319444444435, 51.95706388888889], [7.633995, 51.95684888888889], [7.633892777777778, 51.956720000000004], [7.633783888888888, 51.95662888888889], [7.633779444444444, 51.956630555555556], [7.633783888888888, 51.95662888888889], [7.6336627777777775, 51.95652777777778], [7.6335927777777774, 51.956470833333334], [7.6335927777777774, 51.956470833333334], [7.6334188888888885, 51.95633083333334], [7.633295, 51.956230000000005], [7.633187777777779, 51.956145], [7.632820000000001, 51.95584388888889], [7.632750833333334, 51.95577194444445], [7.6326438888888894, 51.955795], [7.631993888888889, 51.95598777777778], [7.631873888888889, 51.95603194444445], [7.631390833333334, 51.95620388888889], [7.63134888888889, 51.95621888888889], [7.631280833333334, 51.95624277777778], [7.631223888888889, 51.95626277777778], [7.6311350000000004, 51.956293888888894], [7.630915833333334, 51.95636694444445], [7.630716944444445, 51.95643277777778], [7.630581944444445, 51.95647777777778], [7.630567777777778, 51.95653388888889], [7.6305708333333335, 51.95659888888889], [7.630588888888889, 51.956655833333336], [7.630696944444445, 51.95677583333334], [7.630836944444445, 51.95686888888889], [7.630960833333334, 51.95695777777778], [7.63097388888889, 51.95695138888889], [7.630960833333334, 51.95695777777778], [7.631235, 51.95717583333334], [7.631235, 51.95717583333334], [7.6312338888888895, 51.957175], [7.63123, 51.95717694444445], [7.6312338888888895, 51.957175], [7.631296944444445, 51.95722777777778], [7.631453888888889, 51.95738777777778], [7.6314697222222225, 51.95738222222222], [7.631453888888889, 51.95738777777778], [7.631480833333334, 51.957415833333336], [7.631141944444445, 51.957570833333335], [7.630723888888889, 51.957785], [7.630637777777778, 51.95783], [7.630563888888889, 51.95786777777778], [7.630486944444445, 51.957907777777784], [7.63037, 51.95796777777778], [7.630215833333334, 51.95804694444445], [7.629917777777778, 51.958200833333336], [7.629745833333334, 51.958365], [7.629603888888889, 51.95854583333334], [7.6292019444444445, 51.959028888888895], [7.629152777777779, 51.95908388888889], [7.629132777777778, 51.959136944444445], [7.6291408333333335, 51.959165000000006], [7.62916388888889, 51.95919777777778], [7.629211944444445, 51.95923194444445], [7.6294619444444445, 51.959341944444446], [7.6294619444444445, 51.959341944444446], [7.629497777777778, 51.95935888888889], [7.629542777777778, 51.95937694444445], [7.629771944444445, 51.959473888888894], [7.629928888888889, 51.95955], [7.630312777777778, 51.95973583333333], [7.630447777777778, 51.959805833333334], [7.63051, 51.959855833333336], [7.630582777777779, 51.959990000000005], [7.63059888888889, 51.960060000000006], [7.630591944444445, 51.960122777777784], [7.630568888888889, 51.960175], [7.630490833333334, 51.960275833333334], [7.630346944444445, 51.96039694444445], [7.630112777777779, 51.960548888888894], [7.630006944444445, 51.96060694444445], [7.629973888888889, 51.960625], [7.629863888888889, 51.960685000000005], [7.6297788888888896, 51.960730000000005], [7.6295527777777785, 51.96083083333333], [7.6293177777777785, 51.96087694444445], [7.62875, 51.96092083333333], [7.62875, 51.96092083333333], [7.628562777777779, 51.960935000000006], [7.628456944444445, 51.96094277777778], [7.627768888888889, 51.960995000000004], [7.627555833333334, 51.961174722222225], [7.627492777777778, 51.96122694444445], [7.627581944444445, 51.961287777777784], [7.6275988888888895, 51.961310833333336], [7.62777888888889, 51.961600000000004], [7.627866944444445, 51.961740000000006], [7.627730833333334, 51.96177277777778], [7.627210000000001, 51.96188888888889], [7.626853888888889, 51.961960000000005], [7.62661, 51.96199694444445], [7.626145833333334, 51.96205194444445], [7.626145833333334, 51.96205194444445], [7.62613888888889, 51.96205277777778], [7.626122777777779, 51.962055], [7.6257150000000005, 51.962092777777784], [7.625188888888889, 51.96213], [7.625075833333334, 51.962135], [7.624790000000001, 51.96214694444445], [7.624417777777778, 51.96215194444445], [7.624223888888889, 51.96215194444445], [7.624080833333334, 51.96214194444445], [7.624002777777778, 51.96198777777778], [7.62399, 51.96196277777778], [7.623851944444445, 51.961640833333334], [7.623780833333334, 51.96147888888889], [7.623716944444445, 51.961330833333335], [7.623626944444445, 51.96112083333334], [7.623575833333334, 51.96103194444445], [7.623461944444445, 51.960860833333335], [7.623573888888889, 51.96082194444445], [7.623663888888889, 51.96079277777778], [7.623951944444445, 51.96069583333334], [7.623951944444445, 51.96069583333334], [7.62403, 51.96067], [7.6240950000000005, 51.96064194444445], [7.62412388888889, 51.960611944444445], [7.624115833333334, 51.96056], [7.624077777777778, 51.96047388888889], [7.623871944444445, 51.96031194444445], [7.623548888888889, 51.96009], [7.623466944444445, 51.960030833333334], [7.623358888888889, 51.959955], [7.623252777777778, 51.959875000000004], [7.62291, 51.95962083333334], [7.62271388888889, 51.959475000000005], [7.622511944444445, 51.95932583333334], [7.622076944444445, 51.959005833333336], [7.6220550000000005, 51.95899], [7.62185, 51.958830000000006], [7.621835833333334, 51.95881777777778], [7.621813055555556, 51.95882805555556], [7.621835833333334, 51.95881777777778], [7.621743888888889, 51.95873777777778], [7.621642777777779, 51.95865083333334], [7.621520833333334, 51.95851777777778], [7.621520833333334, 51.95851777777778], [7.621495833333334, 51.958490000000005], [7.621320833333334, 51.95829194444445], [7.621095, 51.958085833333335], [7.620993888888889, 51.95799388888889], [7.620951944444445, 51.957955000000005], [7.620811944444445, 51.95783777777778], [7.620572777777778, 51.957637777777784], [7.620538888888889, 51.95760888888889], [7.620491944444445, 51.95756777777778], [7.620410833333334, 51.9575], [7.62028, 51.957420000000006], [7.620202777777778, 51.95738777777778], [7.620102777777778, 51.95736194444445], [7.619996944444445, 51.95735388888889], [7.6198508333333335, 51.95734277777778], [7.619748888888889, 51.957341944444444], [7.619671944444445, 51.957341944444444], [7.619595833333334, 51.95734388888889], [7.619482777777778, 51.957347777777784], [7.619307777777778, 51.957355], [7.618895, 51.957392777777784], [7.618895, 51.957392777777784], [7.618810833333334, 51.95740083333334], [7.618427777777779, 51.957435000000004], [7.6178300000000005, 51.95747083333334], [7.617208888888889, 51.957525833333335], [7.616401944444444, 51.957615833333335], [7.616238888888889, 51.957636944444445], [7.616238888888889, 51.957636944444445], [7.6162077777777775, 51.957640833333336], [7.615616944444444, 51.95771777777778], [7.6155349999999995, 51.95772277777778], [7.6154408333333325, 51.95773583333334], [7.615166944444444, 51.957773888888894], [7.614706944444444, 51.957836944444445], [7.614621944444444, 51.957855], [7.614450833333333, 51.95788972222223], [7.6142119444444445, 51.957971944444445], [7.614136944444444, 51.95800583333334], [7.6139769444444445, 51.958105833333335], [7.613815, 51.95824777777778], [7.612914999999999, 51.95912888888889], [7.612408888888888, 51.959625], [7.612408888888888, 51.959625], [7.612298888888889, 51.95972583333334], [7.612299722222222, 51.95972611111112], [7.612298888888889, 51.95972583333334], [7.612207777777777, 51.95980777777778], [7.612139999999999, 51.959853888888894], [7.611843888888888, 51.96003694444445], [7.61147, 51.960265], [7.611115, 51.96047388888889], [7.611111666666666, 51.96047194444445], [7.611115, 51.96047388888889], [7.610564999999999, 51.96079888888889], [7.610061944444444, 51.961105833333335], [7.609985833333333, 51.961151944444445], [7.6098188888888885, 51.96125777777778], [7.609676944444444, 51.96136888888889], [7.6095758333333325, 51.961465833333335], [7.609032777777777, 51.96127694444445], [7.609013888888889, 51.96129666666667], [7.609032777777777, 51.96127694444445], [7.608847777777777, 51.96121194444445], [7.608592777777777, 51.96116388888889], [7.608350833333333, 51.96116277777778], [7.60785, 51.96119277777778], [7.60785, 51.96119277777778], [7.607740833333333, 51.961198888888894], [7.607211944444444, 51.96122888888889], [7.6069627777777775, 51.961218888888894], [7.606735, 51.96119], [7.606547777777777, 51.961145], [7.606055833333333, 51.96095777777778], [7.605780833333333, 51.96084888888889], [7.6053669444444445, 51.96068694444445], [7.605309999999999, 51.960665000000006], [7.604775833333333, 51.96045083333333], [7.604776666666666, 51.96045027777778], [7.604775833333333, 51.96045083333333], [7.604665, 51.96040694444445], [7.604151944444444, 51.96020277777778], [7.603965833333333, 51.96015888888889], [7.603782777777777, 51.96009888888889], [7.603782777777777, 51.96009888888889], [7.603727777777777, 51.960080833333336], [7.6036777777777775, 51.960065], [7.603241944444444, 51.959898888888894], [7.603235833333333, 51.959896944444445], [7.602765833333333, 51.95973], [7.602646944444444, 51.95968694444445], [7.602436944444444, 51.95960388888889], [7.602293888888888, 51.959543888888895], [7.601908888888889, 51.95939583333334], [7.601843888888888, 51.95937083333334], [7.601694999999999, 51.959311944444444], [7.601538888888888, 51.95925888888889], [7.6013319444444445, 51.959206944444446], [7.601205833333333, 51.95918777777778], [7.600714999999999, 51.95912694444445], [7.600272777777778, 51.95908388888889], [7.600032777777778, 51.959090833333335], [7.5998, 51.959085], [7.5998, 51.959085], [7.598870833333333, 51.95900694444445], [7.598623888888889, 51.95896888888889], [7.598472777777777, 51.958940000000005], [7.59816, 51.958865], [7.597930833333333, 51.958800000000004], [7.597500833333333, 51.95863083333334], [7.597277777777777, 51.95852777777778], [7.596928888888889, 51.95833888888889], [7.596390833333333, 51.95802583333334], [7.596003888888888, 51.957796944444446], [7.596003888888888, 51.957796944444446], [7.595395833333333, 51.957437777777784], [7.595072777777777, 51.95726388888889], [7.594561944444444, 51.957009722222224], [7.594040833333333, 51.956755], [7.593501944444444, 51.95650583333334], [7.593501944444444, 51.95650583333334], [7.5928869444444445, 51.95622], [7.592753888888889, 51.95616277777778], [7.592305, 51.95597777777778], [7.591541944444444, 51.95569694444445], [7.591376944444444, 51.955645833333335], [7.591136944444444, 51.95559277777778], [7.591041944444444, 51.955578888888894], [7.591060833333333, 51.955513888888895], [7.591137777777777, 51.95534388888889], [7.5912669444444445, 51.95515694444445], [7.591478888888888, 51.95493777777778], [7.591632777777778, 51.95480888888889], [7.592735833333333, 51.95399194444445], [7.592836944444445, 51.95393], [7.593021944444444, 51.9538], [7.593021944444444, 51.9538], [7.593411944444444, 51.95352888888889], [7.594015, 51.95306583333333], [7.5950058333333335, 51.952334722222226], [7.595087777777778, 51.95227583333334], [7.594748888888889, 51.952081944444444], [7.594748888888889, 51.952081944444444], [7.594352777777777, 51.951855], [7.593965833333333, 51.95163777777778], [7.593431944444444, 51.95133388888889], [7.592450833333333, 51.95080888888889], [7.592192777777777, 51.95069777777778], [7.5918858333333334, 51.95060277777778], [7.5911, 51.950410000000005], [7.590529999999999, 51.95026777777778], [7.590161944444445, 51.95017888888889], [7.586973888888888, 51.94938694444444], [7.586868888888889, 51.94936083333333], [7.586914999999999, 51.94929388888889], [7.586945833333333, 51.94925], [7.587007777777777, 51.949147777777775], [7.587076944444444, 51.949036944444444], [7.587141944444444, 51.94899888888889], [7.587236944444444, 51.94897388888889], [7.5873, 51.948967777777774], [7.587360833333333, 51.94898499999999], [7.587683888888889, 51.94906194444444], [7.587917777777777, 51.94911583333333], [7.588151944444444, 51.94918388888888], [7.588227777777777, 51.94920194444444], [7.588489999999999, 51.949265], [7.588795833333333, 51.94933777777777], [7.589101944444444, 51.949413888888884], [7.58935, 51.94946694444444], [7.589541944444444, 51.949507777777775], [7.589760833333333, 51.94955583333333], [7.589963888888889, 51.94960583333333]]}}, {"type": "Feature", "properties": {"route_id": "15", "name": "15", "color": "#00753C", "label_lon": 7.627508888888889, "label_lat": 51.95579194444445}, "geometry": {"type": "LineString", "coordinates": [[7.5273827777777775, 51.91465777777778], [7.527422777777778, 51.914680833333335], [7.527441944444444, 51.91470777777778], [7.5274358333333335, 51.91478583333333], [7.527402777777778, 51.91481472222222], [7.527350833333333, 51.91482694444444], [7.527261944444445, 51.91482277777778], [7.527150833333334, 51.91480388888889], [7.527148611111111, 51.9148075], [7.527150833333334, 51.91480388888889], [7.526776944444444, 51.91474], [7.526665833333333, 51.91470972222222], [7.526563888888889, 51.914653888888886], [7.526447777777777, 51.91471694444444], [7.5262649999999995, 51.91480583333333], [7.526035833333333, 51.914946944444445], [7.52587, 51.91507083333333], [7.52573, 51.915213888888886], [7.5256388888888885, 51.915325833333334], [7.52562, 51.91535472222222], [7.52546, 51.915615833333334], [7.525305833333333, 51.915887777777776], [7.525285833333333, 51.915928888888885], [7.525175833333333, 51.91618277777778], [7.525162777777778, 51.91621694444444], [7.525092777777778, 51.916419999999995], [7.525092777777778, 51.916419999999995], [7.525063888888889, 51.9165], [7.525032777777778, 51.91661083333333], [7.52513, 51.91664083333333], [7.526088888888889, 51.91683388888889], [7.526463888888888, 51.916909999999994], [7.526991944444444, 51.91701777777777], [7.527821944444445, 51.91718972222222], [7.528401944444444, 51.91730472222222], [7.528485833333333, 51.91732472222222], [7.528458888888889, 51.917379999999994], [7.528341944444445, 51.91761888888889], [7.528341944444445, 51.91761888888889], [7.5283, 51.91770583333333], [7.528256944444444, 51.91779388888889], [7.528256944444444, 51.91779416666667], [7.528256944444444, 51.91779388888889], [7.528145, 51.918028888888884], [7.527935, 51.91846777777778], [7.527595, 51.919263888888885], [7.527549722222222, 51.91936777777777], [7.527402777777778, 51.91977694444444], [7.52727, 51.92019194444444], [7.527263888888889, 51.92021194444444], [7.52724, 51.92030083333333], [7.527200833333334, 51.920445], [7.527158888888889, 51.92060194444444], [7.527158888888889, 51.92060194444444], [7.527105, 51.920803888888884], [7.526928888888889, 51.92159888888889], [7.526833888888889, 51.92213888888889], [7.526735833333333, 51.92265694444444], [7.526721944444445, 51.922753888888884], [7.526705833333334, 51.92285694444444], [7.526684722222222, 51.923022777777774], [7.526676944444445, 51.923109999999994], [7.526676944444445, 51.923109999999994], [7.526662777777778, 51.923243888888884], [7.526551944444444, 51.92325583333333], [7.52637, 51.923247777777775], [7.524806944444444, 51.923001944444444], [7.524502777777777, 51.923006944444445], [7.5239819444444445, 51.92301388888889], [7.523185, 51.92305888888889], [7.523142777777777, 51.92306], [7.5229099999999995, 51.923071944444445], [7.522887777777778, 51.923072777777776], [7.522731944444445, 51.923085], [7.522642777777778, 51.9231], [7.522552777777777, 51.92314472222222], [7.522417777777778, 51.92324583333333], [7.52238, 51.923288888888884], [7.522316944444444, 51.92341388888889], [7.522260833333333, 51.92354972222222], [7.522157777777777, 51.92382583333333], [7.522157777777777, 51.92382583333333], [7.522121944444445, 51.923923888888886], [7.5220899999999995, 51.92400472222222], [7.522051944444445, 51.924036944444445], [7.52198, 51.92406194444444], [7.521358888888889, 51.92409583333333], [7.5203219444444445, 51.924146944444445], [7.520198888888888, 51.92415472222222], [7.519565833333333, 51.92418277777777], [7.519187777777778, 51.92431777777777], [7.519105833333334, 51.92435583333333], [7.518931944444445, 51.92453777777777], [7.518740833333333, 51.92477472222222], [7.518706944444444, 51.924818888888886], [7.51876, 51.92484583333333], [7.5187888888888885, 51.92487583333333], [7.518800833333334, 51.92490972222222], [7.518795833333333, 51.924947777777774], [7.518875833333333, 51.92496194444444], [7.519207777777778, 51.92503194444444], [7.519471944444445, 51.925059999999995], [7.519796944444445, 51.92505694444444], [7.519796944444445, 51.92505694444444], [7.519926944444444, 51.92505583333333], [7.520431944444445, 51.925016944444444], [7.520535833333334, 51.92500777777777], [7.520528888888889, 51.924975277777776], [7.520535833333334, 51.92500777777777], [7.520631944444444, 51.925], [7.521140833333333, 51.92495472222222], [7.5211588888888885, 51.924952777777776], [7.521156944444445, 51.924946388888884], [7.5211588888888885, 51.924952777777776], [7.521885833333333, 51.92489388888889], [7.52189, 51.92491277777778], [7.521885833333333, 51.92489388888889], [7.521931944444445, 51.92488972222222], [7.522695, 51.92482694444444], [7.52287, 51.92482083333333], [7.523026944444444, 51.924817777777776], [7.523166944444444, 51.92482388888889], [7.523402777777778, 51.92484388888889], [7.523553888888888, 51.92486583333333], [7.523553888888888, 51.92486583333333], [7.523713888888889, 51.924887777777776], [7.523748888888889, 51.92489472222222], [7.524025, 51.92494388888888], [7.5243738888888885, 51.92500583333333], [7.524981944444445, 51.92511388888889], [7.525145, 51.925128888888885], [7.525213888888889, 51.92513472222222], [7.5254988888888885, 51.92514583333333], [7.525810833333333, 51.92512583333333], [7.526078888888889, 51.925082777777774], [7.526392777777778, 51.92498194444444], [7.5264219444444445, 51.92497083333333], [7.526863888888889, 51.92481194444444], [7.527063888888889, 51.92473888888889], [7.527340833333334, 51.924637777777775], [7.527663888888889, 51.924551944444445], [7.527885, 51.92450583333333], [7.5279549999999995, 51.92449777777777], [7.5279549999999995, 51.92449777777777], [7.528176944444445, 51.92447], [7.528541944444444, 51.92442472222222], [7.529173888888889, 51.924416944444445], [7.530470833333333, 51.92444888888889], [7.530470277777778, 51.92444888888889], [7.530470833333333, 51.92444888888889], [7.531640833333333, 51.924477777777774], [7.53226, 51.92449388888889], [7.533595, 51.92452972222222], [7.534706944444444, 51.92455972222222], [7.534706944444444, 51.92455972222222], [7.535995, 51.924595], [7.537467777777778, 51.92463583333333], [7.539303888888889, 51.92468472222222], [7.5408977777777775, 51.924728888888886], [7.5421458333333335, 51.92475583333333], [7.546008888888889, 51.92486888888889], [7.548506944444444, 51.924929999999996], [7.550053888888889, 51.924972777777775], [7.551618888888889, 51.92501472222222], [7.552067777777777, 51.92502694444444], [7.552067777777777, 51.92502694444444], [7.555429999999999, 51.92511777777778], [7.558901944444444, 51.92521194444444], [7.559185, 51.925219999999996], [7.560056944444444, 51.925242777777775], [7.5600877777777775, 51.925243888888886], [7.560315833333333, 51.92525], [7.5605899999999995, 51.92525388888889], [7.561077777777777, 51.925262777777775], [7.562155833333333, 51.92527972222222], [7.5622919444444445, 51.925282777777774], [7.562751944444444, 51.92527194444444], [7.562751944444444, 51.92527194444444], [7.562843888888889, 51.92526972222222], [7.5630838888888885, 51.925262777777775], [7.563090833333333, 51.92519083333333], [7.5630575, 51.92518916666666], [7.563090833333333, 51.92519083333333], [7.5630838888888885, 51.925262777777775], [7.564392777777778, 51.92520194444444], [7.569031944444444, 51.92498888888888], [7.569301944444444, 51.92497777777778], [7.570310833333333, 51.92493888888889], [7.571091944444444, 51.924931944444445], [7.571503888888889, 51.92493888888889], [7.572711944444444, 51.92495888888889], [7.572932777777778, 51.92496388888889], [7.573171944444444, 51.924968888888884], [7.573683888888889, 51.92498277777778], [7.573683888888889, 51.92498277777778], [7.573788888888888, 51.92498583333333], [7.574253888888888, 51.924997777777776], [7.574693888888889, 51.92500777777777], [7.575895833333333, 51.925037777777774], [7.576423888888889, 51.92504388888889], [7.576532777777778, 51.92504583333333], [7.576687777777778, 51.92504694444444], [7.576757777777778, 51.92504777777778], [7.576765833333333, 51.92504777777778], [7.576895833333333, 51.92505083333333], [7.577665, 51.92507194444444], [7.578042777777777, 51.92509694444444], [7.578261944444444, 51.92511888888889], [7.578377777777778, 51.925130833333334], [7.578727777777778, 51.92517972222222], [7.579026944444444, 51.92523083333333], [7.579018611111111, 51.92524944444444], [7.579026944444444, 51.92523083333333], [7.579061944444444, 51.925237777777774], [7.579291944444444, 51.92529194444444], [7.579530833333333, 51.92534694444444], [7.579821944444444, 51.92542472222222], [7.579908888888888, 51.92545083333333], [7.579908888888888, 51.92545083333333], [7.580065833333333, 51.92549694444444], [7.580075833333333, 51.92549888888889], [7.580658888888888, 51.925691944444445], [7.580927777777777, 51.92578583333333], [7.581111944444444, 51.92585388888889], [7.581494999999999, 51.925995], [7.581732777777778, 51.92607694444444], [7.5819608333333335, 51.92615083333333], [7.582123888888889, 51.926203888888885], [7.582347777777778, 51.92627472222222], [7.5828677777777775, 51.92644694444444], [7.583278888888889, 51.92658194444444], [7.583278888888889, 51.92658194444444], [7.58338, 51.926615], [7.583382777777778, 51.92661694444444], [7.583685833333333, 51.926713888888884], [7.5839477777777775, 51.92679972222222], [7.584358888888889, 51.92693694444444], [7.584604722222222, 51.92701777777778], [7.584803888888889, 51.92708388888889], [7.585008888888889, 51.92715194444444], [7.585117777777778, 51.92718694444444], [7.5852538888888885, 51.92723083333333], [7.586206944444444, 51.927551944444446], [7.586661944444444, 51.927706944444445], [7.587215, 51.927895], [7.587437777777778, 51.927968888888884], [7.587498888888889, 51.92798777777777], [7.587671944444444, 51.92804388888889], [7.588035833333333, 51.92816583333333], [7.588035833333333, 51.92816583333333], [7.588277777777778, 51.92824694444444], [7.589032777777778, 51.92852], [7.589376944444444, 51.92865888888889], [7.589611944444444, 51.928756944444444], [7.589718888888888, 51.92880583333333], [7.589852777777778, 51.92887083333333], [7.589997777777778, 51.92894277777778], [7.5904308333333335, 51.92918972222222], [7.590577777777778, 51.929273888888886], [7.5911, 51.92956472222222], [7.591443888888889, 51.92975583333333], [7.591786944444444, 51.929941944444444], [7.5919638888888885, 51.930048888888884], [7.592203888888888, 51.930187777777775], [7.592410833333333, 51.93030694444444], [7.592535, 51.93037388888889], [7.592863888888888, 51.93056277777777], [7.592863888888888, 51.93056277777777], [7.593235, 51.93077694444444], [7.594231944444444, 51.93133888888889], [7.594712777777778, 51.93161194444444], [7.594896944444444, 51.93171777777778], [7.595071944444444, 51.93181388888889], [7.595240833333333, 51.931911944444444], [7.595240833333333, 51.931911944444444], [7.595603888888888, 51.93211972222222], [7.595827777777777, 51.93225888888889], [7.597245, 51.93306388888889], [7.5981588888888885, 51.933567777777775], [7.598734722222222, 51.93390194444444], [7.598997777777777, 51.93405388888888], [7.5994069444444445, 51.934279999999994], [7.599569722222222, 51.93437083333333], [7.600029999999999, 51.93463194444444], [7.600029999999999, 51.93463194444444], [7.6001038888888885, 51.93467277777778], [7.600107777777778, 51.93467583333333], [7.600283888888889, 51.934773888888884], [7.6004169444444445, 51.93484888888889], [7.600746944444444, 51.93503694444444], [7.601108888888889, 51.93521388888889], [7.601211944444444, 51.935243888888884], [7.601298888888889, 51.93526], [7.601455833333333, 51.93526], [7.601576944444444, 51.93524194444444], [7.601822777777778, 51.93520694444444], [7.602026944444444, 51.93515277777777], [7.602178888888888, 51.93528694444444], [7.602760833333333, 51.93577388888889], [7.602901944444444, 51.93588583333333], [7.603046944444444, 51.93599777777777], [7.6030461111111105, 51.93599805555555], [7.603046944444444, 51.93599777777777], [7.603167777777777, 51.93609], [7.603471944444444, 51.936322777777775], [7.603471944444444, 51.936322777777775], [7.603543888888889, 51.93637777777777], [7.603581944444444, 51.93640694444444], [7.603685833333333, 51.93648888888889], [7.6037808333333325, 51.93656194444444], [7.603779722222222, 51.936562499999994], [7.6037808333333325, 51.93656194444444], [7.604301944444444, 51.936964999999994], [7.604575, 51.93713083333333], [7.6049919444444445, 51.93738583333333], [7.605343888888888, 51.937594999999995], [7.605680833333333, 51.937794999999994], [7.605968888888889, 51.93796583333333], [7.606375833333333, 51.938204999999996], [7.606375833333333, 51.938204999999996], [7.606968888888889, 51.93855277777777], [7.607273888888889, 51.93873194444444], [7.607679999999999, 51.93899277777778], [7.607697777777777, 51.939004999999995], [7.607853888888888, 51.939122777777776], [7.608342777777778, 51.939542777777774], [7.608680833333333, 51.939923888888885], [7.6090349999999995, 51.94031777777777], [7.609038888888889, 51.94032194444444], [7.609038888888889, 51.94032194444444], [7.609038888888889, 51.94032194444444], [7.609303888888888, 51.94062583333333], [7.609362777777777, 51.94069277777778], [7.609442777777778, 51.940785], [7.6095669444444445, 51.94093194444444], [7.609725833333333, 51.94113194444444], [7.610007777777778, 51.94148694444444], [7.610720833333333, 51.942368888888886], [7.611436944444444, 51.943234999999994], [7.611910833333333, 51.94378888888888], [7.6119119444444445, 51.94378888888888], [7.611910833333333, 51.94378888888888], [7.611924999999999, 51.943805], [7.612057777777777, 51.943957777777776], [7.612128888888889, 51.94404083333333], [7.612316944444444, 51.944264999999994], [7.612316944444444, 51.944264999999994], [7.612506944444444, 51.944491944444444], [7.612646944444444, 51.94470277777778], [7.612771944444444, 51.94486388888888], [7.613423888888889, 51.94564694444444], [7.613568888888889, 51.94582], [7.613726944444444, 51.946009999999994], [7.6141499999999995, 51.94652277777777], [7.614268888888889, 51.946667777777776], [7.614326944444444, 51.94674277777777], [7.614375, 51.946797777777775], [7.614871944444444, 51.94740083333333], [7.6155438888888884, 51.94820194444444], [7.615948888888888, 51.94865083333333], [7.6159477777777775, 51.94865083333333], [7.615948888888888, 51.94865083333333], [7.616006944444444, 51.94871583333333], [7.616121944444444, 51.948845], [7.616422777777777, 51.949172777777775], [7.616726944444445, 51.94954583333333], [7.616726944444445, 51.94954583333333], [7.616831944444445, 51.94967388888889], [7.616878888888889, 51.94972083333333], [7.616972777777778, 51.94983], [7.61704, 51.949909999999996], [7.6170477777777785, 51.94992], [7.617065, 51.94994083333333], [7.617085833333334, 51.94996888888888], [7.617452777777778, 51.95043888888889], [7.617662777777778, 51.95074694444445], [7.617887777777778, 51.951030833333334], [7.618116944444445, 51.951315], [7.618125277777779, 51.95131222222223], [7.618116944444445, 51.951315], [7.618671944444445, 51.95200083333334], [7.618677777777778, 51.95200888888889], [7.618952777777778, 51.95234777777778], [7.618952777777778, 51.95234777777778], [7.618952777777778, 51.95234777777778], [7.619035833333334, 51.952450000000006], [7.619045000000001, 51.95246083333333], [7.619047777777778, 51.952464722222224], [7.619100833333333, 51.952533888888894], [7.619098055555556, 51.952535000000005], [7.619100833333333, 51.952533888888894], [7.619175, 51.95263194444445], [7.6192858333333335, 51.952780000000004], [7.619472777777778, 51.953045833333334], [7.619601944444445, 51.95325777777778], [7.61966388888889, 51.953381944444445], [7.6197558333333335, 51.953581944444444], [7.619765, 51.95361777777778], [7.619823888888889, 51.95383888888889], [7.619890000000001, 51.95433583333334], [7.619906944444445, 51.954685833333336], [7.619915833333334, 51.954835833333334], [7.619910833333334, 51.95485083333334], [7.619843888888889, 51.95497694444445], [7.620010000000001, 51.954995833333335], [7.620095833333334, 51.95500083333334], [7.620421944444445, 51.95504583333334], [7.6210458333333335, 51.955151944444445], [7.621287777777778, 51.955200000000005], [7.621637777777778, 51.955285833333335], [7.621637777777778, 51.955285833333335], [7.621626944444445, 51.95528388888889], [7.621790833333334, 51.95532388888889], [7.621791111111111, 51.95532333333334], [7.621790833333334, 51.95532388888889], [7.621947777777779, 51.95536277777778], [7.622685833333334, 51.95554083333334], [7.622896944444445, 51.95559], [7.622988888888889, 51.95560694444445], [7.623193888888889, 51.955623888888894], [7.623638888888889, 51.95562777777778], [7.62388388888889, 51.95562694444445], [7.624553888888889, 51.95561388888889], [7.6248377777777785, 51.95562277777778], [7.625073888888889, 51.95564], [7.625346944444445, 51.955668888888894], [7.625646944444445, 51.95570388888889], [7.625905833333333, 51.95573], [7.625967777777778, 51.95563777777778], [7.62606888888889, 51.95556083333334], [7.6261527777777784, 51.95552083333334], [7.626248888888889, 51.955489722222225], [7.626405, 51.955466944444446], [7.626471944444445, 51.955465000000004], [7.626602777777778, 51.95547583333334], [7.626666944444445, 51.95548777777778], [7.626785000000001, 51.95552583333333], [7.626885000000001, 51.955578888888894], [7.626927777777778, 51.95561], [7.626992777777779, 51.95568083333334], [7.627015833333334, 51.95572], [7.627037777777779, 51.9558], [7.627253888888889, 51.95579888888889], [7.627335833333333, 51.955795], [7.627508888888889, 51.95579194444445], [7.627703888888889, 51.955803888888894], [7.628005000000001, 51.955830000000006], [7.62824888888889, 51.955865833333334], [7.62824888888889, 51.955865833333334], [7.6285219444444445, 51.95592083333334], [7.628811944444445, 51.956001944444445], [7.629652777777778, 51.956293888888894], [7.629813888888889, 51.95635083333334], [7.62993888888889, 51.95639388888889], [7.630090833333334, 51.95644777777778], [7.630321944444445, 51.956495000000004], [7.630417777777779, 51.95650583333334], [7.630581944444445, 51.95647777777778], [7.631096944444445, 51.95630694444445], [7.6311350000000004, 51.956293888888894], [7.631223888888889, 51.95626277777778], [7.631280833333334, 51.95624277777778], [7.63134888888889, 51.95621888888889], [7.631390833333334, 51.95620388888889], [7.631873888888889, 51.95603194444445], [7.631993888888889, 51.95598777777778], [7.632135000000001, 51.95594694444445], [7.632135555555556, 51.95594805555556], [7.632135000000001, 51.95594694444445], [7.632628888888889, 51.955800833333335], [7.632750833333334, 51.95577194444445], [7.632892777777778, 51.95576694444445], [7.632980000000001, 51.955828888888895], [7.6334358333333325, 51.95615388888889], [7.633509999999999, 51.956205833333335], [7.633713888888888, 51.956290833333334], [7.633946944444444, 51.956475833333336], [7.634161944444444, 51.95665777777778], [7.6342638888888885, 51.956787777777784], [7.634298888888888, 51.95683694444445], [7.634353888888889, 51.95692694444445], [7.634474999999999, 51.95716388888889], [7.634546944444444, 51.95735583333334], [7.634546944444444, 51.95735583333334], [7.634546944444444, 51.95735777777778], [7.634597777777778, 51.957503888888894], [7.6347249999999995, 51.95792083333333], [7.634740833333333, 51.958020833333336], [7.634751944444444, 51.958085000000004], [7.634672777777777, 51.958195], [7.6346808333333325, 51.95825], [7.634697777777777, 51.95824861111112], [7.6346808333333325, 51.95825], [7.6346927777777776, 51.958332777777784], [7.6348908333333325, 51.95899277777778], [7.634978888888888, 51.959270000000004], [7.634998888888888, 51.95939194444445], [7.635015833333333, 51.95939138888889], [7.634998888888888, 51.95939194444445], [7.635017777777778, 51.95950777777778], [7.635034999999999, 51.95973888888889], [7.635045, 51.95987277777778], [7.635067777777778, 51.96013083333334], [7.635083888888889, 51.960368888888894], [7.635085833333333, 51.96038], [7.63509, 51.96040888888889], [7.635140833333333, 51.960665000000006], [7.635225833333333, 51.96107888888889], [7.635314999999999, 51.96150194444445], [7.6353599999999995, 51.961751944444444], [7.6353599999999995, 51.961751944444444], [7.6353608333333325, 51.961751944444444], [7.635372777777778, 51.961820833333334], [7.635376944444444, 51.96185583333334], [7.63538, 51.96187694444445], [7.63538, 51.96194694444445], [7.635378888888888, 51.962048888888894], [7.635224999999999, 51.96208277777778], [7.635103888888889, 51.96210083333334], [7.635010833333333, 51.962105], [7.634676944444444, 51.96209888888889], [7.634621944444444, 51.96209777777778], [7.634376944444444, 51.962095833333336], [7.633862777777777, 51.96210583333334], [7.633747777777777, 51.962118888888895], [7.633657777777778, 51.962135], [7.633465833333333, 51.962175], [7.633276944444445, 51.962203888888894], [7.633046944444445, 51.96228777777778], [7.632852777777778, 51.962380833333334], [7.632633888888889, 51.96250194444445], [7.632418888888889, 51.96260388888889], [7.632043888888889, 51.96279277777778], [7.631953888888889, 51.96285777777778], [7.631825833333334, 51.96297388888889], [7.631690833333334, 51.96313277777778], [7.631612777777779, 51.96322583333334], [7.631585, 51.963258888888895], [7.63127388888889, 51.963640833333336], [7.631207777777778, 51.963701944444445], [7.631105833333334, 51.96377777777778], [7.630870000000001, 51.96387888888889], [7.630602777777778, 51.96397], [7.630262777777778, 51.964081944444445], [7.630263888888889, 51.964081944444445], [7.6303036111111116, 51.964128055555555], [7.630263888888889, 51.964081944444445], [7.63018, 51.96410277777778], [7.630191944444445, 51.96410083333333], [7.630189722222223, 51.9640975], [7.630191944444445, 51.96410083333333], [7.630021944444445, 51.96414194444445], [7.629697777777778, 51.96423388888889], [7.6295858333333335, 51.964265833333336], [7.629351944444445, 51.96434083333334], [7.629128888888889, 51.96441777777778], [7.628843888888889, 51.96451777777778], [7.628741944444445, 51.964558888888895], [7.628650833333333, 51.96460777777778], [7.628537777777778, 51.96469694444445], [7.628396944444445, 51.96479777777778], [7.628313888888889, 51.96485083333334], [7.628176944444445, 51.96492083333334], [7.627875833333333, 51.965055], [7.627532777777779, 51.96519194444445], [7.627342777777779, 51.965250833333336], [7.6272777777777785, 51.965265], [7.627080833333334, 51.965295833333336], [7.626982777777778, 51.96530083333334], [7.626982777777778, 51.96530083333334], [7.626978888888889, 51.96530083333334], [7.626900000000001, 51.965305], [7.626827777777779, 51.96530583333334], [7.626673888888889, 51.96530388888889], [7.626615, 51.96530388888889], [7.62651388888889, 51.96529888888889], [7.6263538888888895, 51.965291944444445], [7.626146944444445, 51.965290833333334], [7.62578888888889, 51.96532083333334], [7.6256, 51.96534888888889], [7.624972777777778, 51.96546194444445], [7.624745833333334, 51.96552194444445], [7.62438, 51.96564888888889], [7.624245833333334, 51.96570694444445], [7.624226944444445, 51.965715], [7.62387, 51.96588194444445], [7.6237369444444445, 51.965943888888894], [7.62377, 51.966032777777784], [7.623788888888889, 51.966119722222224], [7.623783888888889, 51.96618194444445], [7.623762777777778, 51.966234722222225], [7.623718888888889, 51.96629277777778], [7.623660833333334, 51.966346944444446], [7.62358388888889, 51.966405], [7.623470833333334, 51.966503888888894], [7.623416944444445, 51.96660888888889], [7.623347777777778, 51.96682277777778], [7.623338888888889, 51.96687194444445], [7.6232750000000005, 51.96723194444445], [7.623240000000001, 51.967376944444446], [7.623240000000001, 51.967376944444446], [7.623200000000001, 51.967485], [7.623041944444445, 51.96781083333334], [7.622983888888889, 51.967915833333336], [7.6229377777777785, 51.96798972222222], [7.622782777777778, 51.96819], [7.6226777777777786, 51.96830388888889], [7.622625, 51.96834694444445], [7.6225538888888895, 51.968384722222225], [7.6224750000000006, 51.96841277777778], [7.622197777777778, 51.96846888888889], [7.622115000000001, 51.96848583333333], [7.622073888888889, 51.96850388888889], [7.6220469444444445, 51.96852388888889], [7.622035833333334, 51.96855194444445], [7.622065, 51.968810833333336], [7.622077777777778, 51.968921944444446], [7.622158888888889, 51.96942], [7.6222119444444445, 51.96971694444445], [7.622216944444445, 51.969793888888894], [7.6222038888888894, 51.969935], [7.6222038888888894, 51.969935], [7.622248333333334, 51.96993722222222], [7.6222038888888894, 51.969935], [7.622188888888889, 51.97006777777778], [7.622180833333334, 51.970151944444446], [7.622147777777778, 51.97058888888889], [7.622132777777778, 51.97095083333333], [7.622152777777778, 51.971086944444444], [7.62217388888889, 51.97114472222223], [7.6223350000000005, 51.97159583333333], [7.622395, 51.97170777777778], [7.622455833333333, 51.97182194444444], [7.622706944444445, 51.97213777777778], [7.622750000000001, 51.972190000000005], [7.6227519444444445, 51.97219194444445], [7.622795833333334, 51.972245], [7.622935833333334, 51.972475], [7.6230077777777785, 51.972634722222224], [7.6230077777777785, 51.972634722222224], [7.62301888888889, 51.972658888888894], [7.623076944444445, 51.97281777777778], [7.623206944444445, 51.97323], [7.623218888888889, 51.97326972222223], [7.623245000000001, 51.97335694444445], [7.623335833333334, 51.97367777777778], [7.623395, 51.97394888888889], [7.623417777777778, 51.97406277777778], [7.62341888888889, 51.974066944444445], [7.6234319444444445, 51.97414], [7.623447777777778, 51.97422888888889], [7.62353388888889, 51.97458888888889], [7.623546944444445, 51.97465583333334], [7.623568888888889, 51.97475388888889], [7.623475833333334, 51.97475583333333], [7.623215, 51.97475777777778], [7.6226650000000005, 51.97472777777778], [7.622315833333333, 51.974716944444445], [7.62231388888889, 51.974716944444445], [7.62231388888889, 51.974716944444445], [7.622081944444445, 51.97470777777778], [7.621966944444445, 51.97470388888889], [7.620955833333333, 51.974670833333334], [7.620617777777778, 51.97465972222222], [7.61981, 51.97463583333334], [7.6190427777777785, 51.97460388888889], [7.61892, 51.97459777777778], [7.618682777777778, 51.97458694444445], [7.6169400000000005, 51.97450194444445], [7.6169400000000005, 51.97450194444445], [7.616808888888889, 51.974495000000005], [7.6165119444444445, 51.97448083333334], [7.616238888888889, 51.974470000000004], [7.615640833333333, 51.974446944444445], [7.615457777777777, 51.97444], [7.615349999999999, 51.97443583333334], [7.614251944444444, 51.97439388888889], [7.614065833333333, 51.97438694444445], [7.613646944444444, 51.97437277777778], [7.6135327777777775, 51.97436888888889], [7.6134619444444445, 51.97436694444445], [7.6133927777777775, 51.97436583333334], [7.6132349999999995, 51.97436277777778], [7.612604999999999, 51.97435277777778], [7.6125469444444445, 51.97435083333333], [7.612431944444444, 51.97434888888889], [7.612428888888888, 51.974470000000004], [7.612426944444444, 51.97449888888889], [7.612403888888888, 51.97489], [7.612403888888888, 51.97489], [7.612345833333333, 51.97586777777778], [7.6123127777777775, 51.97636194444445], [7.612297777777777, 51.97656472222222], [7.612295833333333, 51.97659], [7.612292777777777, 51.97664694444445], [7.612277777777777, 51.976840833333334], [7.612260833333333, 51.97712194444445], [7.612260833333333, 51.97712194444445], [7.61226, 51.97712583333333], [7.612222777777777, 51.977655], [7.612114999999999, 51.97916888888889], [7.612106944444444, 51.97928277777778], [7.612092777777778, 51.9795], [7.612092777777778, 51.9795], [7.612087777777777, 51.979579722222226], [7.612064999999999, 51.979933888888894], [7.612064999999999, 51.97993777777778], [7.612062777777777, 51.97996472222223], [7.612048888888888, 51.980176944444445], [7.612043888888889, 51.98034388888889], [7.611981944444444, 51.98089277777778], [7.6119449999999995, 51.981385], [7.6118669444444444, 51.982418888888894], [7.611861944444444, 51.98247277777778], [7.6118588888888885, 51.982501944444444], [7.611857777777778, 51.98251277777778], [7.611836944444444, 51.982751944444445], [7.611836944444444, 51.982751944444445], [7.611835833333333, 51.98275972222223], [7.611826944444444, 51.98284888888889], [7.611879999999999, 51.98285], [7.611826944444444, 51.98284888888889], [7.611762777777777, 51.98352388888889], [7.611761944444444, 51.983531944444444], [7.611748888888888, 51.98369888888889], [7.6117349999999995, 51.983835], [7.611705833333333, 51.98420277777778], [7.611599999999999, 51.98551], [7.611577777777778, 51.985805], [7.6114749999999995, 51.98745888888889], [7.6114749999999995, 51.98745888888889], [7.611448888888889, 51.987880833333335], [7.611448888888889, 51.987880833333335], [7.61144, 51.98802388888889], [7.611426944444444, 51.988236944444445], [7.611416944444444, 51.98839777777778], [7.611415833333333, 51.98847777777778], [7.611400833333333, 51.98914777777778], [7.611406944444444, 51.98925], [7.6114299999999995, 51.98942], [7.6115369444444445, 51.990116944444445], [7.611887777777778, 51.99150777777778], [7.611886944444444, 51.99150777777778], [7.611887777777778, 51.99150777777778], [7.611949999999999, 51.991755833333336], [7.612105833333333, 51.992377777777776], [7.612125833333333, 51.992495], [7.612285833333333, 51.99313388888889], [7.612315833333333, 51.993252777777776], [7.612335, 51.99333], [7.612365833333333, 51.993435], [7.612391944444444, 51.993520000000004], [7.612408888888888, 51.993587777777776], [7.612501944444444, 51.99395], [7.612501944444444, 51.99395], [7.612502777777777, 51.99395583333333], [7.612526944444444, 51.99404694444445], [7.612542777777778, 51.99410888888889], [7.6128519444444445, 51.995291944444446], [7.612883888888889, 51.995415], [7.612937777777778, 51.99562], [7.612937777777778, 51.99562], [7.612937777777778, 51.995622777777776], [7.61294, 51.99563], [7.612968888888888, 51.995745], [7.612973888888889, 51.995765], [7.613047777777777, 51.99604083333333], [7.613238888888889, 51.996755], [7.613368888888888, 51.99723388888889], [7.613474999999999, 51.99762388888889], [7.613515, 51.99777388888889], [7.613355833333333, 51.99779388888889], [7.6132358333333325, 51.99781], [7.613037777777778, 51.99783194444444], [7.61231, 51.997910833333336], [7.612256944444444, 51.997915], [7.612195833333333, 51.99791888888889], [7.612195833333333, 51.99791888888889], [7.612218888888888, 51.99791777777778], [7.612083888888889, 51.997926944444444], [7.611791944444444, 51.99794194444445], [7.611726944444444, 51.99794083333333], [7.6115949999999994, 51.99794], [7.611120833333333, 51.99790888888889], [7.610550833333333, 51.99785694444444], [7.609948888888889, 51.99778388888889], [7.609254999999999, 51.997685833333335], [7.608313888888889, 51.99751388888889], [7.608313888888889, 51.99751388888889], [7.608156944444444, 51.997485833333336], [7.607850833333333, 51.99742583333333], [7.607615, 51.99737888888889], [7.606896944444444, 51.99724888888889], [7.606485833333333, 51.99719888888889], [7.606065, 51.997165833333334], [7.605865833333333, 51.99715583333334], [7.605840833333333, 51.997155], [7.605580833333333, 51.997146944444445], [7.605496944444444, 51.997146944444445], [7.60518, 51.99714083333333], [7.604603888888889, 51.997102777777776], [7.604550833333333, 51.9971], [7.604225, 51.99707388888889], [7.604225, 51.99707388888889], [7.604213888888888, 51.99707277777778], [7.604197777777777, 51.99707194444444], [7.603786944444444, 51.99704277777778], [7.603741944444444, 51.99704], [7.603493888888888, 51.99702888888889], [7.603205, 51.997012777777776], [7.60267, 51.99697888888889], [7.602383888888888, 51.99696194444444], [7.602095833333333, 51.99695583333333], [7.60199, 51.996955], [7.601299999999999, 51.996925], [7.600314999999999, 51.996935], [7.600266944444444, 51.99693388888889], [7.600167777777777, 51.99693194444445], [7.600147777777777, 51.996986944444444], [7.6000877777777776, 51.99702888888889], [7.6, 51.99704777777778], [7.599934999999999, 51.99704583333333], [7.5997988888888885, 51.99707277777778], [7.599751944444444, 51.99708777777778], [7.599485833333333, 51.99718388888889], [7.599302777777777, 51.99726694444445], [7.599195, 51.997325833333335], [7.599085833333333, 51.99736], [7.598828888888889, 51.997547777777775], [7.598647777777778, 51.997695], [7.598364999999999, 51.997930833333335], [7.598364999999999, 51.997930833333335], [7.598355833333333, 51.99793888888889], [7.598215833333333, 51.998061944444444], [7.597686944444444, 51.998490000000004], [7.597656944444444, 51.998515], [7.597553888888888, 51.998601944444445], [7.597382777777778, 51.99874], [7.5965477777777775, 51.99941], [7.595739999999999, 52.00004583333333], [7.595518888888889, 52.00022083333333], [7.595217777777777, 52.000456944444444], [7.595217777777777, 52.000456944444444], [7.59506, 52.00058083333333], [7.5948738888888885, 52.00069888888889], [7.594745833333333, 52.00076194444444], [7.5944827777777775, 52.00086694444445], [7.594215833333333, 52.000935], [7.593968888888889, 52.000976944444446], [7.593690833333333, 52.000995833333334], [7.593553888888889, 52.00099194444444], [7.593249999999999, 52.00096888888889], [7.593215833333333, 52.000965], [7.593005, 52.00094083333333], [7.592944999999999, 52.000930833333335], [7.592691944444444, 52.00089], [7.592451944444444, 52.000835], [7.592310833333333, 52.00080388888889], [7.592310833333333, 52.00080388888889], [7.592097777777777, 52.00075777777778], [7.591755833333333, 52.00066888888889], [7.591716944444444, 52.000656944444444], [7.59152, 52.00059777777778], [7.591232777777777, 52.00048777777778], [7.591044999999999, 52.00039388888889], [7.590919722222222, 52.000302777777776], [7.590717777777778, 52.00013194444445], [7.590621944444444, 52.000015], [7.590554999999999, 51.99988777777778], [7.590513888888888, 51.999765833333335], [7.5904919444444445, 51.999606944444444], [7.590501944444444, 51.99944083333333], [7.590512777777778, 51.999227777777776], [7.590528888888889, 51.99910583333333], [7.590486944444444, 51.999072777777776], [7.590426944444444, 51.999045], [7.590337777777777, 51.999025], [7.590252777777778, 51.99901888888889], [7.589866944444444, 51.99901277777778], [7.589815833333333, 51.99899583333333], [7.589786944444445, 51.99896888888889], [7.589786944444445, 51.99890583333333], [7.589771944444444, 51.99890472222222], [7.589786944444445, 51.99890583333333], [7.589810833333333, 51.99888277777778], [7.5898827777777775, 51.998850000000004], [7.590321944444444, 51.998865], [7.590357777777777, 51.998867777777775]]}}, {"type": "Feature", "properties": {"route_id": "16", "name": "16", "color": "#FAC07E", "label_lon": 7.634474999999999, "label_lat": 51.95716388888889}, "geometry": {"type": "LineString", "coordinates": [[7.575606944444444, 51.918412777777775], [7.576072777777777, 51.918387777777774], [7.575841944444444, 51.919177777777776], [7.5756258333333335, 51.919909999999994], [7.5756258333333335, 51.919909999999994], [7.575598888888889, 51.920001944444444], [7.575403888888888, 51.92065888888889], [7.574903888888889, 51.920585833333334], [7.574751944444444, 51.92059083333333], [7.574355, 51.92060472222222], [7.5738449999999995, 51.92070777777778], [7.5732349999999995, 51.92088194444444], [7.573338888888888, 51.92103583333333], [7.573455833333333, 51.92123972222222], [7.573535833333333, 51.92142194444444], [7.573535833333333, 51.92142194444444], [7.573548888888888, 51.92145277777777], [7.573608888888889, 51.921686944444446], [7.573614999999999, 51.92182388888889], [7.5735938888888885, 51.92208194444444], [7.573526944444445, 51.922262777777775], [7.573494999999999, 51.92236972222222], [7.573483888888888, 51.92247388888889], [7.5735327777777774, 51.92257083333333], [7.573605, 51.92264888888889], [7.5737, 51.922711944444444], [7.5738377777777774, 51.92276472222222], [7.575622777777777, 51.92308583333333], [7.577195833333333, 51.92333583333333], [7.577410833333333, 51.923358888888885], [7.5775958333333335, 51.92336583333333], [7.5779499999999995, 51.92335], [7.579280833333333, 51.92328388888889], [7.579353888888889, 51.92328777777777], [7.579507777777778, 51.92331], [7.5796238888888885, 51.923341944444445], [7.579767777777778, 51.923406944444444], [7.5798588888888885, 51.923474999999996], [7.579924999999999, 51.92355083333333], [7.579963888888889, 51.92361972222222], [7.579975833333333, 51.92366583333333], [7.579975, 51.92377694444444], [7.579924999999999, 51.92391194444444], [7.579796944444444, 51.924212777777775], [7.579556944444445, 51.92476694444444], [7.579473888888889, 51.924926944444444], [7.579351944444444, 51.92516194444444], [7.579291944444444, 51.92529194444444], [7.579061944444444, 51.925237777777774], [7.578751944444444, 51.92518388888889], [7.578751944444444, 51.92518388888889], [7.578377777777778, 51.925130833333334], [7.578261944444444, 51.92511888888889], [7.578042777777777, 51.92509694444444], [7.577665, 51.92507194444444], [7.576895833333333, 51.92505083333333], [7.576765833333333, 51.92504777777778], [7.576687777777778, 51.92504694444444], [7.576532777777778, 51.92504583333333], [7.576423888888889, 51.92504388888889], [7.575895833333333, 51.925037777777774], [7.574693888888889, 51.92500777777777], [7.574253888888888, 51.924997777777776], [7.573270833333333, 51.924971944444444], [7.573270833333333, 51.924971944444444], [7.573171944444444, 51.924968888888884], [7.572932777777778, 51.92496388888889], [7.572926944444444, 51.925038888888885], [7.5729058333333334, 51.92538972222222], [7.57288, 51.925885], [7.572865833333333, 51.92618694444444], [7.57285, 51.926473888888886], [7.572830833333333, 51.92675694444444], [7.572776944444445, 51.92704388888889], [7.572667777777777, 51.92739694444444], [7.572472777777778, 51.92778277777778], [7.572386944444444, 51.92791972222222], [7.572386944444444, 51.92791972222222], [7.572300833333333, 51.92805583333333], [7.572135833333333, 51.92824583333333], [7.571835833333333, 51.928552777777774], [7.5716077777777775, 51.92877194444444], [7.571221944444444, 51.92908194444444], [7.5710677777777775, 51.92921694444444], [7.571057777777778, 51.929272777777776], [7.571081944444444, 51.929476944444446], [7.571080833333333, 51.929489999999994], [7.571080833333333, 51.929489999999994], [7.571078888888889, 51.92953388888888], [7.571048888888889, 51.92957388888889], [7.570995833333333, 51.92961277777778], [7.570947777777778, 51.929631944444445], [7.570900833333333, 51.92964277777777], [7.5708488888888885, 51.92964388888889], [7.570741944444444, 51.92960583333333], [7.570745555555555, 51.929604166666664], [7.570741944444444, 51.92960583333333], [7.5707249999999995, 51.92959472222222], [7.570710833333333, 51.92956583333333], [7.570706944444444, 51.929516944444444], [7.5709599999999995, 51.92930694444444], [7.5710677777777775, 51.92921694444444], [7.571221944444444, 51.92908194444444], [7.5716077777777775, 51.92877194444444], [7.571835833333333, 51.928552777777774], [7.572135833333333, 51.92824583333333], [7.572300833333333, 51.92805583333333], [7.572369999999999, 51.92794694444444], [7.572456944444444, 51.92780888888888], [7.572456944444444, 51.92780888888888], [7.572667777777777, 51.92739694444444], [7.572699999999999, 51.92729277777777], [7.572776944444445, 51.92704388888889], [7.572830833333333, 51.92675694444444], [7.57285, 51.926473888888886], [7.572865833333333, 51.92618694444444], [7.57288, 51.925885], [7.5729058333333334, 51.92538972222222], [7.572926944444444, 51.925038888888885], [7.572932777777778, 51.92496388888889], [7.573171944444444, 51.924968888888884], [7.573476944444444, 51.924976944444445], [7.5734763888888885, 51.92498527777778], [7.573476944444444, 51.924976944444445], [7.573683888888889, 51.92498277777778], [7.573683888888889, 51.92498277777778], [7.573788888888888, 51.92498583333333], [7.574253888888888, 51.924997777777776], [7.574693888888889, 51.92500777777777], [7.575895833333333, 51.925037777777774], [7.576423888888889, 51.92504388888889], [7.576532777777778, 51.92504583333333], [7.576687777777778, 51.92504694444444], [7.576757777777778, 51.92504777777778], [7.576765833333333, 51.92504777777778], [7.576895833333333, 51.92505083333333], [7.577665, 51.92507194444444], [7.578042777777777, 51.92509694444444], [7.578261944444444, 51.92511888888889], [7.578377777777778, 51.925130833333334], [7.578727777777778, 51.92517972222222], [7.579026944444444, 51.92523083333333], [7.579018611111111, 51.92524944444444], [7.579026944444444, 51.92523083333333], [7.579061944444444, 51.925237777777774], [7.579291944444444, 51.92529194444444], [7.579530833333333, 51.92534694444444], [7.579821944444444, 51.92542472222222], [7.579908888888888, 51.92545083333333], [7.579908888888888, 51.92545083333333], [7.580065833333333, 51.92549694444444], [7.580075833333333, 51.92549888888889], [7.580658888888888, 51.925691944444445], [7.580927777777777, 51.92578583333333], [7.581111944444444, 51.92585388888889], [7.581494999999999, 51.925995], [7.581732777777778, 51.92607694444444], [7.5819608333333335, 51.92615083333333], [7.582123888888889, 51.926203888888885], [7.582347777777778, 51.92627472222222], [7.5828677777777775, 51.92644694444444], [7.583278888888889, 51.92658194444444], [7.583278888888889, 51.92658194444444], [7.58338, 51.926615], [7.583382777777778, 51.92661694444444], [7.583685833333333, 51.926713888888884], [7.5839477777777775, 51.92679972222222], [7.584358888888889, 51.92693694444444], [7.584604722222222, 51.92701777777778], [7.584803888888889, 51.92708388888889], [7.585008888888889, 51.92715194444444], [7.585117777777778, 51.92718694444444], [7.5852538888888885, 51.92723083333333], [7.586206944444444, 51.927551944444446], [7.586661944444444, 51.927706944444445], [7.587215, 51.927895], [7.587437777777778, 51.927968888888884], [7.587498888888889, 51.92798777777777], [7.587671944444444, 51.92804388888889], [7.588035833333333, 51.92816583333333], [7.588035833333333, 51.92816583333333], [7.588277777777778, 51.92824694444444], [7.589032777777778, 51.92852], [7.589376944444444, 51.92865888888889], [7.589611944444444, 51.928756944444444], [7.589718888888888, 51.92880583333333], [7.589852777777778, 51.92887083333333], [7.589997777777778, 51.92894277777778], [7.5904308333333335, 51.92918972222222], [7.590577777777778, 51.929273888888886], [7.5911, 51.92956472222222], [7.591443888888889, 51.92975583333333], [7.591786944444444, 51.929941944444444], [7.5919638888888885, 51.930048888888884], [7.592203888888888, 51.930187777777775], [7.592410833333333, 51.93030694444444], [7.592535, 51.93037388888889], [7.592863888888888, 51.93056277777777], [7.592863888888888, 51.93056277777777], [7.593235, 51.93077694444444], [7.594231944444444, 51.93133888888889], [7.594712777777778, 51.93161194444444], [7.594896944444444, 51.93171777777778], [7.595071944444444, 51.93181388888889], [7.595240833333333, 51.931911944444444], [7.595240833333333, 51.931911944444444], [7.595603888888888, 51.93211972222222], [7.595827777777777, 51.93225888888889], [7.597245, 51.93306388888889], [7.5981588888888885, 51.933567777777775], [7.598734722222222, 51.93390194444444], [7.598997777777777, 51.93405388888888], [7.5994069444444445, 51.934279999999994], [7.599569722222222, 51.93437083333333], [7.600029999999999, 51.93463194444444], [7.600029999999999, 51.93463194444444], [7.6001038888888885, 51.93467277777778], [7.600107777777778, 51.93467583333333], [7.600283888888889, 51.934773888888884], [7.6004169444444445, 51.93484888888889], [7.600746944444444, 51.93503694444444], [7.601108888888889, 51.93521388888889], [7.601211944444444, 51.935243888888884], [7.601298888888889, 51.93526], [7.601455833333333, 51.93526], [7.601576944444444, 51.93524194444444], [7.601822777777778, 51.93520694444444], [7.602026944444444, 51.93515277777777], [7.602178888888888, 51.93528694444444], [7.602760833333333, 51.93577388888889], [7.602901944444444, 51.93588583333333], [7.603046944444444, 51.93599777777777], [7.6030461111111105, 51.93599805555555], [7.603046944444444, 51.93599777777777], [7.603167777777777, 51.93609], [7.603471944444444, 51.936322777777775], [7.603471944444444, 51.936322777777775], [7.603543888888889, 51.93637777777777], [7.603581944444444, 51.93640694444444], [7.603685833333333, 51.93648888888889], [7.6037808333333325, 51.93656194444444], [7.603779722222222, 51.936562499999994], [7.6037808333333325, 51.93656194444444], [7.604301944444444, 51.936964999999994], [7.604575, 51.93713083333333], [7.6049919444444445, 51.93738583333333], [7.605343888888888, 51.937594999999995], [7.605680833333333, 51.937794999999994], [7.605968888888889, 51.93796583333333], [7.606375833333333, 51.938204999999996], [7.606375833333333, 51.938204999999996], [7.606968888888889, 51.93855277777777], [7.607273888888889, 51.93873194444444], [7.607679999999999, 51.93899277777778], [7.607697777777777, 51.939004999999995], [7.607853888888888, 51.939122777777776], [7.608342777777778, 51.939542777777774], [7.608680833333333, 51.939923888888885], [7.6090349999999995, 51.94031777777777], [7.609038888888889, 51.94032194444444], [7.609038888888889, 51.94032194444444], [7.609038888888889, 51.94032194444444], [7.609303888888888, 51.94062583333333], [7.609362777777777, 51.94069277777778], [7.609442777777778, 51.940785], [7.6095669444444445, 51.94093194444444], [7.609725833333333, 51.94113194444444], [7.610007777777778, 51.94148694444444], [7.610720833333333, 51.942368888888886], [7.611436944444444, 51.943234999999994], [7.611910833333333, 51.94378888888888], [7.6119119444444445, 51.94378888888888], [7.611910833333333, 51.94378888888888], [7.611924999999999, 51.943805], [7.612057777777777, 51.943957777777776], [7.612128888888889, 51.94404083333333], [7.612316944444444, 51.944264999999994], [7.612316944444444, 51.944264999999994], [7.612506944444444, 51.944491944444444], [7.612646944444444, 51.94470277777778], [7.612771944444444, 51.94486388888888], [7.613423888888889, 51.94564694444444], [7.613568888888889, 51.94582], [7.613726944444444, 51.946009999999994], [7.6141499999999995, 51.94652277777777], [7.614268888888889, 51.946667777777776], [7.614326944444444, 51.94674277777777], [7.614375, 51.946797777777775], [7.614871944444444, 51.94740083333333], [7.6155438888888884, 51.94820194444444], [7.615948888888888, 51.94865083333333], [7.6159477777777775, 51.94865083333333], [7.615948888888888, 51.94865083333333], [7.616006944444444, 51.94871583333333], [7.616121944444444, 51.948845], [7.616422777777777, 51.949172777777775], [7.616726944444445, 51.94954583333333], [7.616726944444445, 51.94954583333333], [7.616831944444445, 51.94967388888889], [7.616878888888889, 51.94972083333333], [7.616972777777778, 51.94983], [7.61704, 51.949909999999996], [7.6170477777777785, 51.94992], [7.617065, 51.94994083333333], [7.617085833333334, 51.94996888888888], [7.617452777777778, 51.95043888888889], [7.617662777777778, 51.95074694444445], [7.617887777777778, 51.951030833333334], [7.618116944444445, 51.951315], [7.618125277777779, 51.95131222222223], [7.618116944444445, 51.951315], [7.618671944444445, 51.95200083333334], [7.618677777777778, 51.95200888888889], [7.618952777777778, 51.95234777777778], [7.618952777777778, 51.95234777777778], [7.618952777777778, 51.95234777777778], [7.619035833333334, 51.952450000000006], [7.619045000000001, 51.95246083333333], [7.619047777777778, 51.952464722222224], [7.619100833333333, 51.952533888888894], [7.619098055555556, 51.952535000000005], [7.619100833333333, 51.952533888888894], [7.619175, 51.95263194444445], [7.6192858333333335, 51.952780000000004], [7.619472777777778, 51.953045833333334], [7.619601944444445, 51.95325777777778], [7.61966388888889, 51.953381944444445], [7.6197558333333335, 51.953581944444444], [7.619765, 51.95361777777778], [7.619823888888889, 51.95383888888889], [7.619890000000001, 51.95433583333334], [7.619906944444445, 51.954685833333336], [7.619915833333334, 51.954835833333334], [7.619910833333334, 51.95485083333334], [7.619843888888889, 51.95497694444445], [7.620010000000001, 51.954995833333335], [7.620095833333334, 51.95500083333334], [7.620421944444445, 51.95504583333334], [7.6210458333333335, 51.955151944444445], [7.621287777777778, 51.955200000000005], [7.621637777777778, 51.955285833333335], [7.621637777777778, 51.955285833333335], [7.621626944444445, 51.95528388888889], [7.621790833333334, 51.95532388888889], [7.621791111111111, 51.95532333333334], [7.621790833333334, 51.95532388888889], [7.621947777777779, 51.95536277777778], [7.622685833333334, 51.95554083333334], [7.622896944444445, 51.95559], [7.622988888888889, 51.95560694444445], [7.623193888888889, 51.955623888888894], [7.623638888888889, 51.95562777777778], [7.62388388888889, 51.95562694444445], [7.624553888888889, 51.95561388888889], [7.6248377777777785, 51.95562277777778], [7.625073888888889, 51.95564], [7.625346944444445, 51.955668888888894], [7.625646944444445, 51.95570388888889], [7.625905833333333, 51.95573], [7.625967777777778, 51.95563777777778], [7.62606888888889, 51.95556083333334], [7.6261527777777784, 51.95552083333334], [7.626248888888889, 51.955489722222225], [7.626405, 51.955466944444446], [7.626471944444445, 51.955465000000004], [7.626602777777778, 51.95547583333334], [7.626666944444445, 51.95548777777778], [7.626785000000001, 51.95552583333333], [7.626885000000001, 51.955578888888894], [7.626927777777778, 51.95561], [7.626992777777779, 51.95568083333334], [7.627015833333334, 51.95572], [7.627037777777779, 51.9558], [7.627253888888889, 51.95579888888889], [7.627335833333333, 51.955795], [7.627508888888889, 51.95579194444445], [7.627703888888889, 51.955803888888894], [7.628005000000001, 51.955830000000006], [7.62824888888889, 51.955865833333334], [7.62824888888889, 51.955865833333334], [7.6285219444444445, 51.95592083333334], [7.628811944444445, 51.956001944444445], [7.629652777777778, 51.956293888888894], [7.629813888888889, 51.95635083333334], [7.62993888888889, 51.95639388888889], [7.630090833333334, 51.95644777777778], [7.630321944444445, 51.956495000000004], [7.630417777777779, 51.95650583333334], [7.630581944444445, 51.95647777777778], [7.631096944444445, 51.95630694444445], [7.6311350000000004, 51.956293888888894], [7.631223888888889, 51.95626277777778], [7.631280833333334, 51.95624277777778], [7.63134888888889, 51.95621888888889], [7.631390833333334, 51.95620388888889], [7.631873888888889, 51.95603194444445], [7.631993888888889, 51.95598777777778], [7.632135000000001, 51.95594694444445], [7.632135555555556, 51.95594805555556], [7.632135000000001, 51.95594694444445], [7.632628888888889, 51.955800833333335], [7.632750833333334, 51.95577194444445], [7.632892777777778, 51.95576694444445], [7.632980000000001, 51.955828888888895], [7.6334358333333325, 51.95615388888889], [7.633509999999999, 51.956205833333335], [7.633713888888888, 51.956290833333334], [7.633946944444444, 51.956475833333336], [7.634161944444444, 51.95665777777778], [7.6342638888888885, 51.956787777777784], [7.634298888888888, 51.95683694444445], [7.634353888888889, 51.95692694444445], [7.634474999999999, 51.95716388888889], [7.634546944444444, 51.95735583333334], [7.634546944444444, 51.95735583333334], [7.634546944444444, 51.95735777777778], [7.634597777777778, 51.957503888888894], [7.6347249999999995, 51.95792083333333], [7.634740833333333, 51.958020833333336], [7.634751944444444, 51.958085000000004], [7.634672777777777, 51.958195], [7.6346808333333325, 51.95825], [7.634697777777777, 51.95824861111112], [7.6346808333333325, 51.95825], [7.6346927777777776, 51.958332777777784], [7.6348908333333325, 51.95899277777778], [7.634978888888888, 51.959270000000004], [7.634998888888888, 51.95939194444445], [7.635015833333333, 51.95939138888889], [7.634998888888888, 51.95939194444445], [7.635017777777778, 51.95950777777778], [7.635034999999999, 51.95973888888889], [7.635045, 51.95987277777778], [7.635067777777778, 51.96013083333334], [7.635083888888889, 51.960368888888894], [7.635085833333333, 51.96038], [7.63509, 51.96040888888889], [7.635140833333333, 51.960665000000006], [7.635225833333333, 51.96107888888889], [7.635314999999999, 51.96150194444445], [7.6353599999999995, 51.961751944444444], [7.6353599999999995, 51.961751944444444], [7.6353608333333325, 51.961751944444444], [7.635372777777778, 51.961820833333334], [7.635376944444444, 51.96185583333334], [7.63538, 51.96187694444445], [7.63538, 51.96194694444445], [7.635378888888888, 51.962048888888894], [7.635224999999999, 51.96208277777778], [7.635103888888889, 51.96210083333334], [7.635010833333333, 51.962105], [7.634676944444444, 51.96209888888889], [7.634621944444444, 51.96209777777778], [7.634376944444444, 51.962095833333336], [7.633862777777777, 51.96210583333334], [7.633747777777777, 51.962118888888895], [7.633657777777778, 51.962135], [7.633465833333333, 51.962175], [7.633276944444445, 51.962203888888894], [7.633046944444445, 51.96228777777778], [7.632852777777778, 51.962380833333334], [7.632633888888889, 51.96250194444445], [7.632418888888889, 51.96260388888889], [7.632043888888889, 51.96279277777778], [7.631953888888889, 51.96285777777778], [7.631825833333334, 51.96297388888889], [7.631690833333334, 51.96313277777778], [7.631612777777779, 51.96322583333334], [7.631585, 51.963258888888895], [7.63127388888889, 51.963640833333336], [7.631207777777778, 51.963701944444445], [7.631105833333334, 51.96377777777778], [7.630870000000001, 51.96387888888889], [7.630602777777778, 51.96397], [7.630262777777778, 51.964081944444445], [7.630263888888889, 51.964081944444445], [7.6303036111111116, 51.964128055555555], [7.630263888888889, 51.964081944444445], [7.63018, 51.96410277777778], [7.630191944444445, 51.96410083333333], [7.630189722222223, 51.9640975], [7.630191944444445, 51.96410083333333], [7.630021944444445, 51.96414194444445], [7.629697777777778, 51.96423388888889], [7.6295858333333335, 51.964265833333336], [7.629351944444445, 51.96434083333334], [7.629128888888889, 51.96441777777778], [7.628843888888889, 51.96451777777778], [7.628741944444445, 51.964558888888895], [7.628650833333333, 51.96460777777778], [7.628537777777778, 51.96469694444445], [7.628396944444445, 51.96479777777778], [7.628313888888889, 51.96485083333334], [7.628176944444445, 51.96492083333334], [7.627875833333333, 51.965055], [7.627532777777779, 51.96519194444445], [7.627342777777779, 51.965250833333336], [7.6272777777777785, 51.965265], [7.627080833333334, 51.965295833333336], [7.626982777777778, 51.96530083333334], [7.626982777777778, 51.96530083333334], [7.626978888888889, 51.96530083333334], [7.626900000000001, 51.965305], [7.626827777777779, 51.96530583333334], [7.626673888888889, 51.96530388888889], [7.626615, 51.96530388888889], [7.62651388888889, 51.96529888888889], [7.6263538888888895, 51.965291944444445], [7.626146944444445, 51.965290833333334], [7.62578888888889, 51.96532083333334], [7.6256, 51.96534888888889], [7.624972777777778, 51.96546194444445], [7.624745833333334, 51.96552194444445], [7.62438, 51.96564888888889], [7.624245833333334, 51.96570694444445], [7.624226944444445, 51.965715], [7.62387, 51.96588194444445], [7.6237369444444445, 51.965943888888894], [7.62377, 51.966032777777784], [7.623788888888889, 51.966119722222224], [7.623783888888889, 51.96618194444445], [7.623762777777778, 51.966234722222225], [7.623718888888889, 51.96629277777778], [7.623660833333334, 51.966346944444446], [7.62358388888889, 51.966405], [7.623470833333334, 51.966503888888894], [7.623416944444445, 51.96660888888889], [7.623347777777778, 51.96682277777778], [7.623338888888889, 51.96687194444445], [7.6232750000000005, 51.96723194444445], [7.623240000000001, 51.967376944444446], [7.623240000000001, 51.967376944444446], [7.623200000000001, 51.967485], [7.623041944444445, 51.96781083333334], [7.622983888888889, 51.967915833333336], [7.6229377777777785, 51.96798972222222], [7.622782777777778, 51.96819], [7.6226777777777786, 51.96830388888889], [7.622625, 51.96834694444445], [7.6225538888888895, 51.968384722222225], [7.6224750000000006, 51.96841277777778], [7.622197777777778, 51.96846888888889], [7.622115000000001, 51.96848583333333], [7.622073888888889, 51.96850388888889], [7.6220469444444445, 51.96852388888889], [7.622035833333334, 51.96855194444445], [7.622065, 51.968810833333336], [7.622077777777778, 51.968921944444446], [7.622158888888889, 51.96942], [7.6222119444444445, 51.96971694444445], [7.622216944444445, 51.969793888888894], [7.6222038888888894, 51.969935], [7.6222038888888894, 51.969935], [7.622248333333334, 51.96993722222222], [7.6222038888888894, 51.969935], [7.622188888888889, 51.97006777777778], [7.622180833333334, 51.970151944444446], [7.622147777777778, 51.97058888888889], [7.622132777777778, 51.97095083333333], [7.622152777777778, 51.971086944444444], [7.62217388888889, 51.97114472222223], [7.6223350000000005, 51.97159583333333], [7.622395, 51.97170777777778], [7.622455833333333, 51.97182194444444], [7.622706944444445, 51.97213777777778], [7.622750000000001, 51.972190000000005], [7.6227519444444445, 51.97219194444445], [7.622795833333334, 51.972245], [7.622935833333334, 51.972475], [7.6230077777777785, 51.972634722222224], [7.6230077777777785, 51.972634722222224], [7.62301888888889, 51.972658888888894], [7.623076944444445, 51.97281777777778], [7.623206944444445, 51.97323], [7.623218888888889, 51.97326972222223], [7.623245000000001, 51.97335694444445], [7.623335833333334, 51.97367777777778], [7.623395, 51.97394888888889], [7.623417777777778, 51.97406277777778], [7.62341888888889, 51.974066944444445], [7.6234319444444445, 51.97414], [7.623447777777778, 51.97422888888889], [7.62353388888889, 51.97458888888889], [7.623546944444445, 51.97465583333334], [7.623568888888889, 51.97475388888889], [7.623475833333334, 51.97475583333333], [7.623215, 51.97475777777778], [7.6226650000000005, 51.97472777777778], [7.622315833333333, 51.974716944444445], [7.62231388888889, 51.974716944444445], [7.62231388888889, 51.974716944444445], [7.622081944444445, 51.97470777777778], [7.621966944444445, 51.97470388888889], [7.620955833333333, 51.974670833333334], [7.620617777777778, 51.97465972222222], [7.61981, 51.97463583333334], [7.6190427777777785, 51.97460388888889], [7.61892, 51.97459777777778], [7.618682777777778, 51.97458694444445], [7.6169400000000005, 51.97450194444445], [7.6169400000000005, 51.97450194444445], [7.616808888888889, 51.974495000000005], [7.6165119444444445, 51.97448083333334], [7.616238888888889, 51.974470000000004], [7.615640833333333, 51.974446944444445], [7.615457777777777, 51.97444], [7.615349999999999, 51.97443583333334], [7.614251944444444, 51.97439388888889], [7.614065833333333, 51.97438694444445], [7.613646944444444, 51.97437277777778], [7.6135327777777775, 51.97436888888889], [7.6134619444444445, 51.97436694444445], [7.6133927777777775, 51.97436583333334], [7.6132349999999995, 51.97436277777778], [7.612604999999999, 51.97435277777778], [7.6125469444444445, 51.97435083333333], [7.612431944444444, 51.97434888888889], [7.612428888888888, 51.974470000000004], [7.612426944444444, 51.97449888888889], [7.612403888888888, 51.97489], [7.612403888888888, 51.97489], [7.612345833333333, 51.97586777777778], [7.6123127777777775, 51.97636194444445], [7.612297777777777, 51.97656472222222], [7.612295833333333, 51.97659], [7.612292777777777, 51.97664694444445], [7.612277777777777, 51.976840833333334], [7.612260833333333, 51.97712194444445], [7.612260833333333, 51.97712194444445], [7.61226, 51.97712583333333], [7.612222777777777, 51.977655], [7.612114999999999, 51.97916888888889], [7.612106944444444, 51.97928277777778], [7.612092777777778, 51.9795], [7.612092777777778, 51.9795], [7.612087777777777, 51.979579722222226], [7.612064999999999, 51.979933888888894], [7.612064999999999, 51.97993777777778], [7.612062777777777, 51.97996472222223], [7.612048888888888, 51.980176944444445], [7.612043888888889, 51.98034388888889], [7.611981944444444, 51.98089277777778], [7.6119449999999995, 51.981385], [7.6118669444444444, 51.982418888888894], [7.611861944444444, 51.98247277777778], [7.6118588888888885, 51.982501944444444], [7.611857777777778, 51.98251277777778], [7.611836944444444, 51.982751944444445], [7.611836944444444, 51.982751944444445], [7.611835833333333, 51.98275972222223], [7.611826944444444, 51.98284888888889], [7.611879999999999, 51.98285], [7.611826944444444, 51.98284888888889], [7.611762777777777, 51.98352388888889], [7.611761944444444, 51.983531944444444], [7.611748888888888, 51.98369888888889], [7.6117349999999995, 51.983835], [7.611705833333333, 51.98420277777778], [7.611599999999999, 51.98551], [7.611577777777778, 51.985805], [7.6114749999999995, 51.98745888888889], [7.6114749999999995, 51.98745888888889], [7.611448888888889, 51.987880833333335], [7.611448888888889, 51.987880833333335], [7.611430833333333, 51.98815777777778], [7.611431944444444, 51.98815777777778], [7.611430833333333, 51.98815777777778], [7.611426944444444, 51.988236944444445], [7.611416944444444, 51.98839777777778], [7.6114138888888885, 51.98854194444444], [7.611400833333333, 51.98914777777778], [7.611406944444444, 51.98925], [7.611236944444444, 51.98924888888889], [7.611103888888889, 51.98924888888889], [7.610542777777777, 51.98924388888889], [7.610144999999999, 51.989265833333334], [7.60975, 51.98928277777778], [7.609579999999999, 51.98929277777778], [7.609000833333333, 51.98932583333333], [7.608687777777777, 51.989355], [7.60856, 51.98936694444445], [7.608387777777778, 51.98938583333334], [7.608153888888888, 51.98941083333334], [7.608153888888888, 51.98941083333334], [7.608107777777778, 51.98941583333333], [7.607685833333333, 51.98946388888889], [7.604120833333333, 51.98988083333334], [7.6037099999999995, 51.989925], [7.603353888888889, 51.989961944444445], [7.60236, 51.99006583333333], [7.601896944444444, 51.99012888888889], [7.601380833333333, 51.99019194444445], [7.601380833333333, 51.99019194444445], [7.600780833333333, 51.99026694444444], [7.60025, 51.990341944444445], [7.599740833333333, 51.99043777777778], [7.599629999999999, 51.99046694444444], [7.599419999999999, 51.99054], [7.599343888888889, 51.99057194444445], [7.599254999999999, 51.990625], [7.599150833333333, 51.990697777777775], [7.599067777777777, 51.99077], [7.599012777777777, 51.990856944444445], [7.598952777777778, 51.99098777777778], [7.598917777777777, 51.99122583333333], [7.5988927777777775, 51.99192888888889], [7.598888888888888, 51.99209194444445], [7.598878888888889, 51.99224388888889], [7.59887, 51.992395], [7.59887, 51.992395], [7.598861944444444, 51.992525], [7.598842777777778, 51.993025], [7.598845833333333, 51.99312194444445], [7.598855833333333, 51.99321388888889], [7.598942777777777, 51.99338888888889], [7.599007777777778, 51.99349], [7.599105, 51.993610000000004], [7.599215, 51.99371], [7.599393888888889, 51.993845], [7.599890833333333, 51.994081944444446], [7.600688888888889, 51.994461944444446], [7.601068888888888, 51.99466], [7.601185, 51.994725], [7.601417777777778, 51.99486], [7.601517777777778, 51.99491888888889], [7.601571944444444, 51.99489583333333], [7.601635833333333, 51.99488888888889], [7.601699999999999, 51.99489583333333], [7.601753888888888, 51.99491777777778], [7.601787777777777, 51.99494583333333], [7.601805, 51.994997777777776], [7.601787777777777, 51.99503777777778], [7.6017319444444444, 51.99507694444445], [7.601682777777778, 51.99518388888889], [7.601615833333333, 51.99531694444445], [7.6015299999999995, 51.995426944444446], [7.601495, 51.99545083333334], [7.601408888888889, 51.995485], [7.601077777777777, 51.99577], [7.600597777777778, 51.99617777777778], [7.600497777777777, 51.996230833333335], [7.600248888888888, 51.99635083333333], [7.600248888888888, 51.99635083333333], [7.600241944444444, 51.99635388888889], [7.600165833333333, 51.996395], [7.600054999999999, 51.996475833333335], [7.599984999999999, 51.99655277777778], [7.599943888888888, 51.99663], [7.599937777777778, 51.99673388888889], [7.599940833333333, 51.996765], [7.599951944444444, 51.99682194444445], [7.6000427777777775, 51.99682694444444], [7.600107777777778, 51.99685], [7.600150833333333, 51.99688777777778], [7.600167777777777, 51.99693194444445], [7.600147777777777, 51.996986944444444], [7.6000877777777776, 51.99702888888889], [7.6, 51.99704777777778], [7.599934999999999, 51.99704583333333], [7.5997988888888885, 51.99707277777778], [7.599751944444444, 51.99708777777778], [7.599485833333333, 51.99718388888889], [7.599302777777777, 51.99726694444445], [7.599195, 51.997325833333335], [7.599085833333333, 51.99736], [7.598828888888889, 51.997547777777775], [7.598647777777778, 51.997695], [7.598364999999999, 51.997930833333335], [7.598364999999999, 51.997930833333335], [7.598355833333333, 51.99793888888889], [7.598215833333333, 51.998061944444444], [7.597686944444444, 51.998490000000004], [7.597656944444444, 51.998515], [7.597553888888888, 51.998601944444445], [7.597382777777778, 51.99874], [7.5965477777777775, 51.99941], [7.595739999999999, 52.00004583333333], [7.595518888888889, 52.00022083333333], [7.595217777777777, 52.000456944444444], [7.595217777777777, 52.000456944444444], [7.59506, 52.00058083333333], [7.5948738888888885, 52.00069888888889], [7.594745833333333, 52.00076194444444], [7.5944827777777775, 52.00086694444445], [7.594215833333333, 52.000935], [7.593968888888889, 52.000976944444446], [7.593690833333333, 52.000995833333334], [7.593553888888889, 52.00099194444444], [7.593249999999999, 52.00096888888889], [7.593215833333333, 52.000965], [7.593005, 52.00094083333333], [7.592944999999999, 52.000930833333335], [7.592691944444444, 52.00089], [7.592451944444444, 52.000835], [7.592310833333333, 52.00080388888889], [7.592310833333333, 52.00080388888889], [7.592097777777777, 52.00075777777778], [7.591755833333333, 52.00066888888889], [7.591716944444444, 52.000656944444444], [7.59152, 52.00059777777778], [7.591232777777777, 52.00048777777778], [7.591044999999999, 52.00039388888889], [7.590919722222222, 52.000302777777776], [7.590717777777778, 52.00013194444445], [7.590621944444444, 52.000015], [7.590554999999999, 51.99988777777778], [7.590513888888888, 51.999765833333335], [7.5904919444444445, 51.999606944444444], [7.590501944444444, 51.99944083333333], [7.590512777777778, 51.999227777777776], [7.590528888888889, 51.99910583333333], [7.590486944444444, 51.999072777777776], [7.590426944444444, 51.999045], [7.590337777777777, 51.999025], [7.590252777777778, 51.99901888888889], [7.589866944444444, 51.99901277777778], [7.589815833333333, 51.99899583333333], [7.589786944444445, 51.99896888888889], [7.589786944444445, 51.99890583333333], [7.589771944444444, 51.99890472222222], [7.589786944444445, 51.99890583333333], [7.589810833333333, 51.99888277777778], [7.5898827777777775, 51.998850000000004], [7.590321944444444, 51.998865], [7.590357777777777, 51.998867777777775]]}}, {"type": "Feature", "properties": {"route_id": "17", "name": "17", "color": "#EA5B0C", "label_lon": 7.635236944444444, "label_lat": 51.961133888888895}, "geometry": {"type": "LineString", "coordinates": [[7.602321944444444, 51.99696083333333], [7.602095833333333, 51.99695583333333], [7.60199, 51.996955], [7.601299999999999, 51.996925], [7.600314999999999, 51.996935], [7.600266944444444, 51.99693388888889], [7.600167777777777, 51.99693194444445], [7.600147777777777, 51.996986944444444], [7.6000877777777776, 51.99702888888889], [7.6, 51.99704777777778], [7.599934999999999, 51.99704583333333], [7.59988, 51.99703], [7.599833888888889, 51.99700388888889], [7.599796944444444, 51.996942777777775], [7.5998077777777775, 51.996895], [7.599826944444444, 51.99687194444444], [7.599887777777777, 51.996835833333336], [7.599951944444444, 51.99682194444445], [7.599940833333333, 51.996765], [7.599937777777778, 51.99673388888889], [7.599943888888888, 51.99663], [7.599984999999999, 51.99655277777778], [7.600054999999999, 51.996475833333335], [7.600132777777778, 51.99641888888889], [7.600132777777778, 51.99641888888889], [7.600165833333333, 51.996395], [7.600241944444444, 51.99635388888889], [7.600497777777777, 51.996230833333335], [7.600597777777778, 51.99617777777778], [7.601077777777777, 51.99577], [7.601408888888889, 51.995485], [7.601436944444444, 51.99542777777778], [7.601492777777778, 51.99537194444444], [7.601534999999999, 51.995311944444445], [7.601565, 51.99523777777778], [7.601571944444444, 51.99518277777778], [7.6015427777777775, 51.99507777777778], [7.6014969444444445, 51.99505], [7.6014719444444445, 51.99501194444444], [7.601480833333333, 51.994951944444445], [7.601517777777778, 51.99491888888889], [7.601571944444444, 51.99489583333333], [7.601635833333333, 51.99488888888889], [7.601699999999999, 51.99489583333333], [7.601753888888888, 51.99491777777778], [7.601858888888889, 51.99487277777778], [7.60297, 51.994395000000004], [7.603253888888888, 51.99428777777778], [7.6035369444444445, 51.99420194444445], [7.603943888888889, 51.99410694444445], [7.604062777777777, 51.994081944444446], [7.604211944444444, 51.99406388888889], [7.60445, 51.994036944444446], [7.604654999999999, 51.994015], [7.604654999999999, 51.994015], [7.6049549999999995, 51.99398277777778], [7.605463888888888, 51.993935], [7.6056719444444445, 51.99391694444444], [7.605712777777778, 51.99391388888889], [7.607023888888889, 51.993835833333335], [7.607577777777777, 51.99380888888889], [7.607580833333333, 51.99380888888889], [7.6075727777777775, 51.993746111111115], [7.607580833333333, 51.99380888888889], [7.60779, 51.99379777777778], [7.608631944444444, 51.99376277777778], [7.609865833333333, 51.993697777777776], [7.6106227777777775, 51.99362], [7.6106227777777775, 51.99361888888889], [7.6106227777777775, 51.99362], [7.610988888888889, 51.99358083333333], [7.610988888888889, 51.99358083333333], [7.610993888888888, 51.99358083333333], [7.611006944444444, 51.99358], [7.611348888888888, 51.993542777777776], [7.612016944444444, 51.99347083333333], [7.612061944444444, 51.99346694444444], [7.612091944444444, 51.99346388888889], [7.612212777777778, 51.99344888888889], [7.612365833333333, 51.993435], [7.6124769444444444, 51.99342388888889], [7.612573888888889, 51.993415], [7.6133058333333326, 51.993340833333335], [7.613351944444444, 51.99333583333333], [7.613833888888888, 51.99328694444444], [7.613866944444444, 51.99328388888889], [7.6145088888888885, 51.99324583333333], [7.61477, 51.993235], [7.615285833333333, 51.99321194444445], [7.61562, 51.99319388888889], [7.615787777777777, 51.993185833333335], [7.616161944444444, 51.993165], [7.616161944444444, 51.99316694444445], [7.616382777777777, 51.99315583333333], [7.616160833333333, 51.99316694444445], [7.616745000000001, 51.993137777777775], [7.617225, 51.99310388888889], [7.617302777777779, 51.99309888888889], [7.6174558333333335, 51.99308777777778], [7.617443888888889, 51.99303277777778], [7.617416944444445, 51.99291], [7.6173408333333334, 51.99195], [7.61731888888889, 51.99176194444445], [7.617286944444445, 51.991395000000004], [7.617255833333334, 51.99103777777778], [7.617255, 51.99101888888889], [7.617237777777778, 51.99082194444445], [7.617237777777778, 51.99082194444445], [7.6172038888888896, 51.99040194444444], [7.617181944444445, 51.990085], [7.617190000000001, 51.98990583333333], [7.617238888888889, 51.989690833333334], [7.617310000000001, 51.98953388888889], [7.617357777777778, 51.98946388888889], [7.617395833333334, 51.989426944444446], [7.617495833333334, 51.989360833333336], [7.617641944444445, 51.98932777777778], [7.617835, 51.98932388888889], [7.618180000000001, 51.98935777777778], [7.620010833333334, 51.98956888888889], [7.620570000000001, 51.98960777777778], [7.620570000000001, 51.98960777777778], [7.62108, 51.98963777777778], [7.621248888888889, 51.98963694444445], [7.62137888888889, 51.98961583333333], [7.6214900000000005, 51.98957083333333], [7.621545, 51.989525], [7.6215850000000005, 51.98947388888889], [7.621606944444445, 51.989378888888886], [7.621602777777778, 51.98922], [7.621540833333333, 51.98863583333333], [7.621483888888889, 51.98808888888889], [7.621393888888889, 51.987205833333334], [7.621393888888889, 51.987205833333334], [7.621392777777778, 51.98719388888889], [7.621305, 51.98630777777778], [7.621135000000001, 51.984875833333334], [7.621155000000001, 51.984495833333334], [7.62118888888889, 51.98430888888889], [7.621223888888889, 51.98422083333333], [7.621223888888889, 51.98422083333333], [7.621246944444445, 51.98416388888889], [7.621246944444445, 51.98416388888889], [7.621273888888889, 51.984095833333335], [7.621422777777778, 51.98375], [7.621720000000001, 51.98305583333334], [7.621715833333334, 51.98297083333333], [7.621686944444445, 51.982935833333336], [7.621760833333334, 51.982888888888894], [7.621920833333334, 51.982887777777776], [7.623543888888889, 51.98348194444444], [7.624631944444445, 51.98388], [7.625430833333334, 51.984195], [7.626095, 51.984496944444444], [7.626777777777778, 51.98480777777778], [7.62808888888889, 51.985425], [7.6281550000000005, 51.985455], [7.628541944444445, 51.98497777777778], [7.628766944444445, 51.98471888888889], [7.629097777777778, 51.984361944444444], [7.629670000000001, 51.983692777777776], [7.629785, 51.98355], [7.629965833333334, 51.98360888888889], [7.630166944444445, 51.983625], [7.63064388888889, 51.98364888888889], [7.6307358333333335, 51.98365388888889], [7.63192, 51.983755], [7.632122777777778, 51.98377083333333], [7.632208888888889, 51.98378], [7.632208888888889, 51.98378], [7.63308388888889, 51.98387388888889], [7.633127777777778, 51.98388194444445], [7.633168888888889, 51.98390083333334], [7.633265000000001, 51.983982777777776], [7.633180833333334, 51.98434694444445], [7.6331588888888895, 51.98446277777778], [7.63314, 51.98455583333333], [7.633120833333334, 51.984655000000004], [7.633045833333334, 51.98502777777778], [7.633025000000001, 51.98513583333333], [7.632995, 51.98527277777778], [7.632933888888889, 51.98554194444444], [7.632905, 51.98567388888889], [7.633050000000001, 51.985685833333335], [7.6335058333333325, 51.98572194444444], [7.6335058333333325, 51.98572194444444], [7.634097777777777, 51.98576888888889], [7.634241944444444, 51.98577888888889], [7.634538888888889, 51.98580277777778], [7.634990833333333, 51.98582583333334], [7.635161944444444, 51.98581277777778], [7.635381944444444, 51.985772777777775], [7.6355377777777775, 51.98572277777778], [7.635686944444444, 51.98565277777778], [7.635778888888888, 51.98559777777778], [7.635852777777777, 51.98553388888889], [7.635954999999999, 51.98542], [7.636010833333333, 51.98531083333334], [7.636067777777777, 51.98506888888889], [7.636122777777778, 51.984746944444446], [7.636137777777777, 51.98462388888889], [7.636245833333333, 51.98414388888889], [7.636271944444444, 51.98401], [7.636279999999999, 51.98397], [7.6363988888888885, 51.98398], [7.636708888888888, 51.98401], [7.636982777777777, 51.98403583333334], [7.637258888888889, 51.98405888888889], [7.637540833333333, 51.98408277777778], [7.637849999999999, 51.98411], [7.637786944444444, 51.98441388888889], [7.637786944444444, 51.98441388888889], [7.637782777777777, 51.98443388888889], [7.637748888888888, 51.98446277777778], [7.637691944444444, 51.98448194444445], [7.63763, 51.984485], [7.637571944444444, 51.98447388888889], [7.637523888888889, 51.98444694444444], [7.6374949999999995, 51.9844], [7.637511944444444, 51.98425777777778], [7.637540833333333, 51.98408277777778], [7.637258888888889, 51.98405888888889], [7.636982777777777, 51.98403583333334], [7.636708888888888, 51.98401], [7.6363988888888885, 51.98398], [7.636279999999999, 51.98397], [7.636292777777777, 51.983892777777776], [7.636313888888888, 51.98377694444444], [7.636313888888888, 51.98377694444444], [7.636353888888888, 51.983557777777776], [7.636405833333333, 51.98325583333334], [7.636425833333333, 51.983160833333336], [7.636492777777777, 51.982843888888894], [7.636534999999999, 51.98252888888889], [7.636542777777778, 51.98247083333334], [7.63655, 51.98242583333334], [7.636560833333333, 51.982371944444445], [7.636586944444444, 51.982220000000005], [7.636610833333333, 51.98209888888889], [7.636627777777777, 51.982016944444446], [7.636620833333333, 51.98190777777778], [7.636591944444444, 51.981876944444444], [7.636383888888888, 51.98171277777778], [7.635985, 51.981474722222224], [7.635490833333333, 51.98118], [7.635431944444444, 51.981124722222226], [7.635396944444444, 51.98107388888889], [7.635367777777777, 51.981031944444446], [7.635346944444444, 51.98090777777778], [7.635395, 51.98068], [7.635395, 51.98068], [7.6354677777777775, 51.98032694444445], [7.635517777777777, 51.980089722222225], [7.635503888888889, 51.98000583333334], [7.635479999999999, 51.97995388888889], [7.635451944444444, 51.97991694444445], [7.635415833333333, 51.97988277777778], [7.635358888888889, 51.97983694444444], [7.635213888888888, 51.97971972222222], [7.6349977777777776, 51.97949694444445], [7.6348899999999995, 51.97930777777778], [7.634838888888888, 51.979151944444446], [7.634817777777777, 51.97894194444444], [7.634862777777777, 51.97875777777778], [7.634928888888888, 51.978605], [7.635034999999999, 51.978405], [7.635146944444444, 51.97824888888889], [7.6353277777777775, 51.97799888888889], [7.63559, 51.97766583333333], [7.635802777777777, 51.97728777777778], [7.635896944444444, 51.97698777777778], [7.635895833333333, 51.97693777777778], [7.635895833333333, 51.97689277777778], [7.635897777777777, 51.97649888888889], [7.635897777777777, 51.97649888888889], [7.635898888888889, 51.97636694444444], [7.6358999999999995, 51.97628277777778], [7.635903888888889, 51.97620277777778], [7.635949999999999, 51.97591583333333], [7.63603, 51.975635833333335], [7.636245833333333, 51.97480777777778], [7.636297777777777, 51.97461083333334], [7.6363827777777775, 51.97413777777778], [7.636425833333333, 51.97404083333333], [7.636475, 51.97393], [7.6365099999999995, 51.973669722222226], [7.636514999999999, 51.973585], [7.636517777777778, 51.97352388888889], [7.636416944444444, 51.97340972222222], [7.636402777777778, 51.97335277777778], [7.636378888888888, 51.973195833333335], [7.636301944444444, 51.97283277777778], [7.6362508333333325, 51.97264777777778], [7.636247777777777, 51.972635833333335], [7.636247222222222, 51.972635555555556], [7.636247777777777, 51.972635833333335], [7.636228888888889, 51.97256083333333], [7.636207777777777, 51.97248777777778], [7.636176944444444, 51.97239777777778], [7.636058888888888, 51.97210583333334], [7.636064999999999, 51.97202583333333], [7.636028888888888, 51.971963888888894], [7.635950833333333, 51.97185277777778], [7.635950833333333, 51.97185277777778], [7.635798888888888, 51.971646944444444], [7.635378888888888, 51.97112388888889], [7.634836944444444, 51.97057888888889], [7.6347258333333325, 51.970465000000004], [7.634570833333333, 51.970306944444445], [7.634570833333333, 51.970306944444445], [7.6345149999999995, 51.97024888888889], [7.634264999999999, 51.969993888888894], [7.634212777777777, 51.96994083333333], [7.634083888888888, 51.96981], [7.633961944444444, 51.96968777777778], [7.633496944444444, 51.96921583333334], [7.633450833333333, 51.96915888888889], [7.633338888888888, 51.969006944444445], [7.633236944444445, 51.96881388888889], [7.633145000000001, 51.96861083333334], [7.633111944444445, 51.96835472222222], [7.633102777777778, 51.968135833333335], [7.633126944444445, 51.96803777777778], [7.63318, 51.967935000000004], [7.633258888888889, 51.96780888888889], [7.633296944444445, 51.96775388888889], [7.633368888888889, 51.96765], [7.633543888888888, 51.967376944444446], [7.633609999999999, 51.96727388888889], [7.633913888888888, 51.966793888888894], [7.634007777777778, 51.96664388888889], [7.634167777777777, 51.96639583333334], [7.634222777777778, 51.96631194444445], [7.634214999999999, 51.96622777777778], [7.634186944444444, 51.96593888888889], [7.634186944444444, 51.96593888888889], [7.634182777777777, 51.96590388888889], [7.634178888888888, 51.965855833333336], [7.6341777777777775, 51.965851944444445], [7.6341777777777775, 51.965765000000005], [7.634194999999999, 51.96570194444445], [7.634238888888889, 51.96562777777778], [7.634284999999999, 51.96550277777778], [7.634433888888888, 51.965092777777784], [7.6346227777777775, 51.96454694444445], [7.634986944444444, 51.963520833333334], [7.635185833333333, 51.96299888888889], [7.635280833333333, 51.96270583333334], [7.635353888888888, 51.96240777777778], [7.635376944444444, 51.962113888888894], [7.635378888888888, 51.962048888888894], [7.63538, 51.96194694444445], [7.63538, 51.96187694444445], [7.635372777777778, 51.961820833333334], [7.635314999999999, 51.96150194444445], [7.635236944444444, 51.961133888888895], [7.635225833333333, 51.96107888888889], [7.635191944444444, 51.96091583333334], [7.635191944444444, 51.96091583333334], [7.6351627777777775, 51.960772777777784], [7.635140833333333, 51.960665000000006], [7.63509, 51.96040888888889], [7.63509, 51.96040777777778], [7.635083888888889, 51.960368888888894], [7.635067777777778, 51.96013083333334], [7.635053888888889, 51.95997388888889], [7.635045, 51.95987277777778], [7.635034999999999, 51.95973888888889], [7.634866944444444, 51.959525], [7.634810833333333, 51.95929], [7.634804999999999, 51.95926277777778], [7.634759999999999, 51.959073888888895], [7.6345688888888885, 51.95843388888889], [7.634542777777777, 51.958350833333334], [7.634524999999999, 51.95829888888889], [7.634475833333333, 51.958126944444444], [7.634408888888888, 51.95789194444445], [7.634271944444444, 51.95742694444445], [7.634215833333333, 51.957245], [7.6341319444444435, 51.95706388888889], [7.633995, 51.95684888888889], [7.633892777777778, 51.956720000000004], [7.633783888888888, 51.95662888888889], [7.633779444444444, 51.956630555555556], [7.633783888888888, 51.95662888888889], [7.6336627777777775, 51.95652777777778], [7.6334188888888885, 51.95633083333334], [7.633342777777777, 51.95626888888889], [7.633342777777777, 51.95626888888889], [7.633295, 51.956230000000005], [7.633187777777779, 51.956145], [7.632820000000001, 51.95584388888889], [7.632750833333334, 51.95577194444445], [7.632700000000001, 51.955711944444445], [7.632503888888889, 51.955486944444445], [7.631985, 51.954890000000006], [7.631716944444445, 51.95458277777778], [7.631500000000001, 51.954330000000006], [7.631500833333334, 51.954330000000006], [7.631500000000001, 51.954330000000006], [7.631500833333334, 51.954330000000006], [7.6314, 51.954211944444445], [7.631307777777779, 51.95410694444445], [7.631251944444445, 51.95402], [7.63126, 51.95401777777778], [7.631260555555556, 51.95401888888889], [7.63126, 51.95401777777778], [7.631405000000001, 51.953985], [7.631490833333334, 51.953965000000004], [7.631831944444445, 51.95388694444445], [7.632176944444445, 51.95381777777778], [7.632366944444445, 51.95378], [7.632365277777779, 51.95377583333334], [7.632366944444445, 51.95378], [7.6324627777777785, 51.953760833333334], [7.632492777777778, 51.953755], [7.632490000000001, 51.95375], [7.632492777777778, 51.953755], [7.632630000000001, 51.95372583333334], [7.632776944444445, 51.953680000000006], [7.633050000000001, 51.95355583333333], [7.633742777777777, 51.95315277777778], [7.633852777777777, 51.95310083333334], [7.633968888888888, 51.953072777777784], [7.634283888888889, 51.95304388888889], [7.634386944444444, 51.95303388888889], [7.635217777777777, 51.95294277777778], [7.635859999999999, 51.95288083333334], [7.635977777777777, 51.952875000000006], [7.6361027777777775, 51.95287694444445], [7.636103333333333, 51.952870833333336], [7.6361027777777775, 51.95287694444445], [7.635977777777777, 51.952875000000006], [7.635859999999999, 51.95288083333334], [7.635079999999999, 51.95295777777778], [7.635859999999999, 51.95288083333334], [7.635977777777777, 51.952875000000006], [7.636165833333333, 51.952805833333336], [7.636245, 51.952765], [7.636273888888889, 51.952745], [7.6363199999999996, 51.95270888888889], [7.636371944444444, 51.952648888888895], [7.636375833333333, 51.95258583333334], [7.636349999999999, 51.95244277777778], [7.636290833333333, 51.952290000000005], [7.636236944444444, 51.95214694444445], [7.6361727777777775, 51.95199083333333], [7.636080833333333, 51.95174888888889], [7.636080833333333, 51.95174888888889], [7.635981944444444, 51.95176333333334], [7.636080833333333, 51.95174888888889], [7.636069999999999, 51.951675], [7.636064444444444, 51.95167416666667], [7.636069999999999, 51.951675], [7.636064444444444, 51.95167416666667], [7.636069999999999, 51.951675], [7.636081944444444, 51.95163277777778], [7.636113888888889, 51.951570833333335], [7.636304999999999, 51.95140194444445], [7.636648888888889, 51.95112277777778], [7.636794999999999, 51.95100277777778], [7.636886944444444, 51.95092694444445], [7.636905833333333, 51.95086694444445], [7.636905, 51.95086694444445], [7.636905833333333, 51.95086694444445], [7.636917777777778, 51.95082888888889], [7.636963888888888, 51.95076777777778], [7.637031944444444, 51.95066583333334], [7.637115, 51.95055388888889], [7.63718, 51.950491944444444], [7.637382777777777, 51.950343888888895], [7.637381944444444, 51.950343888888895], [7.637828888888889, 51.95001694444445], [7.637899999999999, 51.949965], [7.637992777777777, 51.94989694444444], [7.637905, 51.949859999999994], [7.637727777777777, 51.94980194444444], [7.637525833333333, 51.949749999999995], [7.637258888888889, 51.94970083333333], [7.636857777777777, 51.94965777777777], [7.636383888888888, 51.949613888888884], [7.636175833333333, 51.949585], [7.6360238888888885, 51.949552777777775], [7.635870833333333, 51.949503888888884], [7.63563, 51.94936277777777], [7.635571944444444, 51.94931583333333], [7.635463888888888, 51.94919694444444], [7.6354219444444436, 51.949128888888886], [7.635391944444444, 51.94904694444444], [7.63538, 51.94896277777777], [7.635384999999999, 51.94869], [7.635371944444444, 51.94856194444444], [7.635344999999999, 51.94846277777778], [7.635175833333333, 51.94813], [7.635130833333333, 51.94798583333333], [7.635123888888889, 51.94779583333333], [7.635163888888888, 51.94730277777777], [7.635153888888889, 51.947153888888884], [7.635128888888889, 51.947019999999995], [7.635056944444444, 51.94683194444444], [7.63498, 51.94669194444444], [7.634877777777778, 51.94654583333333], [7.634773888888889, 51.94643083333333], [7.634743888888888, 51.946397777777776], [7.634602777777777, 51.94624777777778], [7.634602777777777, 51.94624777777778], [7.63432, 51.945946944444444], [7.634189999999999, 51.94578277777777], [7.634135, 51.94566], [7.634101944444444, 51.945497777777774], [7.634100833333333, 51.945299999999996], [7.634112777777777, 51.945215], [7.634175833333333, 51.94495388888888], [7.634208888888889, 51.944868888888884], [7.634326944444444, 51.94466277777777], [7.634450833333333, 51.94451194444444], [7.634848888888889, 51.94412277777777], [7.635196944444444, 51.94376388888889], [7.6354299999999995, 51.94349083333333], [7.6355699999999995, 51.94330083333333], [7.635827777777777, 51.942859999999996], [7.635827777777777, 51.942859999999996], [7.63585, 51.94282277777778], [7.63596, 51.942632777777774], [7.636139999999999, 51.94231], [7.636189999999999, 51.94217083333333], [7.636216944444444, 51.942033888888886], [7.636220833333333, 51.94195583333333], [7.636211944444444, 51.941828888888885], [7.6361638888888885, 51.941644999999994], [7.635859999999999, 51.941088888888885], [7.635764999999999, 51.940913888888886], [7.635520833333333, 51.94047083333333], [7.635370833333333, 51.940189999999994], [7.635266944444444, 51.939973888888886], [7.635266944444444, 51.939973888888886], [7.635216944444444, 51.93981694444444], [7.635204999999999, 51.93976583333333], [7.635170833333333, 51.93955694444444], [7.635173888888889, 51.93944194444444], [7.63512, 51.939384999999994], [7.635110833333333, 51.93927083333333], [7.63507, 51.93917888888888], [7.634894999999999, 51.939], [7.634087777777777, 51.938823888888884], [7.633912777777777, 51.93878583333333], [7.634020833333333, 51.93861388888889], [7.63404, 51.93855388888888], [7.634038888888888, 51.93845583333333], [7.633996944444444, 51.93834777777777], [7.633927777777777, 51.938269999999996], [7.6338269444444435, 51.938199999999995], [7.633753888888888, 51.938165], [7.633325833333334, 51.93801777777777], [7.631535833333333, 51.937752777777774], [7.630336944444445, 51.937574999999995], [7.629167777777778, 51.937385], [7.6282627777777785, 51.93734388888888], [7.627872777777778, 51.93729694444444], [7.627700000000001, 51.93727694444444], [7.626445, 51.93705388888888], [7.625755000000001, 51.93693], [7.62550388888889, 51.93682583333333], [7.62544, 51.93679777777778], [7.625348888888889, 51.93674277777777], [7.625238888888889, 51.93667388888888], [7.625152777777778, 51.936612777777775], [7.62508388888889, 51.936567777777775], [7.625111944444445, 51.93645194444444], [7.625148888888889, 51.93630583333333], [7.625190000000001, 51.936142777777775], [7.625301944444445, 51.93575499999999], [7.625381944444445, 51.93545583333333], [7.625518888888889, 51.93493888888889], [7.6255427777777784, 51.93484694444444], [7.625575833333333, 51.93472194444444], [7.625685000000001, 51.934309999999996], [7.6257069444444445, 51.93423277777777], [7.625741944444445, 51.93411583333333], [7.6258550000000005, 51.93373777777777], [7.626036944444445, 51.93328083333333], [7.626055833333334, 51.933231944444444], [7.626085000000001, 51.933155], [7.62625388888889, 51.93274694444444], [7.626333888888889, 51.93255], [7.626537777777778, 51.932063888888884], [7.626607777777778, 51.93190277777777], [7.626782777777779, 51.931925], [7.626873888888889, 51.93194], [7.6272, 51.93199194444444], [7.627636944444445, 51.93208194444444], [7.628665833333334, 51.93227472222222], [7.6294908333333336, 51.932455], [7.629855833333334, 51.93253083333333], [7.630215000000001, 51.93260972222222], [7.630576944444445, 51.93268388888889], [7.630647777777778, 51.932698888888886], [7.630685833333334, 51.93262277777777], [7.630655000000001, 51.93259388888889], [7.630666944444445, 51.93256888888889], [7.630683888888889, 51.93253694444444], [7.630740833333334, 51.932517777777775], [7.630848888888889, 51.932325], [7.630848888888889, 51.932325], [7.630922777777778, 51.93219194444444], [7.63098, 51.932087777777774], [7.631011944444445, 51.93203083333333], [7.632102777777778, 51.930054999999996], [7.632282777777778, 51.929693888888885], [7.632320000000001, 51.92961277777778], [7.632505, 51.92914777777778], [7.632550833333334, 51.92901777777777], [7.632715833333334, 51.92872083333333], [7.632715833333334, 51.92872083333333], [7.632830833333334, 51.928515], [7.632858888888889, 51.928462777777774], [7.633272777777778, 51.92766972222222], [7.633510833333333, 51.92720194444444], [7.633510833333333, 51.92720194444444], [7.63352, 51.92718472222222], [7.633479166666667, 51.92717666666666], [7.63352, 51.92718472222222], [7.633806944444444, 51.92661888888889], [7.633817777777777, 51.92651972222222], [7.633860833333332, 51.92641583333333], [7.63395, 51.92621388888889], [7.633978888888889, 51.92614888888889], [7.634240833333333, 51.9255], [7.634283888888889, 51.92539277777777], [7.634383888888888, 51.925311944444445], [7.634621944444444, 51.92535888888889], [7.634871944444444, 51.925401944444445], [7.6353608333333325, 51.92550194444444], [7.636125, 51.92565694444444], [7.637544999999999, 51.92599777777777], [7.637910833333333, 51.92609583333333], [7.637910833333333, 51.92609583333333], [7.640502777777777, 51.92678472222222], [7.641586944444444, 51.92706583333333], [7.642172777777778, 51.927208888888885], [7.642575, 51.92730583333333], [7.642740833333333, 51.927343888888885], [7.643515833333333, 51.92753472222222], [7.6436488888888885, 51.927568888888885], [7.6463077777777775, 51.928275], [7.646648888888889, 51.92836583333333], [7.646691944444444, 51.928375833333334], [7.646691944444444, 51.928375833333334], [7.64713, 51.92846194444444], [7.647415833333333, 51.92846888888889], [7.647578888888888, 51.92846194444444], [7.647684999999999, 51.92844888888889], [7.647754999999999, 51.92843277777777], [7.647897777777778, 51.928393888888884], [7.648055833333333, 51.92831777777778], [7.648168888888889, 51.92822694444444], [7.648339999999999, 51.92797777777778], [7.648795, 51.92731388888889], [7.648886944444444, 51.927236944444445], [7.649102777777777, 51.92691972222222], [7.649577777777777, 51.926204999999996], [7.6499308333333325, 51.925689999999996], [7.650181944444445, 51.92529694444444], [7.650508888888889, 51.924748888888885], [7.650508888888889, 51.924748888888885], [7.650777777777778, 51.92429694444444], [7.651037777777778, 51.92388888888889], [7.651142777777778, 51.923783888888885], [7.651246944444445, 51.923719999999996], [7.6514338888888895, 51.92365472222222], [7.651345833333334, 51.92355388888889], [7.6512777777777785, 51.923497777777776], [7.651135, 51.92343583333333], [7.649126944444444, 51.92295194444444], [7.649019999999999, 51.922916944444445], [7.648925833333333, 51.92286472222222], [7.648906944444444, 51.92274388888889], [7.649028888888888, 51.92253972222222], [7.649203888888889, 51.92224888888889], [7.649268888888888, 51.92214194444444], [7.649268888888888, 51.92214194444444], [7.649366944444444, 51.92197888888889], [7.649428888888888, 51.92187472222222], [7.649687777777777, 51.92144388888889], [7.649742777777777, 51.92135194444444], [7.649851944444444, 51.92117083333333], [7.649960833333333, 51.92108083333333], [7.650033888888889, 51.92104888888888], [7.650107777777778, 51.92103083333333], [7.650242777777778, 51.921029999999995], [7.650486944444445, 51.92106694444444], [7.6509027777777785, 51.921171944444446], [7.653475833333333, 51.92176694444444], [7.654367777777778, 51.921972777777775], [7.655385000000001, 51.92220694444444], [7.655385000000001, 51.92220694444444], [7.656522777777778, 51.922468888888886], [7.6575588888888895, 51.922707777777774], [7.658275833333334, 51.92287472222222], [7.658973888888889, 51.923025833333334], [7.658890833333333, 51.923133888888884], [7.658685, 51.923402777777774], [7.658642777777779, 51.92345777777778], [7.658466944444445, 51.92368777777777], [7.6583250000000005, 51.923876944444444], [7.658267777777779, 51.92394888888889], [7.658241944444445, 51.92398194444444], [7.6581977777777785, 51.92403888888889], [7.6581527777777785, 51.924094999999994], [7.658050833333333, 51.92422083333333]]}}, {"type": "Feature", "properties": {"route_id": "18", "name": "18", "color": "#008BD2", "label_lon": 7.641878888888888, "label_lat": 51.89782}, "geometry": {"type": "LineString", "coordinates": [[7.721355833333334, 51.92917083333333], [7.72146, 51.92906583333333], [7.721613888888889, 51.92887583333333], [7.722155, 51.928130833333334], [7.722495833333333, 51.927625], [7.723115, 51.92670194444444], [7.723571944444444, 51.92607472222222], [7.723947777777778, 51.92560388888889], [7.724136944444445, 51.92565888888889], [7.724405, 51.925712777777775], [7.724691944444444, 51.925754999999995], [7.724887777777778, 51.92576277777778], [7.726157777777778, 51.92574777777777], [7.726513888888889, 51.92574388888889], [7.727132777777778, 51.92573888888889], [7.727353888888889, 51.925736944444445], [7.727802777777778, 51.92572694444444], [7.7281208333333336, 51.925692777777776], [7.728347777777778, 51.92565694444444], [7.72862, 51.92559388888888], [7.728828888888889, 51.925532777777775], [7.729088888888889, 51.925421944444444], [7.729750833333333, 51.92516194444444], [7.729750833333333, 51.92516194444444], [7.730127777777778, 51.925013888888884], [7.730181944444444, 51.92498194444444], [7.730340833333334, 51.92491972222222], [7.730288888888889, 51.924771944444444], [7.7301158333333335, 51.923829999999995], [7.730020833333334, 51.92340472222222], [7.730355833333333, 51.92339388888889], [7.730982777777778, 51.923385833333334], [7.73107, 51.92338472222222], [7.73107, 51.92338472222222], [7.73167, 51.92338472222222], [7.731965, 51.923387777777776], [7.731973888888889, 51.92332388888889], [7.731920833333334, 51.92274194444444], [7.731842777777778, 51.92183694444444], [7.731823888888889, 51.92169277777778], [7.731790833333333, 51.92131083333333], [7.731287777777778, 51.921301944444444], [7.731287777777778, 51.921301944444444], [7.731238888888889, 51.92130083333333], [7.730657777777778, 51.921279999999996], [7.729736944444444, 51.921274999999994], [7.729392777777778, 51.921280833333334], [7.728806944444445, 51.92129388888889], [7.728673888888889, 51.921297777777774], [7.728323888888889, 51.92131694444444], [7.728460833333333, 51.92114083333333], [7.728562777777778, 51.92090583333333], [7.728592777777778, 51.92075388888889], [7.728595, 51.92054777777778], [7.7285908333333335, 51.92035694444444], [7.728585, 51.920002777777775], [7.728585, 51.920002777777775], [7.728582777777778, 51.91992583333333], [7.728573888888889, 51.91966583333333], [7.728578888888889, 51.91936388888889], [7.728583888888889, 51.919265833333334], [7.728580833333333, 51.91916388888889], [7.728597777777778, 51.91895583333333], [7.728602777777778, 51.91883083333333], [7.728595833333333, 51.91857583333333], [7.728585, 51.91846583333333], [7.728495833333334, 51.91819388888889], [7.728408888888889, 51.91795777777777], [7.7283800000000005, 51.91787583333333], [7.728312777777778, 51.917697777777775], [7.728206944444445, 51.91733194444444], [7.7282, 51.917294999999996], [7.7282, 51.917294999999996], [7.7281377777777776, 51.91697277777777], [7.728025833333334, 51.91668388888888], [7.727962777777778, 51.916575], [7.727676944444444, 51.91616277777778], [7.727557777777778, 51.91600694444444], [7.727506944444444, 51.91594083333333], [7.727393888888889, 51.91582], [7.727165833333333, 51.91585694444444], [7.726966944444444, 51.915865833333335], [7.726345, 51.915820833333335], [7.72618, 51.91581], [7.725761944444445, 51.91580083333333], [7.7256969444444445, 51.915801944444446], [7.725515833333334, 51.915817777777775], [7.725517777777778, 51.915866944444446], [7.725502777777778, 51.91589583333333], [7.725475833333333, 51.91592194444444], [7.725403888888889, 51.91595472222222], [7.725345, 51.91596277777778], [7.725285833333333, 51.91595972222222], [7.725231944444444, 51.91594583333333], [7.725187777777778, 51.91592277777777], [7.725157777777778, 51.91589388888889], [7.725142777777778, 51.91586083333333], [7.725143888888889, 51.91582694444444], [7.7251650000000005, 51.91579], [7.725200833333333, 51.91576083333333], [7.725248888888889, 51.91574083333333], [7.725105, 51.915570833333334], [7.725036944444445, 51.91547583333333], [7.724857777777778, 51.91525194444444], [7.724857777777778, 51.91525194444444], [7.724662777777778, 51.91500694444444], [7.724552777777778, 51.914853888888885], [7.724537777777778, 51.914831944444444], [7.724450833333333, 51.91470388888889], [7.724326944444445, 51.91453], [7.724306944444445, 51.9145], [7.724105, 51.91419583333333], [7.723951944444445, 51.913983888888886], [7.723881944444445, 51.913887777777774], [7.723795, 51.913765], [7.723684722222222, 51.91361083333333], [7.723590833333334, 51.91347888888889], [7.7230558333333335, 51.912774999999996], [7.72281, 51.912458888888885], [7.72281, 51.912458888888885], [7.7226719444444445, 51.912279999999996], [7.722397777777778, 51.912135], [7.7222, 51.91205194444444], [7.72193, 51.91197388888889], [7.7210600000000005, 51.911881944444445], [7.720585833333334, 51.911825], [7.720172777777778, 51.91177583333333], [7.719846944444445, 51.91173694444444], [7.719340833333334, 51.911676944444444], [7.719340833333334, 51.911676944444444], [7.719263888888889, 51.91166777777778], [7.718867777777778, 51.91162194444444], [7.715772777777778, 51.911251944444444], [7.714493888888889, 51.91110388888889], [7.713792777777778, 51.91103583333333], [7.713741944444445, 51.911031944444446], [7.713315833333334, 51.91099694444444], [7.712975833333333, 51.910981944444444], [7.712577777777778, 51.910982777777775], [7.712577777777778, 51.910982777777775], [7.712211944444444, 51.91098888888889], [7.710742777777778, 51.91103277777778], [7.710396944444445, 51.91106388888889], [7.710035, 51.911114999999995], [7.709091944444444, 51.91126388888889], [7.708676944444445, 51.911335], [7.708682777777778, 51.911387777777776], [7.708658888888889, 51.91143888888889], [7.708607777777778, 51.911481944444446], [7.708536944444445, 51.91151194444444], [7.708453888888889, 51.911525], [7.708368888888889, 51.911519999999996], [7.708290833333334, 51.911496944444444], [7.708230833333333, 51.91145888888889], [7.708195, 51.911410833333335], [7.707693888888889, 51.91148583333333], [7.707450833333334, 51.91150888888889], [7.70713, 51.91152694444445], [7.706733888888889, 51.911519999999996], [7.706413888888889, 51.91151277777777], [7.7062108333333335, 51.911505], [7.704883888888889, 51.911406944444444], [7.704210833333334, 51.91135083333333], [7.703401944444445, 51.91128972222222], [7.701285833333333, 51.91113], [7.700660833333334, 51.91109083333333], [7.700072777777778, 51.911072777777775], [7.699482777777778, 51.911067777777774], [7.697127777777778, 51.91113194444444], [7.69678, 51.91113583333333], [7.696525833333333, 51.911157777777774], [7.696005, 51.911157777777774], [7.696005, 51.911157777777774], [7.695828888888889, 51.91115583333333], [7.695263888888889, 51.91112777777778], [7.695075, 51.91111083333333], [7.6949169444444445, 51.911092777777775], [7.694077777777778, 51.91096777777778], [7.693840833333334, 51.91092583333333], [7.693232777777778, 51.91081888888889], [7.692210833333333, 51.91065472222222], [7.691877777777778, 51.91060083333333], [7.691782777777778, 51.91058583333333], [7.6901850000000005, 51.91032777777777], [7.689886944444445, 51.91030083333333], [7.689548888888889, 51.91025777777778], [7.689325, 51.91021694444444], [7.689115, 51.91011583333333], [7.689096944444445, 51.910105], [7.6888788888888895, 51.909972777777774], [7.688480833333333, 51.909752777777776], [7.688321944444445, 51.90964972222222], [7.688163888888889, 51.90956083333333], [7.688151944444445, 51.909555], [7.688151944444445, 51.909555], [7.686792777777778, 51.90880694444444], [7.685163888888889, 51.90792583333333], [7.684661944444445, 51.90770777777777], [7.684152777777778, 51.90751], [7.683495000000001, 51.90730388888889], [7.682686944444445, 51.90712583333333], [7.682243888888889, 51.90703583333333], [7.681943888888889, 51.90696277777778], [7.681943888888889, 51.90696277777778], [7.681778888888889, 51.90692277777778], [7.680971944444445, 51.90683583333333], [7.680695833333334, 51.90680888888889], [7.680488888888889, 51.906795833333334], [7.6804250000000005, 51.90679194444444], [7.680412777777778, 51.90679083333333], [7.68011, 51.90677194444444], [7.678597777777778, 51.90667583333333], [7.6765, 51.90654083333333], [7.675453888888889, 51.90647277777778], [7.674326944444445, 51.90639777777778], [7.674072777777778, 51.90638194444444], [7.6738800000000005, 51.906369999999995], [7.673498888888889, 51.906346944444444], [7.67328, 51.906335], [7.67328, 51.906335], [7.6726188888888895, 51.90629888888889], [7.671726944444445, 51.90624472222222], [7.6704927777777785, 51.906169999999996], [7.668725833333333, 51.90606277777778], [7.668095833333334, 51.90602388888889], [7.668095833333334, 51.90602388888889], [7.667913888888889, 51.906012777777775], [7.6676238888888895, 51.90599472222222], [7.667303888888889, 51.90597388888889], [7.666696944444444, 51.90593888888889], [7.66519, 51.905852777777774], [7.664230000000001, 51.90579888888889], [7.664220833333333, 51.90579888888889], [7.66401, 51.90579388888889], [7.663646944444444, 51.905788888888885], [7.6633127777777785, 51.90579583333333], [7.662672777777778, 51.90584777777778], [7.662110833333334, 51.90591777777777], [7.661718888888889, 51.90597388888889], [7.661355, 51.90604583333333], [7.661171944444445, 51.90607194444444], [7.660951944444445, 51.906102777777775], [7.660951944444445, 51.906102777777775], [7.660900833333334, 51.90610972222222], [7.659960833333334, 51.90623472222222], [7.659818888888889, 51.90621083333333], [7.659398888888889, 51.90624972222222], [7.658793888888889, 51.906286944444446], [7.65877388888889, 51.90628888888889], [7.658261944444445, 51.906302777777775], [7.657771944444445, 51.906304999999996], [7.6572008333333335, 51.90629194444444], [7.656872777777778, 51.90627694444444], [7.656270833333334, 51.90623083333333], [7.656063888888889, 51.90620777777777], [7.655670833333334, 51.90615694444444], [7.655260833333334, 51.90609], [7.654912777777779, 51.90602583333333], [7.654210833333334, 51.90588277777778], [7.653795833333334, 51.905789999999996], [7.653330833333333, 51.90567583333333], [7.652537777777778, 51.90547194444444], [7.652401944444445, 51.905435], [7.6521308333333335, 51.905361944444444], [7.651836944444445, 51.905296944444444], [7.6514919444444445, 51.905320833333334], [7.651451944444445, 51.90532888888889], [7.6513269444444445, 51.90535388888889], [7.651191944444445, 51.90539277777778], [7.6510919444444445, 51.90551], [7.650873888888889, 51.90575583333333], [7.650873888888889, 51.90575583333333], [7.650831944444445, 51.90580388888889], [7.6506138888888895, 51.90604583333333], [7.650407777777778, 51.906302777777775], [7.650117777777778, 51.906665], [7.64985, 51.906999722222224], [7.649420833333333, 51.90754388888889], [7.649420833333333, 51.90754388888889], [7.649281944444444, 51.90772], [7.6491999999999996, 51.907827777777776], [7.64919, 51.90784083333333], [7.648947777777777, 51.90814888888889], [7.648880833333333, 51.90822083333333], [7.648798888888888, 51.90830888888889], [7.648626944444444, 51.908403888888884], [7.648434999999999, 51.90846277777778], [7.648263888888889, 51.90849083333333], [7.648168888888889, 51.908492777777774], [7.647891944444444, 51.908499722222224], [7.647738888888888, 51.90848694444444], [7.647252777777777, 51.90844694444444], [7.6470827777777775, 51.90842388888889], [7.646428888888888, 51.90833083333333], [7.646336944444444, 51.90831277777777], [7.646336944444444, 51.90831277777777], [7.646227777777777, 51.90829194444444], [7.646225833333333, 51.90829083333333], [7.645968888888889, 51.90824194444444], [7.645438888888888, 51.90810388888889], [7.644432777777777, 51.907848888888886], [7.6438299999999995, 51.90772083333333], [7.6435088888888885, 51.907672777777776], [7.643344999999999, 51.907648888888886], [7.643061944444444, 51.90761083333333], [7.642763888888888, 51.907586944444446], [7.642763888888888, 51.907586944444446], [7.642730833333333, 51.907585], [7.642348888888889, 51.907553888888884], [7.641777777777778, 51.90752694444444], [7.641698888888889, 51.907525], [7.640721944444444, 51.907492777777776], [7.640400833333333, 51.907463888888884], [7.640056944444444, 51.90741388888889], [7.639686944444444, 51.907345], [7.639573888888888, 51.90732277777778], [7.639286944444444, 51.907265833333334], [7.639036944444444, 51.907215], [7.638970833333333, 51.907199999999996], [7.639038888888888, 51.90711583333333], [7.6393708333333326, 51.906715], [7.6393708333333326, 51.906715], [7.639404999999999, 51.90667388888889], [7.639360833333333, 51.906660277777775], [7.639404999999999, 51.90667388888889], [7.639423888888889, 51.90665083333333], [7.639788888888888, 51.90623194444444], [7.640038888888888, 51.905955], [7.640043055555555, 51.90595666666667], [7.640038888888888, 51.905955], [7.640078888888889, 51.90591083333333], [7.640529999999999, 51.90549583333333], [7.6406069444444435, 51.905427777777774], [7.640695833333333, 51.90535277777778], [7.640696944444444, 51.90535277777778], [7.640695833333333, 51.90535277777778], [7.640861944444444, 51.90521277777778], [7.641117777777778, 51.90499388888889], [7.641196944444444, 51.90491194444444], [7.641464999999999, 51.90458777777778], [7.641503888888888, 51.90454083333333], [7.641595, 51.904426944444445], [7.641622777777777, 51.90439277777778], [7.641622777777777, 51.90439277777778], [7.641629999999999, 51.904385], [7.641878888888888, 51.90407888888889], [7.641877777777777, 51.90407888888889], [7.641878888888888, 51.90407888888889], [7.642004999999999, 51.90392388888889], [7.642031944444444, 51.903890833333335], [7.6420699999999995, 51.90384472222222], [7.641898888888888, 51.90380583333333], [7.641399999999999, 51.903683888888885], [7.641047777777778, 51.90356777777777], [7.640463888888888, 51.90336583333333], [7.64037, 51.90333583333333], [7.640126944444444, 51.90324583333333], [7.640080833333333, 51.90322888888889], [7.639656944444444, 51.90307194444444], [7.639633888888889, 51.90306277777778], [7.639602777777777, 51.90305194444444], [7.639602777777777, 51.90305194444444], [7.639449999999999, 51.902995], [7.639379999999999, 51.902968888888886], [7.639320833333333, 51.902946944444444], [7.6392999999999995, 51.90293888888889], [7.639122777777778, 51.90287083333333], [7.638965, 51.902809999999995], [7.638940833333333, 51.90280083333333], [7.638800833333333, 51.902746944444445], [7.638435833333332, 51.902607777777774], [7.638332777777777, 51.902563888888885], [7.638262777777777, 51.90253388888889], [7.638147777777777, 51.902481944444446], [7.638206944444444, 51.902406944444444], [7.63826, 51.902337777777774], [7.638291944444444, 51.902297777777775], [7.638443888888888, 51.902105], [7.638502777777777, 51.902030833333335], [7.6386127777777775, 51.90188777777777], [7.638692777777777, 51.90178888888889], [7.638750833333333, 51.901716944444445], [7.638905833333333, 51.901525], [7.638982777777778, 51.90142888888889], [7.638982777777778, 51.90142888888889], [7.639126944444444, 51.90125], [7.639271944444444, 51.90106972222222], [7.6392927777777775, 51.901042777777775], [7.639505, 51.900777777777776], [7.639672777777777, 51.90056388888889], [7.6396919444444435, 51.90054], [7.639836944444444, 51.90036277777778], [7.640123888888889, 51.90000583333333], [7.640179999999999, 51.89993777777778], [7.640205, 51.899906944444446], [7.640332777777777, 51.89975388888889], [7.640342777777778, 51.89974194444444], [7.640565, 51.89946], [7.640565, 51.89946], [7.640666944444444, 51.89933], [7.640865, 51.899076944444445], [7.640867777777777, 51.899072777777775], [7.641157777777777, 51.898716944444445], [7.6412788888888885, 51.89857], [7.641313888888888, 51.89852694444444], [7.6413908333333325, 51.898430833333336], [7.641475833333333, 51.898325], [7.641558888888889, 51.89822083333333], [7.641730833333333, 51.89800694444445], [7.6418, 51.89792194444444], [7.641878888888888, 51.89782], [7.641891944444444, 51.89780388888889], [7.641940833333333, 51.89774083333333], [7.641947777777777, 51.897730833333334], [7.64211, 51.89751277777778], [7.642543888888889, 51.896935], [7.642642777777778, 51.896811944444444], [7.6425077777777775, 51.89676388888889], [7.642173888888888, 51.896633888888886], [7.6420127777777775, 51.896542777777775], [7.6419749999999995, 51.896501944444445], [7.641903888888889, 51.89638583333333], [7.641886944444444, 51.89624888888889], [7.641923888888888, 51.89615], [7.642099999999999, 51.895895833333334], [7.642381944444444, 51.895537777777776], [7.64246, 51.89545777777778], [7.642253888888888, 51.89539], [7.640748888888888, 51.894953888888885], [7.6398938888888885, 51.89472583333333], [7.638322777777777, 51.89436694444444], [7.637511944444444, 51.8942], [7.636550833333333, 51.894019722222225], [7.636069999999999, 51.89394388888889], [7.634354999999999, 51.89367194444444], [7.633745833333333, 51.893589999999996], [7.633469999999999, 51.89356194444444], [7.633469999999999, 51.89356194444444], [7.63186388888889, 51.89340388888889], [7.631061944444445, 51.89335388888889], [7.630475833333334, 51.89333777777778], [7.629368888888889, 51.893346944444446], [7.629275833333334, 51.89334777777778], [7.62906888888889, 51.89335], [7.628645833333334, 51.89335388888889], [7.627585833333334, 51.89336194444444], [7.627305000000001, 51.893365833333334], [7.627305000000001, 51.893365833333334], [7.626930000000001, 51.893371944444446], [7.626051944444445, 51.89338277777778], [7.625686944444445, 51.893386944444444], [7.625017777777778, 51.89339277777778], [7.624445833333334, 51.89340083333333], [7.624052777777778, 51.89340694444444], [7.623765833333334, 51.89342583333333], [7.623640833333334, 51.89344777777778], [7.623476944444445, 51.893495], [7.623237777777779, 51.893565], [7.623237777777779, 51.893565], [7.622572777777778, 51.89376083333333], [7.622495833333334, 51.89378388888889], [7.622515000000001, 51.89382194444445], [7.622515833333334, 51.893861944444446], [7.622497777777778, 51.89390083333333], [7.62245888888889, 51.89393694444444], [7.6224058333333335, 51.89396388888889], [7.622333888888889, 51.89398], [7.6222327777777785, 51.89397694444445], [7.622176944444445, 51.89396194444444], [7.62212888888889, 51.89393777777778], [7.622090833333334, 51.893905], [7.622005000000001, 51.893926944444445], [7.619888888888889, 51.89454583333333], [7.619280833333334, 51.894715], [7.619067777777778, 51.89476194444445], [7.618792777777778, 51.89480888888889], [7.617345833333334, 51.89503583333333], [7.617231944444445, 51.89505583333333], [7.617240000000001, 51.895092777777776], [7.617230833333334, 51.895136944444445], [7.617201944444445, 51.895177777777775], [7.617155833333334, 51.89521194444444], [7.61710388888889, 51.89523277777778], [7.617045, 51.895245], [7.616983888888889, 51.895247777777776], [7.616922777777778, 51.89524083333333], [7.616866944444445, 51.895224999999996], [7.616818888888889, 51.895200833333334], [7.616781944444445, 51.89517], [7.61676, 51.895133888888886], [7.616752777777778, 51.895095833333336], [7.616760833333334, 51.89505777777778], [7.616785, 51.895022777777776], [7.616821944444445, 51.89499277777778], [7.616720833333334, 51.894936944444446], [7.615945, 51.89447083333333], [7.614483888888889, 51.89359694444445], [7.614231944444444, 51.89344277777778], [7.614082777777777, 51.89335277777778], [7.612807777777777, 51.89258], [7.6127569444444445, 51.89254888888889], [7.611885833333333, 51.89201583333333], [7.611425833333333, 51.891732777777776], [7.610822777777777, 51.891375833333335], [7.609727777777778, 51.89072888888889], [7.60969, 51.890705], [7.6072138888888885, 51.88919694444444], [7.606425833333333, 51.888733888888886], [7.606245833333333, 51.888655], [7.606091944444444, 51.88860277777778], [7.605891944444444, 51.88854583333333], [7.605662777777777, 51.88849777777778], [7.605441944444444, 51.88847], [7.605240833333333, 51.88844777777778], [7.605016944444444, 51.88843583333333], [7.6048438888888885, 51.88843277777778], [7.604580833333333, 51.88844388888889], [7.604078888888888, 51.888495], [7.602891944444444, 51.88864083333333], [7.602891944444444, 51.88864083333333], [7.601845833333333, 51.88876888888889], [7.601333888888888, 51.88883583333333], [7.601210833333333, 51.88885], [7.601212777777778, 51.88889888888889], [7.6011927777777775, 51.88894194444445], [7.601153888888889, 51.888977777777775], [7.6011, 51.889005833333336], [7.601031944444444, 51.889023888888886], [7.600961944444444, 51.88902777777778], [7.600891944444444, 51.88902], [7.600832777777778, 51.889000833333334], [7.600787777777778, 51.888975], [7.600735833333333, 51.88891], [7.600731944444444, 51.88886194444444], [7.600755833333333, 51.88881194444444], [7.600804999999999, 51.88877083333333], [7.600866944444444, 51.88874388888889], [7.600938888888889, 51.88873], [7.600923888888889, 51.88864888888889], [7.600915833333333, 51.88858388888889], [7.6009569444444445, 51.88838888888889], [7.601137777777778, 51.88772], [7.601243888888889, 51.887461944444446], [7.601357777777777, 51.88731888888889], [7.601506944444444, 51.88718194444444], [7.602700833333333, 51.88636888888889], [7.602876944444444, 51.88625388888889], [7.603063888888888, 51.886133888888885], [7.603732777777777, 51.88565083333333], [7.604410833333333, 51.88514277777778], [7.604775, 51.88487], [7.604933888888889, 51.88471], [7.605065, 51.884550833333336], [7.605418888888889, 51.88404694444444], [7.606097777777777, 51.88341694444444], [7.6061749999999995, 51.88330194444445], [7.606204999999999, 51.883105], [7.606201944444444, 51.88298277777778], [7.606147777777777, 51.88285888888889], [7.606012777777777, 51.882886944444444], [7.605185833333333, 51.88310888888889], [7.605185833333333, 51.88310888888889], [7.605181944444444, 51.88311], [7.604821944444444, 51.88320777777778], [7.604320833333333, 51.88334888888889], [7.603472777777777, 51.88358777777778], [7.602188888888889, 51.88413277777778], [7.602024999999999, 51.884186944444444], [7.6018469444444445, 51.884253888888885], [7.601711944444444, 51.884281944444446], [7.601570833333333, 51.884297777777775], [7.600896944444444, 51.88430888888889], [7.600812777777778, 51.88431083333333], [7.5999099999999995, 51.88433388888889], [7.5996999999999995, 51.88442388888889], [7.5996999999999995, 51.88442388888889], [7.599682777777778, 51.88443083333333], [7.5996138888888884, 51.884431944444444], [7.599555833333333, 51.884412777777776], [7.5995027777777775, 51.88435583333333], [7.599508888888889, 51.88425194444444], [7.59964, 51.884254999999996], [7.599759722222222, 51.884302777777776], [7.5999099999999995, 51.88433388888889], [7.600812777777778, 51.88431083333333], [7.600896944444444, 51.88430888888889], [7.601570833333333, 51.884297777777775], [7.601711944444444, 51.884281944444446], [7.6018469444444445, 51.884253888888885], [7.602024999999999, 51.884186944444444], [7.602188888888889, 51.88413277777778], [7.603472777777777, 51.88358777777778], [7.604320833333333, 51.88334888888889], [7.604821944444444, 51.88320777777778], [7.605181944444444, 51.88311], [7.606012777777777, 51.882886944444444], [7.606147777777777, 51.88285888888889], [7.606201944444444, 51.88298277777778], [7.606204999999999, 51.883105], [7.606183888888888, 51.88324083333333], [7.606183888888888, 51.88324083333333], [7.6061749999999995, 51.88330194444445], [7.606097777777777, 51.88341694444444], [7.605418888888889, 51.88404694444444], [7.605065, 51.884550833333336], [7.604933888888889, 51.88471], [7.604775, 51.88487], [7.604410833333333, 51.88514277777778], [7.603732777777777, 51.88565083333333], [7.603063888888888, 51.886133888888885], [7.602876944444444, 51.88625388888889], [7.602700833333333, 51.88636888888889], [7.601506944444444, 51.88718194444444], [7.601357777777777, 51.88731888888889], [7.601243888888889, 51.887461944444446], [7.601137777777778, 51.88772], [7.6009569444444445, 51.88838888888889], [7.600915833333333, 51.88858388888889], [7.600923888888889, 51.88864888888889], [7.600938888888889, 51.88873], [7.60101, 51.888730833333334], [7.601071944444444, 51.88874194444444], [7.601125833333333, 51.88876194444445], [7.601165833333333, 51.88878777777778], [7.601210833333333, 51.88885], [7.601212777777778, 51.88889888888889], [7.6011927777777775, 51.88894194444445], [7.601153888888889, 51.888977777777775], [7.6011, 51.889005833333336], [7.601031944444444, 51.889023888888886], [7.600961944444444, 51.88902777777778], [7.600891944444444, 51.88902], [7.600832777777778, 51.889000833333334], [7.600787777777778, 51.888975], [7.600735833333333, 51.88891], [7.600618888888889, 51.888931944444444], [7.600510833333333, 51.88895194444444], [7.6002849999999995, 51.88901277777778], [7.600127777777778, 51.889067777777775], [7.599993888888888, 51.889125], [7.599696944444444, 51.88928083333333], [7.599106944444444, 51.889630833333335], [7.59844, 51.89001583333333], [7.598206944444444, 51.89013888888889], [7.597762777777778, 51.890326944444446], [7.597525, 51.890410833333334], [7.5970369444444446, 51.89056], [7.596307777777778, 51.89076], [7.595627777777778, 51.89092194444444], [7.595627777777778, 51.89092194444444], [7.595210833333333, 51.891020833333336], [7.595065, 51.891058888888885], [7.595079999999999, 51.891125833333334], [7.595068888888888, 51.89115888888889], [7.595010833333333, 51.891216944444444], [7.594961944444444, 51.891240833333335], [7.594905833333333, 51.891255], [7.594826944444444, 51.891260833333334], [7.594750833333333, 51.89125083333333], [7.594682777777778, 51.89122583333333], [7.594631944444444, 51.89118777777778], [7.594602777777777, 51.89114277777778], [7.594440833333333, 51.89116083333333], [7.59382, 51.891236944444444], [7.592122777777777, 51.89159194444444], [7.591271944444444, 51.891775833333334], [7.587073888888889, 51.892675833333335], [7.586932777777777, 51.892696944444445], [7.586662777777778, 51.892736944444444], [7.586180833333333, 51.89277277777778], [7.585466944444444, 51.892758888888885], [7.585325833333333, 51.892755], [7.585287777777777, 51.89282277777778], [7.585235833333333, 51.89285777777778], [7.58517, 51.89288083333333], [7.5850969444444445, 51.89289], [7.585023888888888, 51.89288583333333], [7.5849577777777775, 51.89286777777778], [7.584912777777777, 51.89284583333333], [7.584863888888888, 51.89279888888889], [7.584845833333333, 51.89275277777778], [7.584851944444444, 51.89270694444444], [7.584880833333333, 51.89266388888889], [7.584933888888888, 51.892625833333334], [7.584846944444444, 51.892559999999996], [7.584325, 51.89219194444444], [7.584238888888889, 51.89214694444444], [7.584116944444444, 51.89208388888889], [7.584116944444444, 51.89208388888889], [7.583843888888889, 51.89194388888889], [7.583066944444444, 51.891600833333335], [7.581595, 51.89098083333333], [7.581475, 51.89093388888889], [7.581388888888888, 51.890976944444446], [7.581322777777777, 51.89099], [7.581255, 51.89099], [7.581180833333333, 51.890975833333336], [7.5811158333333335, 51.890946944444444], [7.5810699999999995, 51.890905833333335], [7.581047777777777, 51.890856944444444], [7.581055, 51.89080694444444], [7.581090833333333, 51.89075888888889], [7.581136944444444, 51.89072777777778], [7.5812019444444445, 51.890705833333335], [7.581275, 51.89069583333333], [7.581351944444444, 51.890701944444444], [7.581423888888889, 51.890722777777775], [7.581494999999999, 51.89064888888889], [7.581586944444444, 51.890545833333334], [7.581645, 51.890453888888885], [7.581692777777778, 51.890367777777776], [7.581725, 51.89027388888889], [7.582131944444444, 51.888527777777774], [7.582165, 51.88838194444445], [7.580979999999999, 51.88824388888889], [7.5805758333333335, 51.888175833333335], [7.5805758333333335, 51.888175833333335], [7.580135833333333, 51.888102777777775], [7.579776944444444, 51.88803083333333], [7.579526944444444, 51.88796277777778], [7.579003888888889, 51.88883888888889], [7.578905, 51.88899277777778], [7.578805, 51.88912], [7.578723888888889, 51.889195], [7.578723888888889, 51.889195], [7.578490833333333, 51.88938], [7.578234999999999, 51.889545], [7.578018888888889, 51.88970777777778], [7.57791, 51.88978], [7.57798, 51.889829999999996], [7.578023888888889, 51.88989], [7.578038888888889, 51.88995583333333], [7.578023888888889, 51.89002083333333], [7.5779749999999995, 51.89008583333333], [7.577895833333333, 51.89013888888889], [7.577795, 51.89017388888889], [7.577680833333333, 51.890187777777776], [7.577565833333333, 51.89018083333333], [7.577447777777778, 51.890146944444446], [7.577355833333333, 51.89009083333333], [7.5773, 51.89001888888889], [7.577285833333333, 51.88994], [7.577316944444444, 51.88986194444444], [7.577388888888889, 51.88979583333333], [7.577492777777778, 51.88974777777778], [7.577426944444444, 51.88966083333333], [7.577282777777778, 51.889427777777776], [7.576715, 51.88858277777778], [7.576405833333333, 51.888122777777774], [7.576208888888889, 51.887906944444445], [7.576010833333333, 51.88772], [7.575993888888888, 51.887706944444446], [7.575875833333333, 51.887613888888886], [7.575706944444444, 51.88750777777778], [7.575165833333333, 51.887205], [7.574285, 51.886718888888886], [7.573727777777777, 51.886403888888886], [7.5723738888888885, 51.88566], [7.572263888888888, 51.885597777777775], [7.571822777777777, 51.88533888888889], [7.571555, 51.88515888888889], [7.571343888888888, 51.88500388888889], [7.571080833333333, 51.884796944444446], [7.5709599999999995, 51.88468694444445], [7.5707627777777775, 51.884478888888886], [7.5707627777777775, 51.884478888888886], [7.570628888888889, 51.88433777777778], [7.5704577777777775, 51.884126944444446], [7.570065, 51.883540833333335], [7.569522777777777, 51.88267388888889], [7.5682688888888885, 51.880672777777775], [7.5677827777777775, 51.879892777777776], [7.566995833333333, 51.87863388888889], [7.566758888888889, 51.87819888888889], [7.566625833333333, 51.87791194444444], [7.566574999999999, 51.877763888888886], [7.566528888888889, 51.87758], [7.566457777777778, 51.87723], [7.5664549999999995, 51.877210833333336], [7.5664549999999995, 51.877210833333336], [7.5664549999999995, 51.87721], [7.566445, 51.877070833333335], [7.566435, 51.876925], [7.566411944444444, 51.876625], [7.566347777777778, 51.87622388888889], [7.56631, 51.87608777777778], [7.566236944444444, 51.87589277777778], [7.566101944444444, 51.87560694444444], [7.565925, 51.875325000000004], [7.56584, 51.87520777777778], [7.565659999999999, 51.875], [7.565470833333333, 51.87480277777778], [7.565253888888889, 51.874611944444446], [7.564956944444444, 51.874386944444446], [7.564597777777777, 51.87415277777778], [7.564117777777778, 51.87388694444444], [7.563612777777777, 51.873650833333336], [7.56295, 51.873377777777776], [7.562627777777777, 51.87326], [7.5623338888888885, 51.873150833333334], [7.562285, 51.873201944444446], [7.562106944444444, 51.87339277777778], [7.56201, 51.87351888888889], [7.561851944444444, 51.87372194444445], [7.561635, 51.87407888888889], [7.561363888888889, 51.87460277777778], [7.56111, 51.87515194444445], [7.560960833333334, 51.87551694444444], [7.560867777777777, 51.875815833333334], [7.560755833333333, 51.87624388888889], [7.560585, 51.87624388888889], [7.5604249999999995, 51.876241944444445], [7.560221944444444, 51.876240833333334], [7.560205, 51.876490000000004], [7.560167777777778, 51.877026944444445], [7.56014, 51.877182777777776], [7.560066944444444, 51.87744583333333], [7.560037777777778, 51.87751083333333], [7.559907777777777, 51.87752777777778], [7.55974, 51.87758]]}}, {"type": "Feature", "properties": {"route_id": "19", "name": "19", "color": "#5C79BB", "label_lon": 7.647311944444444, "label_lat": 51.99289}, "geometry": {"type": "LineString", "coordinates": [[7.6196608333333335, 52.04153888888889], [7.6196769444444445, 52.04155194444444], [7.619702777777778, 52.04158388888889], [7.619705000000001, 52.04163277777778], [7.619675833333334, 52.04166277777777], [7.619626944444445, 52.04168694444444], [7.619521944444445, 52.04170083333333], [7.619427777777778, 52.04170388888889], [7.619400833333334, 52.041797777777774], [7.619291944444445, 52.041995], [7.618923888888889, 52.04244194444444], [7.618668888888889, 52.04267194444444], [7.618557777777778, 52.04273694444444], [7.618495833333334, 52.04275], [7.618410833333334, 52.04275194444444], [7.618320833333334, 52.04273583333333], [7.617888888888889, 52.04261583333333], [7.61745888888889, 52.042496944444444], [7.617055000000001, 52.042384999999996], [7.616718888888889, 52.04229194444444], [7.616345, 52.04218777777778], [7.6159477777777775, 52.04206194444444], [7.613917777777777, 52.041282777777774], [7.613576944444444, 52.041185], [7.613289999999999, 52.04116277777778], [7.613315833333333, 52.041106944444444], [7.61346, 52.04087777777777], [7.613576944444444, 52.040704999999996], [7.613860833333333, 52.04029], [7.6137838888888885, 52.04027194444444], [7.6137838888888885, 52.04027194444444], [7.613860833333333, 52.04029], [7.614108888888889, 52.039921944444444], [7.6143527777777775, 52.03955583333333], [7.614405, 52.03949], [7.614465833333333, 52.03943888888889], [7.614558888888888, 52.03939277777778], [7.614713888888889, 52.03933388888888], [7.615130833333333, 52.03918777777778], [7.6161369444444444, 52.03886277777777], [7.616339999999999, 52.03879583333333], [7.617052777777778, 52.03856], [7.618293888888889, 52.038125], [7.618508888888889, 52.03806888888889], [7.61871, 52.038042777777775], [7.619691944444445, 52.03808194444444], [7.619717777777778, 52.03770194444444], [7.619760833333334, 52.037145833333334], [7.619773888888889, 52.03695], [7.619773888888889, 52.03695], [7.619807777777778, 52.036452777777775], [7.619831944444445, 52.03615583333333], [7.619847777777778, 52.03589888888889], [7.61987388888889, 52.035642777777774], [7.61988, 52.03555194444444], [7.619896944444445, 52.03527583333333], [7.6199038888888895, 52.03516583333333], [7.619906944444445, 52.0351], [7.619917777777778, 52.034903888888884], [7.619940000000001, 52.034555], [7.619942777777778, 52.03449888888888], [7.619960833333334, 52.03418083333333], [7.6199658333333335, 52.03409388888889], [7.619951944444445, 52.033825], [7.619883888888889, 52.033535], [7.619883888888889, 52.033535], [7.619805, 52.033195], [7.6196850000000005, 52.032671944444445], [7.6196527777777785, 52.03252083333333], [7.619677777777778, 52.03239388888889], [7.619706944444445, 52.032332777777775], [7.619745000000001, 52.03228194444444], [7.619827777777778, 52.032201944444445], [7.6198958333333335, 52.03216], [7.61996888888889, 52.03211888888889], [7.620095833333334, 52.03203694444444], [7.6202700000000005, 52.031952777777775], [7.620441944444445, 52.03189888888889], [7.620565, 52.03187583333333], [7.62032, 52.03136583333333], [7.62032, 52.03136583333333], [7.619930833333334, 52.03055888888889], [7.6192777777777785, 52.02916583333333], [7.61895888888889, 52.028395833333335], [7.618726944444445, 52.02780583333333], [7.61832888888889, 52.026558888888886], [7.61832888888889, 52.026558888888886], [7.618272777777778, 52.026382777777776], [7.61826, 52.026335833333334], [7.618035000000001, 52.02552194444444], [7.617208888888889, 52.02200194444444], [7.61673388888889, 52.01993777777778], [7.616345833333333, 52.01826888888889], [7.616192777777777, 52.01761583333333], [7.616010833333333, 52.01682388888889], [7.615765833333333, 52.01576277777778], [7.615568888888888, 52.01490388888889], [7.615512777777777, 52.01467], [7.61532, 52.01385694444444], [7.615237777777778, 52.01343694444444], [7.615122777777778, 52.012746944444444], [7.615086944444444, 52.01219777777778], [7.6150577777777775, 52.01143277777778], [7.615045833333333, 52.011135833333334], [7.614993888888889, 52.00979], [7.614965, 52.00916], [7.614949999999999, 52.008582777777775], [7.614926944444444, 52.00790388888889], [7.6149249999999995, 52.00785], [7.6149249999999995, 52.00785], [7.614912777777778, 52.007577777777776], [7.61491, 52.00748], [7.614842777777778, 52.00578388888889], [7.6148388888888885, 52.00558777777778], [7.614803888888889, 52.004643888888886], [7.614803888888889, 52.00452277777778], [7.614783888888889, 52.00405194444444], [7.614772777777778, 52.00374277777778], [7.614772777777778, 52.00374277777778], [7.6147688888888885, 52.00360777777778], [7.614733888888889, 52.003008888888886], [7.614693888888889, 52.00278083333333], [7.614680833333333, 52.002718888888886], [7.614655833333333, 52.002605], [7.614576944444444, 52.0023], [7.614545, 52.002177777777774], [7.614473888888888, 52.00190083333333], [7.614465, 52.001867777777775], [7.614423888888888, 52.00171777777778], [7.614337777777777, 52.00138], [7.614274999999999, 52.001131944444445], [7.614258888888888, 52.00106777777778], [7.614215, 52.001018888888886], [7.614165, 52.00089083333334], [7.614052777777777, 52.00044388888889], [7.613895833333333, 51.99982583333333], [7.613805833333333, 51.99946694444444], [7.613653888888889, 51.99888583333333], [7.613594166666666, 51.998892222222224], [7.613653888888889, 51.99888583333333], [7.613636944444444, 51.998821944444444], [7.613636944444444, 51.998821944444444], [7.613627777777777, 51.99878777777778], [7.613626944444444, 51.99878277777778], [7.6135230555555555, 51.9987925], [7.613626944444444, 51.99878277777778], [7.613572777777778, 51.99854583333333], [7.613521944444444, 51.99836694444445], [7.613401944444444, 51.99794777777778], [7.613355833333333, 51.99779388888889], [7.6132358333333325, 51.99781], [7.613037777777778, 51.99783194444444], [7.61231, 51.997910833333336], [7.612256944444444, 51.997915], [7.612195833333333, 51.99791888888889], [7.612195833333333, 51.99791888888889], [7.612218888888888, 51.99791777777778], [7.612083888888889, 51.997926944444444], [7.611791944444444, 51.99794194444445], [7.611726944444444, 51.99794083333333], [7.6115949999999994, 51.99794], [7.611120833333333, 51.99790888888889], [7.610550833333333, 51.99785694444444], [7.609948888888889, 51.99778388888889], [7.609254999999999, 51.997685833333335], [7.608313888888889, 51.99751388888889], [7.608313888888889, 51.99751388888889], [7.608156944444444, 51.997485833333336], [7.607850833333333, 51.99742583333333], [7.607615, 51.99737888888889], [7.606896944444444, 51.99724888888889], [7.606485833333333, 51.99719888888889], [7.606065, 51.997165833333334], [7.605865833333333, 51.99715583333334], [7.605840833333333, 51.997155], [7.605580833333333, 51.997146944444445], [7.605496944444444, 51.997146944444445], [7.60518, 51.99714083333333], [7.604550833333333, 51.9971], [7.604197777777777, 51.99707194444444], [7.603741944444444, 51.99704], [7.603493888888888, 51.99702888888889], [7.603205, 51.997012777777776], [7.60267, 51.99697888888889], [7.602383888888888, 51.99696194444444], [7.602321944444444, 51.99696083333333], [7.602321944444444, 51.99696083333333], [7.602095833333333, 51.99695583333333], [7.60199, 51.996955], [7.601299999999999, 51.996925], [7.600314999999999, 51.996935], [7.600266944444444, 51.99693388888889], [7.600167777777777, 51.99693194444445], [7.600147777777777, 51.996986944444444], [7.6000877777777776, 51.99702888888889], [7.6, 51.99704777777778], [7.599934999999999, 51.99704583333333], [7.59988, 51.99703], [7.599833888888889, 51.99700388888889], [7.599796944444444, 51.996942777777775], [7.5998077777777775, 51.996895], [7.599826944444444, 51.99687194444444], [7.599887777777777, 51.996835833333336], [7.599951944444444, 51.99682194444445], [7.599940833333333, 51.996765], [7.599937777777778, 51.99673388888889], [7.599943888888888, 51.99663], [7.599984999999999, 51.99655277777778], [7.600054999999999, 51.996475833333335], [7.600132777777778, 51.99641888888889], [7.600132777777778, 51.99641888888889], [7.600165833333333, 51.996395], [7.600241944444444, 51.99635388888889], [7.600497777777777, 51.996230833333335], [7.600597777777778, 51.99617777777778], [7.601077777777777, 51.99577], [7.601408888888889, 51.995485], [7.601436944444444, 51.99542777777778], [7.601492777777778, 51.99537194444444], [7.601534999999999, 51.995311944444445], [7.601565, 51.99523777777778], [7.601571944444444, 51.99518277777778], [7.6015427777777775, 51.99507777777778], [7.6014969444444445, 51.99505], [7.6014719444444445, 51.99501194444444], [7.601480833333333, 51.994951944444445], [7.601517777777778, 51.99491888888889], [7.601571944444444, 51.99489583333333], [7.601635833333333, 51.99488888888889], [7.601699999999999, 51.99489583333333], [7.601753888888888, 51.99491777777778], [7.601858888888889, 51.99487277777778], [7.60297, 51.994395000000004], [7.603253888888888, 51.99428777777778], [7.6035369444444445, 51.99420194444445], [7.603943888888889, 51.99410694444445], [7.604062777777777, 51.994081944444446], [7.604211944444444, 51.99406388888889], [7.60445, 51.994036944444446], [7.604654999999999, 51.994015], [7.604654999999999, 51.994015], [7.6049549999999995, 51.99398277777778], [7.605463888888888, 51.993935], [7.6056719444444445, 51.99391694444444], [7.605712777777778, 51.99391388888889], [7.607023888888889, 51.993835833333335], [7.607577777777777, 51.99380888888889], [7.607580833333333, 51.99380888888889], [7.6075727777777775, 51.993746111111115], [7.607580833333333, 51.99380888888889], [7.60779, 51.99379777777778], [7.608631944444444, 51.99376277777778], [7.609865833333333, 51.993697777777776], [7.6106227777777775, 51.99362], [7.6106227777777775, 51.99361888888889], [7.6106227777777775, 51.99362], [7.610988888888889, 51.99358083333333], [7.610988888888889, 51.99358083333333], [7.610993888888888, 51.99358083333333], [7.611006944444444, 51.99358], [7.611348888888888, 51.993542777777776], [7.612016944444444, 51.99347083333333], [7.612061944444444, 51.99346694444444], [7.612091944444444, 51.99346388888889], [7.612212777777778, 51.99344888888889], [7.612365833333333, 51.993435], [7.6124769444444444, 51.99342388888889], [7.612573888888889, 51.993415], [7.6133058333333326, 51.993340833333335], [7.613351944444444, 51.99333583333333], [7.613833888888888, 51.99328694444444], [7.613866944444444, 51.99328388888889], [7.6145088888888885, 51.99324583333333], [7.61477, 51.993235], [7.615285833333333, 51.99321194444445], [7.61562, 51.99319388888889], [7.615787777777777, 51.993185833333335], [7.616161944444444, 51.993165], [7.616161944444444, 51.99316694444445], [7.616382777777777, 51.99315583333333], [7.616160833333333, 51.99316694444445], [7.616745000000001, 51.993137777777775], [7.617225, 51.99310388888889], [7.617302777777779, 51.99309888888889], [7.6174558333333335, 51.99308777777778], [7.617811944444445, 51.99307388888889], [7.618368888888889, 51.99306888888889], [7.619611944444445, 51.99315277777778], [7.620015833333333, 51.993205833333334], [7.620015833333333, 51.993205833333334], [7.6201927777777785, 51.993230000000004], [7.620195000000001, 51.993180833333334], [7.6201927777777785, 51.993230000000004], [7.620868888888889, 51.99335888888889], [7.621607777777778, 51.99351583333333], [7.621735, 51.99355083333334], [7.621706944444445, 51.993587777777776], [7.621735, 51.99355083333334], [7.62186888888889, 51.993590833333336], [7.622011944444445, 51.99363388888889], [7.622073888888889, 51.99365], [7.6222488888888895, 51.99368888888889], [7.624677777777778, 51.994121944444444], [7.624831944444445, 51.99416277777778], [7.624987777777778, 51.99423], [7.625821944444445, 51.994615], [7.626227777777778, 51.9948], [7.626750833333333, 51.995040833333334], [7.627110833333334, 51.99520888888889], [7.627843888888889, 51.99554583333333], [7.629120833333334, 51.99613194444444], [7.629312777777778, 51.996201944444444], [7.62947, 51.99624583333333], [7.629526944444445, 51.99624888888889], [7.629590833333334, 51.99624277777778], [7.629706944444445, 51.996205833333335], [7.629821944444445, 51.996155], [7.63026888888889, 51.995892777777776], [7.63050388888889, 51.99577083333333], [7.630662777777778, 51.99572694444444], [7.6317038888888895, 51.99563388888889], [7.6320088888888895, 51.99560888888889], [7.632216944444445, 51.99558277777778], [7.6332619444444445, 51.995422777777776], [7.633920833333333, 51.99532388888889], [7.634700833333333, 51.995205], [7.634700833333333, 51.995205], [7.634913888888889, 51.995171944444444], [7.635242777777777, 51.99512277777778], [7.635690833333332, 51.99505694444444], [7.636330833333333, 51.994965], [7.6367908333333325, 51.99491388888889], [7.637198888888888, 51.99486388888889], [7.637613888888889, 51.99479777777778], [7.637867777777777, 51.994751944444445], [7.638107777777777, 51.99469888888889], [7.638276944444444, 51.99464694444445], [7.6384019444444435, 51.994595000000004], [7.638592777777777, 51.99451694444445], [7.638719999999999, 51.99445194444444], [7.6387777777777774, 51.994416944444446], [7.6387777777777774, 51.994416944444446], [7.639055, 51.994211944444444], [7.639142777777777, 51.99414388888889], [7.639235833333333, 51.99407277777778], [7.639290833333333, 51.99401888888889], [7.639345, 51.99394388888889], [7.639455, 51.99378388888889], [7.639556944444444, 51.99362], [7.639841944444444, 51.993182777777776], [7.639945833333333, 51.99306694444444], [7.640029999999999, 51.99299277777778], [7.640256944444444, 51.99282777777778], [7.640383888888889, 51.992758888888886], [7.640480833333333, 51.99270694444444], [7.640690833333333, 51.99261388888889], [7.641011944444444, 51.992512777777776], [7.6411549999999995, 51.99247888888889], [7.6412169444444435, 51.99246888888889], [7.641495833333333, 51.99243583333333], [7.641686944444444, 51.992421944444445], [7.641864999999999, 51.99241388888889], [7.642148888888888, 51.99241388888889], [7.6422027777777775, 51.992415], [7.642722777777777, 51.992445000000004], [7.643244999999999, 51.99249583333334], [7.643346944444444, 51.99250694444444], [7.643637777777777, 51.99253888888889], [7.643821944444444, 51.99255888888889], [7.643821944444444, 51.99255888888889], [7.6438677777777775, 51.99256388888889], [7.644067777777777, 51.992585], [7.644349999999999, 51.99261583333333], [7.644377777777778, 51.99261888888889], [7.644428888888888, 51.99262388888889], [7.644597777777777, 51.99264388888889], [7.6450177777777775, 51.99269388888889], [7.645619999999999, 51.99274888888889], [7.645879999999999, 51.99277083333333], [7.646937777777778, 51.99286], [7.64718, 51.99288083333333], [7.647311944444444, 51.99289], [7.648036944444444, 51.99293083333333], [7.6480758333333325, 51.99293083333333], [7.6480749999999995, 51.992939166666666], [7.6480758333333325, 51.99293083333333], [7.648332777777777, 51.992937777777776], [7.648576944444444, 51.99294583333334], [7.648840833333333, 51.992955], [7.649228888888889, 51.992980833333334], [7.649228888888889, 51.992980833333334], [7.649245833333333, 51.992981944444445], [7.649883888888889, 51.99301388888889], [7.650586944444445, 51.993035], [7.650695833333334, 51.99304], [7.651088888888889, 51.99305777777778], [7.651331944444445, 51.99307777777778], [7.651690833333333, 51.99313388888889], [7.651930833333334, 51.993195], [7.652108888888889, 51.99325], [7.652382777777778, 51.99335583333333], [7.652596944444444, 51.99346194444445], [7.652795, 51.99358], [7.652922777777778, 51.993676944444445], [7.653152777777778, 51.99391277777778], [7.653313888888889, 51.99413777777778], [7.653367777777778, 51.99425], [7.653367777777778, 51.99425], [7.653376944444445, 51.994276944444444], [7.653440833333334, 51.99451583333333], [7.653452777777778, 51.99478277777778], [7.653447777777778, 51.994866944444446], [7.653440833333334, 51.994971944444444], [7.653431944444445, 51.99511888888889], [7.653503888888889, 51.99546888888889], [7.653583888888889, 51.99562388888889], [7.653675000000001, 51.99574277777778], [7.653805833333334, 51.995845], [7.653928888888889, 51.99592277777778], [7.6540719444444445, 51.99599277777778], [7.654345833333334, 51.99608], [7.654465833333334, 51.996135], [7.654943888888889, 51.9962], [7.6553708333333335, 51.99623388888889], [7.656022777777778, 51.99624277777778], [7.656022777777778, 51.99624277777778], [7.6562608333333335, 51.99623777777778], [7.656592777777778, 51.99621388888889], [7.6567677777777785, 51.99618777777778], [7.656990833333333, 51.996141944444446], [7.657197777777778, 51.99608888888889], [7.658585833333333, 51.995735], [7.658980000000001, 51.995647777777776], [7.659984722222222, 51.99542388888889], [7.660543888888889, 51.995295], [7.66182388888889, 51.99496083333334], [7.662135833333334, 51.99486777777778], [7.662710833333334, 51.99468388888889], [7.662708888888889, 51.994682222222224], [7.662710833333334, 51.99468388888889], [7.663071944444445, 51.994535], [7.663079722222222, 51.99453194444445], [7.663079722222222, 51.99453194444445], [7.6634150000000005, 51.99437], [7.663418055555556, 51.994371666666666], [7.6634150000000005, 51.99437], [7.6636050000000004, 51.99427777777778], [7.663881944444444, 51.99414083333333], [7.664452777777778, 51.99386], [7.664636944444445, 51.99377], [7.664720833333334, 51.99372888888889], [7.6652127777777785, 51.99348888888889], [7.665272777777778, 51.99346083333334], [7.66568, 51.993270833333334], [7.665900833333334, 51.99317083333334], [7.666027777777778, 51.99311388888889], [7.665945833333334, 51.992980833333334], [7.665531944444445, 51.99232777777778], [7.665445, 51.99219277777778], [7.665303888888889, 51.991975000000004], [7.664848888888889, 51.99126888888889], [7.664685833333333, 51.990995], [7.664610833333334, 51.99084194444445], [7.664493888888889, 51.99060388888889], [7.664396944444444, 51.990431944444445], [7.664395000000001, 51.99042777777778], [7.664328888888889, 51.99031083333333], [7.664175833333334, 51.99005777777778], [7.664175833333334, 51.99005777777778], [7.66402888888889, 51.989815], [7.663857777777778, 51.98953083333333], [7.663305, 51.98846388888889], [7.662848888888889, 51.987610833333335], [7.662848888888889, 51.987610833333335], [7.662817777777778, 51.98755194444445], [7.662621944444445, 51.98719083333334], [7.662568888888889, 51.987095000000004], [7.662496944444444, 51.987], [7.662473888888889, 51.98696888888889], [7.662337777777778, 51.98683388888889], [7.662197777777778, 51.98674], [7.6619850000000005, 51.986650000000004], [7.6620388888888895, 51.98659694444444], [7.662135833333334, 51.986486944444444], [7.662267777777778, 51.986385], [7.662371944444445, 51.986330833333334], [7.662543888888889, 51.98626194444444], [7.662543888888889, 51.98626194444444], [7.662803888888889, 51.986197777777775], [7.6635, 51.98605], [7.663747777777778, 51.98600888888889], [7.6639269444444444, 51.986001944444446], [7.6640250000000005, 51.98601194444444], [7.664155, 51.986040833333334], [7.664295833333334, 51.986086944444445], [7.665093888888889, 51.98641194444445], [7.665355833333334, 51.98651388888889], [7.665751944444445, 51.98665694444445], [7.666133888888889, 51.98676888888889], [7.666932777777778, 51.986981944444445], [7.668407777777778, 51.987387777777776], [7.668407777777778, 51.987387777777776], [7.668416944444445, 51.987390833333336], [7.668541944444445, 51.987425], [7.669217777777778, 51.987615], [7.669712777777778, 51.98775194444445], [7.669953888888889, 51.98782], [7.670218888888889, 51.98788888888889], [7.670842777777778, 51.988060000000004], [7.671506944444444, 51.988240833333336], [7.6716669444444445, 51.988275], [7.671935, 51.98830888888889], [7.673907777777778, 51.98846888888889], [7.673907777777778, 51.98846888888889], [7.673912777777778, 51.98847], [7.674525, 51.98851277777778], [7.67485, 51.98852388888889], [7.677172777777778, 51.988440000000004], [7.678675833333334, 51.98838083333334], [7.678675833333334, 51.98838083333334], [7.679098888888889, 51.988365], [7.679340000000001, 51.98834083333333], [7.6796669444444445, 51.988285833333336], [7.679753888888889, 51.98827], [7.6798238888888894, 51.98838083333334], [7.6800338888888895, 51.988637777777775], [7.680240833333333, 51.98885694444444], [7.680892777777778, 51.989466944444445], [7.68113388888889, 51.98968694444444], [7.681351944444445, 51.989855], [7.6816127777777785, 51.99002277777778], [7.682015000000001, 51.99024194444444], [7.68267, 51.990586944444445], [7.683962777777778, 51.99126694444445], [7.684400833333334, 51.99149888888889], [7.6848358333333335, 51.991726944444444], [7.685178888888889, 51.991905], [7.68612, 51.99239888888889], [7.686396944444445, 51.992545], [7.6865177777777784, 51.99260694444445], [7.686557777777778, 51.99262777777778], [7.686557777777778, 51.99262777777778], [7.68686, 51.99278388888889], [7.687045, 51.99288], [7.687176944444444, 51.99295], [7.687377777777778, 51.99305277777778], [7.687441944444445, 51.99308], [7.687565833333333, 51.99300888888889], [7.687898888888889, 51.99281888888889], [7.6883558333333335, 51.99253888888889], [7.688583888888889, 51.99238583333334], [7.689266944444444, 51.99188388888889], [7.690416944444444, 51.99102388888889], [7.6909188888888895, 51.99066583333333], [7.691198888888889, 51.99049083333333], [7.691621944444445, 51.99026277777778], [7.691976944444445, 51.99010083333334], [7.692265, 51.989982777777776], [7.692621944444444, 51.98986583333333], [7.693090000000001, 51.98975083333333], [7.693441944444444, 51.98967583333334], [7.69397, 51.98957277777778], [7.6941088888888896, 51.98954583333333], [7.6952919444444445, 51.98930888888889], [7.696153888888889, 51.98913388888889], [7.696827777777778, 51.98899277777778], [7.697606944444445, 51.988845833333336], [7.6978108333333335, 51.98879888888889], [7.69805, 51.98876583333333], [7.698347777777778, 51.98872388888889], [7.698717777777778, 51.98866888888889], [7.698782777777778, 51.988655], [7.698886944444444, 51.98861388888889], [7.699020833333334, 51.98871888888889], [7.69927, 51.98895777777778], [7.6995538888888895, 51.98920277777778], [7.6995538888888895, 51.98920277777778], [7.699708888888889, 51.989335000000004], [7.699863888888889, 51.98945888888889], [7.700493888888889, 51.989935], [7.700520833333334, 51.989955], [7.701207777777778, 51.99046083333334], [7.701465833333334, 51.99062888888889], [7.7019400000000005, 51.99086694444445], [7.702382777777778, 51.991065], [7.702765833333333, 51.99123888888889], [7.702765833333333, 51.99123888888889], [7.702836944444445, 51.99127083333333], [7.703391944444444, 51.99150388888889], [7.703946944444445, 51.99173888888889], [7.70415, 51.991820833333335], [7.704440833333334, 51.99193277777778], [7.704707777777778, 51.992020000000004], [7.704882777777778, 51.99206777777778], [7.705027777777778, 51.99210388888889], [7.705212777777778, 51.99214388888889], [7.70572, 51.992245833333335], [7.706225833333334, 51.99237388888889], [7.706525, 51.992475], [7.70688, 51.99262], [7.707075833333334, 51.992715833333335], [7.707075833333334, 51.992715833333335], [7.70763, 51.992986944444446], [7.707872777777778, 51.993085], [7.708036944444444, 51.99313888888889], [7.708425833333333, 51.99323694444445], [7.709198888888889, 51.99335388888889], [7.709505, 51.99342083333333], [7.709852777777778, 51.99353194444445], [7.709893888888889, 51.99354777777778], [7.710135, 51.99365388888889], [7.710303888888889, 51.993746944444446], [7.710445, 51.993835000000004], [7.710568888888889, 51.99392777777778], [7.710662777777778, 51.994011944444445], [7.710883888888889, 51.99422388888889], [7.710965833333334, 51.99428888888889], [7.711145833333333, 51.99441388888889], [7.711266944444445, 51.994486944444446], [7.711610833333333, 51.99469777777778], [7.711680833333333, 51.99474277777778], [7.711725, 51.99472083333333], [7.711777777777778, 51.994705833333335], [7.711835, 51.9947], [7.711891944444445, 51.99470388888889], [7.7119800000000005, 51.994730833333335], [7.712032777777778, 51.994770833333334], [7.712055, 51.99481083333333], [7.712055833333333, 51.99485277777778], [7.712035, 51.99489277777778], [7.711995833333334, 51.994926944444444], [7.7120677777777775, 51.99495388888889], [7.712255, 51.995025], [7.713235, 51.99524], [7.713673888888889, 51.995335833333336], [7.713673888888889, 51.995335833333336], [7.714378888888889, 51.99548888888889], [7.714516944444445, 51.995510833333334], [7.714847777777778, 51.995515], [7.714927777777778, 51.99566], [7.715037777777778, 51.99580888888889], [7.715203888888889, 51.99596888888889], [7.715275833333333, 51.99602388888889], [7.7158, 51.996340833333335], [7.715915833333334, 51.99642], [7.716020833333333, 51.99650277777778], [7.716121944444445, 51.99660888888889], [7.716200833333334, 51.99672388888889], [7.7162588888888894, 51.996832777777776], [7.716321944444444, 51.99704694444444], [7.716355, 51.99724777777778], [7.716550833333334, 51.998395], [7.716537777777778, 51.998515], [7.7165019444444445, 51.99863277777778], [7.716388888888889, 51.99897777777778], [7.716388888888889, 51.99897777777778], [7.716386944444444, 51.99913], [7.716413888888889, 51.999226944444445], [7.716451944444445, 51.99930888888889], [7.7165388888888895, 51.99942083333333], [7.716675833333333, 51.99953694444444], [7.716808888888889, 51.99961277777778], [7.716958888888889, 51.99968], [7.717140833333334, 51.99973194444445], [7.7173227777777775, 51.99976888888889], [7.717835833333334, 51.99983], [7.718577777777778, 51.99991777777778], [7.7189169444444445, 51.999965833333334], [7.719206944444444, 52.00004194444445], [7.719388888888889, 52.00010777777778], [7.719636944444445, 52.000235833333335], [7.719818888888889, 52.00036583333333], [7.7209827777777775, 52.00133388888889], [7.721293888888889, 52.001595], [7.721367777777778, 52.001670833333336], [7.721406944444444, 52.00174583333333], [7.721422777777778, 52.00183694444444], [7.7215308333333335, 52.001845833333334], [7.721945, 52.00199583333333], [7.721935, 52.00207388888889], [7.721910833333333, 52.00211777777778], [7.721873888888889, 52.002145], [7.721796944444445, 52.002158888888886], [7.721720833333333, 52.002160833333335], [7.7215469444444444, 52.00215388888889], [7.7215469444444444, 52.00215388888889], [7.721513888888889, 52.00215277777778], [7.7213658333333335, 52.002137777777776], [7.721343888888889, 52.002227777777776], [7.721113888888889, 52.003191944444445], [7.721100833333334, 52.00333], [7.721115833333333, 52.00344777777778], [7.721165833333333, 52.003590833333334], [7.7212250000000004, 52.00369], [7.722278888888889, 52.00490694444444], [7.723325, 52.00608583333333], [7.723846944444444, 52.006703888888886], [7.724968888888889, 52.007985], [7.727268888888889, 52.01060694444445], [7.727330833333333, 52.01065], [7.727418888888889, 52.01067777777778], [7.727506944444444, 52.01067583333333], [7.727612777777778, 52.01065694444444], [7.727821944444445, 52.01058583333333], [7.727821944444445, 52.01058583333333], [7.72818, 52.01044388888889], [7.729137777777778, 52.010021944444446], [7.729401944444445, 52.009885], [7.730710833333333, 52.00911], [7.730917777777778, 52.00898194444444], [7.731320833333333, 52.00871194444444], [7.732913888888889, 52.00756583333333], [7.733881944444445, 52.006858888888885], [7.734697777777778, 52.00626388888889], [7.734873888888889, 52.006125833333336], [7.735022777777778, 52.00597388888889], [7.73513, 52.00582083333333], [7.735228888888889, 52.00559], [7.735268888888889, 52.00543583333334], [7.735492777777778, 52.00425777777778], [7.735553888888889, 52.004109722222225], [7.735636944444445, 52.003995], [7.73575, 52.00388777777778], [7.735865, 52.003812777777775], [7.73601, 52.00374194444444], [7.736195833333333, 52.003681944444445], [7.736823888888889, 52.00353277777778], [7.737047777777778, 52.00346777777778], [7.737165, 52.00342], [7.737315, 52.00334388888889], [7.737456944444444, 52.00324888888889], [7.737653888888889, 52.00308583333333], [7.737653888888889, 52.00308583333333], [7.738465, 52.002415], [7.739482777777778, 52.001575833333334], [7.739655, 52.00149777777778], [7.739707777777777, 52.00148277777778], [7.739798888888889, 52.001462777777775], [7.740025833333333, 52.001442777777775], [7.74099, 52.001435], [7.742371944444445, 52.00143277777778], [7.743925, 52.001420833333334], [7.744165833333334, 52.00141083333333], [7.744375, 52.00139583333333], [7.744861944444445, 52.00134], [7.744933888888889, 52.001330833333334], [7.74524, 52.00129277777778], [7.746067777777778, 52.00118694444444], [7.7466277777777774, 52.00111583333333], [7.746822777777778, 52.00109277777778], [7.747468888888889, 52.000992777777775], [7.747690833333333, 52.000955833333336], [7.74841, 52.000839722222224], [7.748733888888889, 52.00078694444444], [7.749436944444445, 52.000661944444445], [7.749696944444445, 52.00061888888889], [7.750020833333333, 52.000566944444444], [7.750592777777777, 52.00045], [7.750797777777778, 52.00039388888889], [7.750931944444445, 52.000345833333334], [7.750726944444445, 52.000186944444444], [7.750623888888889, 52.000105833333336]]}}, {"type": "Feature", "properties": {"route_id": "20", "name": "20", "color": "#9B368B", "label_lon": 7.539501944444444, "label_lat": 51.95544888888889}, "geometry": {"type": "LineString", "coordinates": [[7.5273827777777775, 51.91465777777778], [7.527422777777778, 51.914680833333335], [7.527441944444444, 51.91470777777778], [7.5274358333333335, 51.91478583333333], [7.527402777777778, 51.91481472222222], [7.527350833333333, 51.91482694444444], [7.527261944444445, 51.91482277777778], [7.527150833333334, 51.91480388888889], [7.527148611111111, 51.9148075], [7.527150833333334, 51.91480388888889], [7.526776944444444, 51.91474], [7.526665833333333, 51.91470972222222], [7.526563888888889, 51.914653888888886], [7.526447777777777, 51.91471694444444], [7.5262649999999995, 51.91480583333333], [7.526035833333333, 51.914946944444445], [7.52587, 51.91507083333333], [7.52573, 51.915213888888886], [7.5256388888888885, 51.915325833333334], [7.52562, 51.91535472222222], [7.52546, 51.915615833333334], [7.525305833333333, 51.915887777777776], [7.525285833333333, 51.915928888888885], [7.525175833333333, 51.91618277777778], [7.525162777777778, 51.91621694444444], [7.525092777777778, 51.916419999999995], [7.525092777777778, 51.916419999999995], [7.525063888888889, 51.9165], [7.525032777777778, 51.91661083333333], [7.52513, 51.91664083333333], [7.526088888888889, 51.91683388888889], [7.526463888888888, 51.916909999999994], [7.526991944444444, 51.91701777777777], [7.527821944444445, 51.91718972222222], [7.528401944444444, 51.91730472222222], [7.528485833333333, 51.91732472222222], [7.528458888888889, 51.917379999999994], [7.528341944444445, 51.91761888888889], [7.528341944444445, 51.91761888888889], [7.5283, 51.91770583333333], [7.528256944444444, 51.91779388888889], [7.528256944444444, 51.91779416666667], [7.528256944444444, 51.91779388888889], [7.528145, 51.918028888888884], [7.527935, 51.91846777777778], [7.527595, 51.919263888888885], [7.527549722222222, 51.91936777777777], [7.527402777777778, 51.91977694444444], [7.52727, 51.92019194444444], [7.527263888888889, 51.92021194444444], [7.52724, 51.92030083333333], [7.527200833333334, 51.920445], [7.527158888888889, 51.92060194444444], [7.527158888888889, 51.92060194444444], [7.527105, 51.920803888888884], [7.526928888888889, 51.92159888888889], [7.526833888888889, 51.92213888888889], [7.526735833333333, 51.92265694444444], [7.526721944444445, 51.922753888888884], [7.526705833333334, 51.92285694444444], [7.526684722222222, 51.923022777777774], [7.526676944444445, 51.923109999999994], [7.526676944444445, 51.923109999999994], [7.526662777777778, 51.923243888888884], [7.526606944444445, 51.92377277777778], [7.526583888888889, 51.92400972222222], [7.526590833333334, 51.92413277777778], [7.526641944444444, 51.92428972222222], [7.52671, 51.92440972222222], [7.526767777777778, 51.924485], [7.526915833333334, 51.92463583333333], [7.527063888888889, 51.92473888888889], [7.527219722222222, 51.92484777777778], [7.527378888888888, 51.92500277777778], [7.527465, 51.92514388888889], [7.527507777777778, 51.92526194444444], [7.527535, 51.925688888888885], [7.527558888888889, 51.926357777777774], [7.527558888888889, 51.926357777777774], [7.527566944444445, 51.926579999999994], [7.527570833333333, 51.92667083333333], [7.527588888888888, 51.92703083333333], [7.527613888888889, 51.92720583333333], [7.527680833333333, 51.92744472222222], [7.527853888888889, 51.92795472222222], [7.528010833333333, 51.92839194444444], [7.528206944444444, 51.92894083333333], [7.528456944444445, 51.92965888888889], [7.528543888888889, 51.929918888888885], [7.528591944444444, 51.930121944444444], [7.528613888888889, 51.930395], [7.528600833333333, 51.93061194444444], [7.528560833333334, 51.930836944444444], [7.528370833333334, 51.93172777777777], [7.527980833333333, 51.933474999999994], [7.527573888888889, 51.935312777777774], [7.526985, 51.93793694444444], [7.526755, 51.93872083333333], [7.526698888888889, 51.93897277777778], [7.526686944444444, 51.939159999999994], [7.526691944444444, 51.939344999999996], [7.52671, 51.939499999999995], [7.526758888888889, 51.93967083333333], [7.526839722222222, 51.93988777777778], [7.5272419444444445, 51.94057583333333], [7.527358888888889, 51.94080388888889], [7.527438888888889, 51.94102083333333], [7.527482777777777, 51.941199999999995], [7.527510833333333, 51.94140583333333], [7.527511944444444, 51.941517777777776], [7.527490833333333, 51.94176083333333], [7.527427777777778, 51.94204499999999], [7.527305833333333, 51.94233], [7.527053888888889, 51.94278194444444], [7.526968888888889, 51.942971944444444], [7.52683, 51.94351083333333], [7.526806944444444, 51.943605], [7.526740833333333, 51.94389083333333], [7.526597777777778, 51.94454277777778], [7.526385, 51.94551583333333], [7.526322777777778, 51.945715], [7.526242777777778, 51.94586888888889], [7.526192777777777, 51.94594], [7.526130833333333, 51.94601083333333], [7.526066944444445, 51.94607277777777], [7.525718888888889, 51.94633777777778], [7.52567, 51.94639583333333], [7.525640833333333, 51.946479999999994], [7.525637777777778, 51.946553888888886], [7.525658888888889, 51.94662388888889], [7.525726944444444, 51.94671888888889], [7.52585, 51.94667777777777], [7.526144722222222, 51.946553888888886], [7.5263108333333335, 51.946524999999994], [7.526297777777778, 51.94649194444444], [7.5263108333333335, 51.946437777777774], [7.526362777777778, 51.94638888888888], [7.526643888888889, 51.946214999999995], [7.526643888888889, 51.946214999999995], [7.526362777777778, 51.94638888888888], [7.5263108333333335, 51.946437777777774], [7.526297777777778, 51.94649194444444], [7.5263108333333335, 51.946524999999994], [7.526144722222222, 51.946553888888886], [7.52585, 51.94667777777777], [7.525726944444444, 51.94671888888889], [7.52579, 51.946794999999995], [7.526328888888889, 51.947313888888885], [7.527086944444444, 51.94804583333333], [7.527647777777778, 51.948613888888886], [7.527647777777778, 51.948613888888886], [7.527862777777778, 51.94883194444444], [7.528030833333333, 51.949012777777774], [7.528418888888889, 51.94938277777777], [7.5284458333333335, 51.94941083333333], [7.52881, 51.949777777777776], [7.529076944444444, 51.95004194444445], [7.529375833333333, 51.95033777777778], [7.5296569444444446, 51.95062583333333], [7.530316944444444, 51.95128777777778], [7.5307699999999995, 51.95174194444445], [7.5307699999999995, 51.95174194444445], [7.530930833333334, 51.95190277777778], [7.531070833333334, 51.95205277777778], [7.531201944444445, 51.95219277777778], [7.531331944444444, 51.95234777777778], [7.531396944444444, 51.952425000000005], [7.531662777777778, 51.95270694444445], [7.531711944444444, 51.95277], [7.531753888888889, 51.952823888888894], [7.532003888888889, 51.95315083333334], [7.532110833333333, 51.953325], [7.53233, 51.95373388888889], [7.532406944444444, 51.95397777777778], [7.532444722222222, 51.95412277777778], [7.532465, 51.95424083333334], [7.532440833333333, 51.954825], [7.532400833333333, 51.95507888888889], [7.532400833333333, 51.95507888888889], [7.53239, 51.95514888888889], [7.532300833333333, 51.95558583333334], [7.532876944444444, 51.955600000000004], [7.533415, 51.95560888888889], [7.53352, 51.95561083333334], [7.533622777777778, 51.955595], [7.53372, 51.955565], [7.533830833333333, 51.95548], [7.533995, 51.95531277777778], [7.534173888888889, 51.955065000000005], [7.534305, 51.954825], [7.534347777777778, 51.95473777777778], [7.534381944444444, 51.954705833333335], [7.534468888888889, 51.95464694444445], [7.534557777777778, 51.95460888888889], [7.534756944444444, 51.95456194444445], [7.53498, 51.954525833333335], [7.535331944444445, 51.954484722222226], [7.535677777777778, 51.954483888888895], [7.535907777777778, 51.954505000000005], [7.5362358333333335, 51.954573888888895], [7.53628, 51.95458583333333], [7.53628, 51.95458583333333], [7.536778888888889, 51.95472194444445], [7.537102777777777, 51.95481083333333], [7.537143888888889, 51.95482194444445], [7.537218888888889, 51.954840833333336], [7.537765833333333, 51.954985], [7.537975833333333, 51.955040000000004], [7.538461944444444, 51.95516777777778], [7.538921944444445, 51.95528388888889], [7.539191944444444, 51.95535777777778], [7.53935, 51.95541], [7.539501944444444, 51.95544888888889], [7.53965, 51.95547194444445], [7.5399199999999995, 51.955485], [7.540202777777778, 51.95547694444445], [7.540360833333334, 51.95545888888889], [7.540830833333334, 51.955355833333336], [7.540931944444444, 51.955331944444445], [7.54097, 51.95532277777778], [7.541301944444444, 51.955243888888894], [7.541301944444444, 51.955243888888894], [7.541353888888889, 51.95523194444445], [7.541491944444444, 51.955200000000005], [7.541692777777778, 51.955150833333335], [7.541693333333333, 51.955152222222225], [7.541692777777778, 51.955150833333335], [7.541695, 51.955150833333335], [7.541933888888889, 51.95509194444445], [7.544170833333333, 51.95455194444445], [7.546413888888889, 51.95401777777778], [7.547602777777778, 51.95373194444445], [7.5496558333333335, 51.95324], [7.550731944444444, 51.952981944444446], [7.5516169444444445, 51.952781944444446], [7.551793888888889, 51.95275083333333], [7.551793888888889, 51.95275083333333], [7.551983888888889, 51.95271694444445], [7.55236, 51.952665], [7.552691944444445, 51.95263583333334], [7.553020833333333, 51.95261888888889], [7.553005, 51.95249388888889], [7.5530438888888884, 51.95241388888889], [7.553135, 51.95232], [7.5531999999999995, 51.952265833333335], [7.553378888888889, 51.952176944444446], [7.553642777777777, 51.952065000000005], [7.554025, 51.95194777777778], [7.5542, 51.951880833333334], [7.5544199999999995, 51.95176194444445], [7.556605, 51.950452777777784], [7.557040833333333, 51.950181944444445], [7.557040833333333, 51.950181944444445], [7.557281944444444, 51.95003194444445], [7.5586649999999995, 51.94912583333333], [7.558712777777777, 51.949095], [7.55874, 51.949077777777774], [7.559066944444444, 51.94887388888888], [7.559453888888889, 51.94865194444444], [7.560655, 51.94803694444444], [7.561050833333333, 51.94781194444444], [7.561095833333333, 51.94778583333333], [7.561095833333333, 51.94778583333333], [7.561160833333333, 51.94774777777778], [7.561862777777778, 51.94728583333333], [7.562206944444444, 51.947043888888885], [7.562501944444445, 51.946819999999995], [7.562665, 51.94667777777777], [7.562828888888888, 51.94649777777777], [7.563018888888888, 51.94622277777778], [7.563251944444445, 51.945854999999995], [7.563295833333333, 51.94579083333333], [7.563665833333333, 51.94522], [7.563815833333333, 51.945007777777775], [7.563933888888888, 51.94486583333333], [7.56406, 51.944738888888885], [7.564380833333333, 51.944467777777774], [7.564578888888889, 51.944332777777774], [7.56475, 51.94423388888889], [7.565275, 51.944003888888886], [7.567362777777777, 51.943084999999996], [7.567687777777778, 51.942952777777776], [7.5681288888888885, 51.94277388888889], [7.569178888888889, 51.942317777777774], [7.569185833333333, 51.942314999999994], [7.570008888888888, 51.94190194444444], [7.5708408333333335, 51.94143694444444], [7.571101944444444, 51.941275], [7.571101944444444, 51.941275], [7.571305833333333, 51.94114777777777], [7.571510833333333, 51.94099583333333], [7.571758888888889, 51.940778888888886], [7.571913888888889, 51.94056277777777], [7.572182777777778, 51.940149999999996], [7.572912777777778, 51.939007777777775], [7.573357777777778, 51.93839277777777], [7.573653888888889, 51.938003888888886], [7.574126944444444, 51.93738583333333], [7.574126944444444, 51.93738583333333], [7.574306944444444, 51.93715083333333], [7.574387777777778, 51.93704694444444], [7.574716944444444, 51.936612777777775], [7.5747969444444445, 51.93652583333333], [7.5748919444444445, 51.93644777777777], [7.575019999999999, 51.93636083333333], [7.575147777777778, 51.93628694444444], [7.57527, 51.93623583333333], [7.576401944444444, 51.93581083333333], [7.578013888888889, 51.93521277777777], [7.57832, 51.93503], [7.578463888888889, 51.93488583333333], [7.578635833333333, 51.93470583333333], [7.578795833333333, 51.934486944444444], [7.578868888888889, 51.93436083333333], [7.578920833333333, 51.93425694444444], [7.579151944444444, 51.93381083333333], [7.579151944444444, 51.93381083333333], [7.579261944444444, 51.93359888888889], [7.579343888888888, 51.93344194444444], [7.579407777777778, 51.93326888888889], [7.579445833333333, 51.933168888888886], [7.579588888888889, 51.93262583333333], [7.57961, 51.932545], [7.57968, 51.93228194444444], [7.579725, 51.93216777777778], [7.579727777777777, 51.932159999999996], [7.579871944444444, 51.931869999999996], [7.580100833333333, 51.93152083333333], [7.580226944444444, 51.93131388888889], [7.580277777777778, 51.93123194444444], [7.5803827777777775, 51.93107083333333], [7.580455833333333, 51.930952777777776], [7.580630833333333, 51.93068777777778], [7.580630833333333, 51.93068777777778], [7.580741944444444, 51.930518888888884], [7.58097, 51.93017], [7.581060833333333, 51.93002694444444], [7.581256944444444, 51.929717777777775], [7.581421944444444, 51.929468888888884], [7.581492777777777, 51.929382777777775], [7.581478055555555, 51.92937833333333], [7.581492777777777, 51.929382777777775], [7.581575, 51.929285], [7.58171, 51.92916583333333], [7.581978888888889, 51.92897694444444], [7.582471944444444, 51.928642777777775], [7.582633888888888, 51.928533888888886], [7.5827808333333335, 51.928420833333334], [7.5828838888888885, 51.92831694444444], [7.582965, 51.928217777777775], [7.582967777777777, 51.928218055555554], [7.582965, 51.928217777777775], [7.583020833333333, 51.92812194444444], [7.58311, 51.92791194444444], [7.583285, 51.92751277777778], [7.583321944444444, 51.92742388888889], [7.583338888888888, 51.92737694444444], [7.583403888888888, 51.927212777777775], [7.583426944444444, 51.927216666666666], [7.583403888888888, 51.927212777777775], [7.583530833333333, 51.926897777777775], [7.583583888888889, 51.926807777777775], [7.583685833333333, 51.926713888888884], [7.583708888888888, 51.926721944444445], [7.583707777777778, 51.92672222222222], [7.583708888888888, 51.926721944444445], [7.583685833333333, 51.926713888888884], [7.58338, 51.926615], [7.583045833333333, 51.926505], [7.583045833333333, 51.926505], [7.582522777777777, 51.92633277777777], [7.582347777777778, 51.92627472222222], [7.582123888888889, 51.926203888888885], [7.5819608333333335, 51.92615083333333], [7.581732777777778, 51.92607694444444], [7.581494999999999, 51.925995], [7.581111944444444, 51.92585388888889], [7.580927777777777, 51.92578583333333], [7.580658888888888, 51.925691944444445], [7.580075833333333, 51.92549888888889], [7.579821944444444, 51.92542472222222], [7.579530833333333, 51.92534694444444], [7.579417777777778, 51.92532083333333], [7.5794175, 51.9253225], [7.579417777777778, 51.92532083333333], [7.579291944444444, 51.92529194444444], [7.579061944444444, 51.925237777777774], [7.578751944444444, 51.92518388888889], [7.578751944444444, 51.92518388888889], [7.578377777777778, 51.925130833333334], [7.578261944444444, 51.92511888888889], [7.578042777777777, 51.92509694444444], [7.577665, 51.92507194444444], [7.576895833333333, 51.92505083333333], [7.576765833333333, 51.92504777777778], [7.576687777777778, 51.92504694444444], [7.576532777777778, 51.92504583333333], [7.576423888888889, 51.92504388888889], [7.575895833333333, 51.925037777777774], [7.574693888888889, 51.92500777777777], [7.574253888888888, 51.924997777777776], [7.573270833333333, 51.924971944444444], [7.573270833333333, 51.924971944444444], [7.573171944444444, 51.924968888888884], [7.572932777777778, 51.92496388888889], [7.572926944444444, 51.925038888888885], [7.5729058333333334, 51.92538972222222], [7.57288, 51.925885], [7.572865833333333, 51.92618694444444], [7.57285, 51.926473888888886], [7.572830833333333, 51.92675694444444], [7.572776944444445, 51.92704388888889], [7.572667777777777, 51.92739694444444], [7.572472777777778, 51.92778277777778], [7.572386944444444, 51.92791972222222], [7.572386944444444, 51.92791972222222], [7.572300833333333, 51.92805583333333], [7.572135833333333, 51.92824583333333], [7.571835833333333, 51.928552777777774], [7.5716077777777775, 51.92877194444444], [7.571221944444444, 51.92908194444444], [7.5710677777777775, 51.92921694444444], [7.571057777777778, 51.929272777777776], [7.571081944444444, 51.929476944444446], [7.571080833333333, 51.929489999999994]]}}, {"type": "Feature", "properties": {"route_id": "33", "name": "33", "color": "#F5B5D2", "label_lon": 7.6190427777777785, "label_lat": 51.97460388888889}, "geometry": {"type": "LineString", "coordinates": [[7.6281227777777785, 51.95502194444445], [7.628703888888889, 51.95483083333334], [7.629067777777778, 51.954705833333335], [7.629207777777778, 51.954660000000004], [7.6293427777777785, 51.954610833333334], [7.629395833333334, 51.95459277777778], [7.629783888888889, 51.954458888888894], [7.629842777777778, 51.954437777777784], [7.629861944444445, 51.954431944444444], [7.629977777777778, 51.954391944444446], [7.63015388888889, 51.95433194444445], [7.630552777777778, 51.95421694444445], [7.630868888888889, 51.95412777777778], [7.631065, 51.95407277777778], [7.631251944444445, 51.95402], [7.631307777777779, 51.95410694444445], [7.6314, 51.954211944444445], [7.631716944444445, 51.95458277777778], [7.631985, 51.954890000000006], [7.632665833333334, 51.95570083333334], [7.632750833333334, 51.95577194444445], [7.632892777777778, 51.95576694444445], [7.632980000000001, 51.955828888888895], [7.6334358333333325, 51.95615388888889], [7.633509999999999, 51.956205833333335], [7.633717777777777, 51.95628583333334], [7.634112777777777, 51.95661694444445], [7.634161944444444, 51.95665777777778], [7.6342638888888885, 51.956787777777784], [7.634291944444444, 51.95682777777778], [7.634298888888888, 51.95683694444445], [7.6342638888888885, 51.95700388888889], [7.63437, 51.957195000000006], [7.634442777777777, 51.95737277777778], [7.634536944444444, 51.95735583333334], [7.634696944444444, 51.95784777777778], [7.634740833333333, 51.95805583333333], [7.634672777777777, 51.958195], [7.634711944444444, 51.958331944444446], [7.63491, 51.95899277777778], [7.634987777777777, 51.959270000000004], [7.635061944444444, 51.95935777777778], [7.635128888888889, 51.959401944444444], [7.6352038888888885, 51.95944083333334], [7.635320833333333, 51.95946777777778], [7.635705, 51.95948083333334], [7.636125833333333, 51.95932194444445], [7.6362588888888885, 51.959273888888895], [7.636321944444444, 51.959250833333336], [7.636897777777778, 51.95904194444445], [7.63707, 51.958975], [7.637178888888888, 51.958931944444444], [7.637575833333333, 51.95876888888889], [7.637628888888888, 51.95874888888889], [7.6379938888888885, 51.958605000000006], [7.638059999999999, 51.95857777777778], [7.6382127777777775, 51.958515000000006], [7.638326944444444, 51.958467777777784], [7.638452777777777, 51.958416944444444], [7.638996944444444, 51.958180000000006], [7.639094999999999, 51.958133888888895], [7.639349999999999, 51.95800694444445], [7.639393888888889, 51.95798583333334], [7.639803888888888, 51.95777888888889], [7.640402777777777, 51.95748583333334], [7.640563888888888, 51.95740888888889], [7.640689999999999, 51.95735194444445], [7.640946944444444, 51.957233888888894], [7.641473888888888, 51.95700388888889], [7.641484999999999, 51.957], [7.641525833333333, 51.95698277777778], [7.641945833333333, 51.956815000000006], [7.642075833333333, 51.956765833333336], [7.642582777777777, 51.956575], [7.642805833333333, 51.95649277777778], [7.643443888888888, 51.956254722222226], [7.643443888888888, 51.956254722222226], [7.643457777777777, 51.956248888888894], [7.643582777777778, 51.956201944444445], [7.643645833333333, 51.95617694444445], [7.644756944444444, 51.95576888888889], [7.644935833333333, 51.955710833333335], [7.645115, 51.95565777777778], [7.645415, 51.955575], [7.64565, 51.95552194444445], [7.645752777777777, 51.95549694444445], [7.645745, 51.95550583333333], [7.645752777777777, 51.95549694444445], [7.645810833333333, 51.955565], [7.646210833333333, 51.956055000000006], [7.646367777777777, 51.95626583333333], [7.646493888888888, 51.956505], [7.646493888888888, 51.956505], [7.646537777777778, 51.956586944444446], [7.646613888888888, 51.95674], [7.646615, 51.95674], [7.646613888888888, 51.95674], [7.646728888888888, 51.956967777777784], [7.646742777777777, 51.95699277777778], [7.646741944444444, 51.95699277777778], [7.646742777777777, 51.95699277777778], [7.646741944444444, 51.95699277777778], [7.646742777777777, 51.95699277777778], [7.646760833333333, 51.95702583333333], [7.647108888888888, 51.95768777777778], [7.647138888888889, 51.957746944444445], [7.6471438888888885, 51.95775583333334], [7.647279999999999, 51.95801777777778], [7.647315833333333, 51.95825583333334], [7.647360833333333, 51.95863], [7.647381944444444, 51.95888388888889], [7.647385, 51.95892583333334], [7.647385833333333, 51.958936944444446], [7.647391944444444, 51.95901388888889], [7.647399999999999, 51.95908694444445], [7.647456944444444, 51.95947777777778], [7.647466944444444, 51.95958277777778], [7.647531944444444, 51.95977777777778], [7.647536944444444, 51.95983583333334], [7.647503888888888, 51.959915], [7.647513888888889, 51.96001777777778], [7.647525, 51.960120833333335], [7.6475349999999995, 51.96022694444445], [7.647570833333333, 51.96058083333334], [7.647570833333333, 51.96058083333334], [7.647571944444444, 51.96058694444445], [7.647581944444444, 51.96069388888889], [7.6475977777777775, 51.96097], [7.647592777777778, 51.961125], [7.647591944444444, 51.96116694444445], [7.647595833333333, 51.96130277777778], [7.647516944444444, 51.96196194444445], [7.647476944444444, 51.96228], [7.647446944444444, 51.962518888888894], [7.647433888888888, 51.96262388888889], [7.647256944444444, 51.96309083333334], [7.647241944444444, 51.96313083333334], [7.647223888888888, 51.963175], [7.647046944444444, 51.96362583333334], [7.6470038888888885, 51.963706944444446], [7.646979999999999, 51.96380388888889], [7.646947777777777, 51.96393777777778], [7.646866944444444, 51.96421], [7.646806944444444, 51.964310833333336], [7.646753888888888, 51.96450888888889], [7.646753888888888, 51.96450888888889], [7.646695833333333, 51.96472083333334], [7.6466577777777776, 51.96486194444445], [7.64643, 51.96571388888889], [7.646335833333333, 51.96597388888889], [7.646300833333333, 51.966055833333336], [7.6462827777777775, 51.96609777777778], [7.646131944444444, 51.966438888888895], [7.646013888888889, 51.96676083333333], [7.646013888888889, 51.96676083333333], [7.645936944444444, 51.966971944444445], [7.645695833333333, 51.96756], [7.645671944444444, 51.96761388888889], [7.645632777777777, 51.96769694444445], [7.645589999999999, 51.96779], [7.645483888888888, 51.96796194444445], [7.645447777777777, 51.96801194444445], [7.645445833333333, 51.96801083333334], [7.645447777777777, 51.96801194444445], [7.645278888888888, 51.96823888888889], [7.645086944444444, 51.96843277777778], [7.644855, 51.96861388888889], [7.644570833333333, 51.96881388888889], [7.644330833333333, 51.96895194444445], [7.643716944444444, 51.969315], [7.643681944444444, 51.96933694444444], [7.643521944444444, 51.969435833333335], [7.643420833333333, 51.969501944444445], [7.6426108333333325, 51.97003194444444], [7.641965, 51.97049777777778], [7.641455, 51.97085694444445], [7.641455, 51.97085694444445], [7.641436944444444, 51.970868888888894], [7.641166944444444, 51.97104888888889], [7.641156944444444, 51.97105388888889], [7.640904999999999, 51.97119083333334], [7.640832777777777, 51.97123083333334], [7.640702777777777, 51.97130194444445], [7.640554999999999, 51.97138277777778], [7.640460833333333, 51.97142], [7.64044, 51.97142777777778], [7.640001944444444, 51.97158777777778], [7.639295, 51.97179388888889], [7.638475833333333, 51.97200777777778], [7.63824, 51.97206888888889], [7.638165, 51.97208888888889], [7.637756944444444, 51.972195], [7.637113888888888, 51.97236083333333], [7.636638888888888, 51.97247083333333], [7.6366411111111105, 51.97247416666667], [7.636638888888888, 51.97247083333333], [7.6365719444444435, 51.97248583333334], [7.636490833333333, 51.972504722222226], [7.636487777777777, 51.972504722222226], [7.636370833333332, 51.97253194444445], [7.636228888888889, 51.97256083333333], [7.636136944444444, 51.97257694444445], [7.635791944444444, 51.97263888888889], [7.635236944444444, 51.97273], [7.635236944444444, 51.97273], [7.635167777777777, 51.97274083333333], [7.634824999999999, 51.97279694444445], [7.634570833333333, 51.97283777777778], [7.634399999999999, 51.97286583333334], [7.633757777777777, 51.972971944444446], [7.633306944444445, 51.97304583333334], [7.633216944444445, 51.973060833333335], [7.633008888888889, 51.973095], [7.632855, 51.97311888888889], [7.632743888888889, 51.97314083333333], [7.632370833333334, 51.973215], [7.631713888888889, 51.973346944444444], [7.630535, 51.973605], [7.63006, 51.97370888888889], [7.629357777777778, 51.97387277777778], [7.629252777777778, 51.97389694444445], [7.629015833333334, 51.97395277777778], [7.628685000000001, 51.974021944444445], [7.627705833333334, 51.97422277777778], [7.627401944444445, 51.974286944444444], [7.627401944444445, 51.974286944444444], [7.627281944444445, 51.974311944444445], [7.627015, 51.97436777777778], [7.626743888888889, 51.97441694444445], [7.626413888888889, 51.974465], [7.6255177777777785, 51.974585000000005], [7.625295833333333, 51.97461083333334], [7.6250800000000005, 51.97463583333334], [7.624917777777778, 51.974654722222226], [7.624151944444445, 51.97472888888889], [7.623690000000001, 51.97474888888889], [7.623616944444445, 51.97475194444445], [7.623568888888889, 51.97475388888889], [7.623475833333334, 51.97475583333333], [7.623215, 51.97475777777778], [7.6226650000000005, 51.97472777777778], [7.622315833333333, 51.974716944444445], [7.62231388888889, 51.974716944444445], [7.62231388888889, 51.974716944444445], [7.622081944444445, 51.97470777777778], [7.621966944444445, 51.97470388888889], [7.620955833333333, 51.974670833333334], [7.620617777777778, 51.97465972222222], [7.61981, 51.97463583333334], [7.6190427777777785, 51.97460388888889], [7.61892, 51.97459777777778], [7.618682777777778, 51.97458694444445], [7.6169400000000005, 51.97450194444445], [7.6169400000000005, 51.97450194444445], [7.616815000000001, 51.974495833333336], [7.6165119444444445, 51.97448083333334], [7.616238888888889, 51.974470000000004], [7.615640833333333, 51.974446944444445], [7.615349999999999, 51.97443583333334], [7.615090833333333, 51.974425833333335], [7.614065833333333, 51.97438694444445], [7.613646944444444, 51.97437277777778], [7.613641944444444, 51.97437194444445], [7.6135327777777775, 51.97436888888889], [7.6134619444444445, 51.97436694444445], [7.613070833333333, 51.974360833333336], [7.613070833333333, 51.974360833333336], [7.61295, 51.974358888888894], [7.612761944444444, 51.974355], [7.612604999999999, 51.97435277777778], [7.6125469444444445, 51.97435083333333], [7.612431944444444, 51.97434888888889], [7.61226, 51.974345], [7.612118888888888, 51.97434194444445], [7.612055, 51.974340000000005], [7.611658888888889, 51.97432583333334], [7.610941944444444, 51.97430083333334], [7.610325833333333, 51.97427694444445], [7.610063888888889, 51.974266944444445], [7.609938888888888, 51.974265], [7.609665833333333, 51.97424277777778], [7.609547777777777, 51.97423583333334], [7.609467777777778, 51.97423], [7.609415833333333, 51.974225833333335], [7.609317777777777, 51.97422], [7.6091669444444445, 51.97420777777778], [7.609076944444444, 51.974200833333335], [7.609007777777777, 51.974195], [7.608779999999999, 51.97417194444445], [7.608708888888889, 51.97416388888889], [7.608386944444444, 51.97412194444445], [7.608316944444444, 51.974110833333334], [7.608245833333333, 51.9741], [7.6080419444444445, 51.974065], [7.60786, 51.97402694444445], [7.607545, 51.97394694444445], [7.607545, 51.97394694444445], [7.6070199999999994, 51.97377277777778], [7.606645833333333, 51.97361777777778], [7.606606944444444, 51.973600000000005], [7.606523888888889, 51.97356], [7.606395833333333, 51.97349583333334], [7.606293888888889, 51.97344777777778], [7.606021944444444, 51.97329083333334], [7.605773888888889, 51.973125833333334], [7.60562, 51.97300972222222], [7.6054538888888885, 51.97287083333334], [7.605220833333333, 51.97264083333334], [7.604425833333333, 51.97168], [7.604005, 51.97115194444444], [7.603513888888888, 51.97048888888889], [7.603271944444444, 51.970126944444445], [7.602937777777777, 51.96958583333333], [7.602776944444444, 51.969296944444444], [7.602673888888889, 51.96909194444444], [7.60264, 51.96902277777778], [7.602580833333333, 51.96890888888889], [7.602546944444444, 51.96883972222222], [7.602438888888889, 51.96862], [7.602242777777778, 51.96817888888889], [7.6021519444444445, 51.96794], [7.6021519444444445, 51.96794], [7.602111944444444, 51.96783694444444], [7.602087222222222, 51.967840833333334], [7.602111944444444, 51.96783694444444], [7.6020538888888884, 51.967686944444445], [7.6018188888888885, 51.966837777777776], [7.601803888888888, 51.966770833333335], [7.601775833333333, 51.96664583333334], [7.601769999999999, 51.96662083333334], [7.601676944444444, 51.96618388888889], [7.601643888888889, 51.966005], [7.601643888888889, 51.966005], [7.601582777777778, 51.96566694444445], [7.601538888888888, 51.965293888888894], [7.601532777777777, 51.965201944444445], [7.601525833333333, 51.96506388888889], [7.601522777777777, 51.964955], [7.60152, 51.96479194444445], [7.601534999999999, 51.96456083333334], [7.6015838888888885, 51.96425194444445], [7.6016449999999995, 51.963995833333335], [7.601712777777777, 51.96377888888889], [7.6021238888888885, 51.96272777777778], [7.602284999999999, 51.96224277777778], [7.602376944444444, 51.96184277777778], [7.6024038888888885, 51.961578888888894], [7.602398888888889, 51.961332777777784], [7.602398888888889, 51.961332777777784], [7.602398888888889, 51.96132888888889], [7.602395, 51.96117], [7.602395, 51.96114083333334], [7.602388888888888, 51.96099], [7.602385, 51.96087277777778], [7.6023877777777775, 51.96062277777778], [7.602392777777777, 51.96022083333334], [7.6024288888888885, 51.95969388888889], [7.602436944444444, 51.95960388888889], [7.6024449999999995, 51.95950777777778], [7.602455833333333, 51.959406944444446], [7.6024827777777775, 51.95914888888889], [7.602526944444444, 51.95885277777778], [7.602591944444444, 51.95841888888889], [7.6027249999999995, 51.957524722222225], [7.602730833333333, 51.957480000000004], [7.60277, 51.95693], [7.602793055555555, 51.95693083333334], [7.60277, 51.95693], [7.602781944444444, 51.95677083333334], [7.602776944444444, 51.95635583333333], [7.602776944444444, 51.95635583333333], [7.602748888888889, 51.956070833333335], [7.602680833333333, 51.95556388888889], [7.602673888888889, 51.955461944444444], [7.602663888888888, 51.955310833333336], [7.6026477777777774, 51.955060833333334], [7.602632777777777, 51.95458777777778], [7.602672777777777, 51.95427277777778], [7.602722777777777, 51.954045], [7.603142777777777, 51.95296388888889], [7.603202777777778, 51.95281083333334], [7.603506944444444, 51.952036944444444], [7.603588888888889, 51.95186777777778], [7.603728888888888, 51.951620000000005], [7.603853888888889, 51.951435833333335], [7.60415, 51.951075], [7.604202777777777, 51.95101694444445], [7.604202777777777, 51.95101694444445], [7.604388888888889, 51.95085], [7.6055938888888885, 51.949909999999996], [7.605721944444444, 51.94980583333333], [7.605992777777778, 51.949597777777775], [7.606056944444444, 51.949548888888884], [7.606227777777778, 51.94943388888888], [7.606405, 51.94931694444444], [7.606538888888888, 51.94922277777778], [7.606710833333333, 51.94911083333333], [7.606985, 51.94897583333333], [7.607318888888889, 51.94886083333333], [7.607577777777777, 51.94882], [7.60788, 51.94884277777778], [7.6082527777777775, 51.94886888888889], [7.609387777777777, 51.949034999999995], [7.609699999999999, 51.949081944444444], [7.609699999999999, 51.949081944444444], [7.6099049999999995, 51.94911277777778], [7.610136944444444, 51.949148888888885], [7.610181944444444, 51.94911], [7.610136944444444, 51.949148888888885], [7.611367777777778, 51.949352777777776], [7.611392777777778, 51.94935777777778], [7.612591944444444, 51.94957694444444], [7.6129227777777775, 51.94963388888888], [7.613565833333333, 51.94972194444444], [7.613631944444444, 51.94970083333333], [7.613745, 51.94971194444444], [7.61375, 51.94971194444444], [7.614101944444444, 51.94974], [7.614937777777778, 51.949805], [7.615117777777777, 51.94981194444444], [7.615360833333333, 51.94982083333333], [7.615958888888889, 51.949838888888884], [7.616237777777777, 51.949868888888886], [7.6164427777777775, 51.949868888888886], [7.616500833333333, 51.949868888888886], [7.616626944444444, 51.949868888888886], [7.616745000000001, 51.94986583333333], [7.61695, 51.94988083333333], [7.61704, 51.949909999999996], [7.617065, 51.94994083333333], [7.617085833333334, 51.94996888888888], [7.617190833333334, 51.95010277777778], [7.617190833333334, 51.95010277777778], [7.617452777777778, 51.95043888888889], [7.617662777777778, 51.95074694444445], [7.617887777777778, 51.951030833333334], [7.618116944444445, 51.951315], [7.618125277777779, 51.95131222222223], [7.618116944444445, 51.951315], [7.618671944444445, 51.95200083333334], [7.618677777777778, 51.95200888888889], [7.618952777777778, 51.95234777777778], [7.618952777777778, 51.95234777777778], [7.618952777777778, 51.95234777777778], [7.619035833333334, 51.952450000000006], [7.619045000000001, 51.95246083333333], [7.619047777777778, 51.952464722222224], [7.619100833333333, 51.952533888888894], [7.619098055555556, 51.952535000000005], [7.619100833333333, 51.952533888888894], [7.619175, 51.95263194444445], [7.6192858333333335, 51.952780000000004], [7.619472777777778, 51.953045833333334], [7.619601944444445, 51.95325777777778], [7.61966388888889, 51.953381944444445], [7.6197558333333335, 51.953581944444444], [7.619765, 51.95361777777778], [7.619823888888889, 51.95383888888889], [7.619890000000001, 51.95433583333334], [7.619906944444445, 51.954685833333336], [7.619915833333334, 51.954835833333334], [7.619910833333334, 51.95485083333334], [7.619843888888889, 51.95497694444445], [7.620010000000001, 51.954995833333335], [7.620095833333334, 51.95500083333334], [7.620421944444445, 51.95504583333334], [7.6210458333333335, 51.955151944444445], [7.621287777777778, 51.955200000000005], [7.621637777777778, 51.955285833333335], [7.621637777777778, 51.955285833333335], [7.621947777777779, 51.95536277777778], [7.622685833333334, 51.95554083333334], [7.622896944444445, 51.95559], [7.622988888888889, 51.95560694444445], [7.623193888888889, 51.955623888888894], [7.623638888888889, 51.95562777777778], [7.62388388888889, 51.95562694444445], [7.624553888888889, 51.95561388888889], [7.6248377777777785, 51.95562277777778], [7.625073888888889, 51.95564], [7.625346944444445, 51.955668888888894], [7.625646944444445, 51.95570388888889], [7.625905833333333, 51.95573], [7.625967777777778, 51.95563777777778], [7.62606888888889, 51.95556083333334], [7.6261527777777784, 51.95552083333334], [7.626248888888889, 51.955489722222225], [7.626405, 51.955466944444446], [7.626471944444445, 51.955465000000004], [7.626602777777778, 51.95547583333334], [7.626666944444445, 51.95548777777778], [7.626785000000001, 51.95552583333333], [7.626885000000001, 51.955578888888894], [7.627046944444445, 51.955489722222225], [7.627413888888889, 51.955290833333336], [7.627560000000001, 51.955220833333335], [7.627731944444445, 51.95515277777778], [7.628077777777778, 51.955036944444444], [7.6281227777777785, 51.95502194444445]]}}, {"type": "Feature", "properties": {"route_id": "34", "name": "34", "color": "#F5B5D2", "label_lon": 7.612115833333333, "label_lat": 51.97423777777778}, "geometry": {"type": "LineString", "coordinates": [[7.62911888888889, 51.95468888888889], [7.629067777777778, 51.954705833333335], [7.628703888888889, 51.95483083333334], [7.628077777777778, 51.955036944444444], [7.627731944444445, 51.95515277777778], [7.627560000000001, 51.955220833333335], [7.627413888888889, 51.955290833333336], [7.627046944444445, 51.955489722222225], [7.626885000000001, 51.955578888888894], [7.626927777777778, 51.95561], [7.626992777777779, 51.95568083333334], [7.627015833333334, 51.95572], [7.627037777777779, 51.9558], [7.627023888888889, 51.95590083333334], [7.626965, 51.95599388888889], [7.6268650000000004, 51.956073888888895], [7.626733888888889, 51.95613388888889], [7.62671, 51.956138888888894], [7.62671, 51.956138888888894], [7.626618888888889, 51.956161944444446], [7.626497777777778, 51.956175], [7.626317777777778, 51.956163888888895], [7.626205000000001, 51.956136944444445], [7.626102777777779, 51.95609777777778], [7.626016944444445, 51.956045], [7.6259258333333335, 51.95594888888889], [7.625887777777778, 51.95584083333333], [7.625905833333333, 51.95573], [7.625646944444445, 51.95570388888889], [7.625346944444445, 51.955668888888894], [7.625073888888889, 51.95564], [7.6248377777777785, 51.95562277777778], [7.624553888888889, 51.95561388888889], [7.624460833333334, 51.95561583333333], [7.624460833333334, 51.95561777777778], [7.624460833333334, 51.95561583333333], [7.62388388888889, 51.95562694444445], [7.623638888888889, 51.95562777777778], [7.623220000000001, 51.955624722222225], [7.622988888888889, 51.95560694444445], [7.622896944444445, 51.95559], [7.622685833333334, 51.95554083333334], [7.621953888888889, 51.955365], [7.621947777777779, 51.95536277777778], [7.621315833333334, 51.95520694444445], [7.621947777777779, 51.95536277777778], [7.6219527777777785, 51.95536388888889], [7.621947777777779, 51.95536277777778], [7.621297777777778, 51.95520194444445], [7.621297777777778, 51.95520194444445], [7.6210458333333335, 51.955151944444445], [7.620421944444445, 51.95504583333334], [7.620095833333334, 51.95500083333334], [7.620010000000001, 51.954995833333335], [7.619843888888889, 51.95497694444445], [7.619797777777778, 51.954890000000006], [7.619791944444445, 51.95482888888889], [7.619810833333334, 51.95450888888889], [7.619807777777778, 51.95433388888889], [7.619797777777778, 51.954212777777784], [7.619745000000001, 51.95393777777778], [7.619728888888889, 51.95386583333334], [7.619630000000001, 51.95359888888889], [7.619533888888889, 51.953401944444444], [7.61946, 51.953251944444446], [7.61935888888889, 51.95308583333333], [7.619162777777778, 51.95281388888889], [7.619055833333334, 51.95266777777778], [7.619002777777778, 51.952599722222224], [7.618925000000001, 51.95249583333334], [7.618646944444445, 51.952135000000006], [7.61844388888889, 51.95188], [7.61844388888889, 51.95188], [7.618345833333334, 51.95175694444445], [7.618327777777778, 51.951735], [7.618196944444445, 51.95157583333334], [7.617772777777779, 51.95106194444445], [7.617775555555556, 51.95106138888889], [7.617772777777779, 51.95106194444445], [7.61774, 51.95102083333334], [7.617167777777778, 51.95033194444445], [7.617100833333334, 51.950250833333335], [7.6169158333333336, 51.95003194444445], [7.616887777777778, 51.95], [7.616835833333334, 51.949977777777775], [7.616695833333334, 51.94995083333333], [7.616505833333333, 51.94994777777777], [7.615856944444444, 51.94993777777778], [7.615326944444444, 51.94991583333333], [7.615326944444444, 51.94991583333333], [7.615171944444444, 51.949908888888885], [7.6142038888888885, 51.94983194444444], [7.613725833333333, 51.94978083333333], [7.613626944444444, 51.94976083333333], [7.613565833333333, 51.94972194444444], [7.6129227777777775, 51.94963388888888], [7.612591944444444, 51.94957694444444], [7.6125469444444445, 51.949568888888884], [7.611392777777778, 51.94935777777778], [7.611367777777778, 51.949352777777776], [7.610982777777777, 51.94929], [7.610545833333333, 51.949216944444444], [7.610545833333333, 51.949216944444444], [7.6104127777777775, 51.949194999999996], [7.610136944444444, 51.949148888888885], [7.6099049999999995, 51.94911277777778], [7.609387777777777, 51.949034999999995], [7.609376944444444, 51.949032777777774], [7.6082527777777775, 51.94886888888889], [7.60788, 51.94884277777778], [7.607496944444444, 51.948902777777775], [7.607153888888888, 51.949009999999994], [7.606941944444444, 51.949103888888885], [7.606529999999999, 51.94938194444444], [7.60636, 51.94950583333333], [7.606208888888888, 51.94963], [7.606150833333333, 51.94967777777777], [7.605991944444444, 51.94980388888889], [7.605885833333333, 51.949887777777775], [7.604790833333333, 51.950716944444444], [7.604525833333333, 51.95091777777778], [7.6043119444444445, 51.95110888888889], [7.604165, 51.951260833333336], [7.604165, 51.951260833333336], [7.603961944444444, 51.95150777777778], [7.6038749999999995, 51.95163], [7.603736944444444, 51.951856944444444], [7.60366, 51.952020000000005], [7.603276944444444, 51.952981944444446], [7.603263888888889, 51.95301888888889], [7.602905833333333, 51.954012777777784], [7.602833888888888, 51.954413888888894], [7.602818888888889, 51.95459277777778], [7.602824999999999, 51.95505694444445], [7.602831944444444, 51.955175833333335], [7.60284, 51.955290000000005], [7.602866944444444, 51.95555388888889], [7.602895833333333, 51.955796944444444], [7.602905833333333, 51.955895000000005], [7.602905833333333, 51.955895000000005], [7.602913888888889, 51.95596388888889], [7.602931944444444, 51.956135833333335], [7.6029438888888885, 51.956296944444446], [7.602935833333333, 51.956698888888894], [7.602933888888889, 51.95677694444445], [7.602795833333333, 51.958130000000004], [7.602757777777778, 51.95850194444445], [7.602661944444444, 51.95947777777778], [7.602661944444444, 51.95948194444445], [7.602653888888889, 51.959588888888895], [7.602646944444444, 51.95968694444445], [7.602640833333333, 51.959755], [7.602625833333333, 51.96000083333334], [7.602583888888889, 51.96071277777778], [7.602576944444444, 51.960928888888894], [7.602576944444444, 51.960928888888894], [7.602575833333333, 51.96096388888889], [7.602571944444444, 51.961106944444445], [7.602557777777777, 51.961106944444445], [7.602571944444444, 51.961106944444445], [7.602570833333333, 51.961146944444444], [7.602535, 51.96166277777778], [7.602461944444444, 51.96204083333333], [7.602431944444444, 51.96217083333334], [7.602315, 51.96254888888889], [7.602116944444444, 51.96309277777778], [7.601992777777777, 51.963435833333335], [7.601880833333333, 51.96380388888889], [7.601841944444444, 51.96396277777778], [7.601837777777777, 51.96397694444445], [7.601821944444444, 51.96407583333334], [7.601763888888889, 51.96441777777778], [7.6017399999999995, 51.96476583333334], [7.601736944444444, 51.96499583333333], [7.601740833333333, 51.96510583333334], [7.601745833333333, 51.96524], [7.60175, 51.965336944444445], [7.601764999999999, 51.965583888888894], [7.6017769444444445, 51.965696944444446], [7.601792777777778, 51.96584194444445], [7.601792777777778, 51.96584194444445], [7.601795833333333, 51.965875000000004], [7.6018019444444445, 51.965923888888895], [7.601816944444444, 51.96606694444445], [7.601861944444444, 51.966390833333335], [7.601913888888888, 51.96662194444445], [7.601929999999999, 51.96669694444444], [7.601960833333333, 51.96682583333334], [7.602042777777777, 51.96712194444444], [7.602146944444444, 51.967415833333334], [7.602146111111111, 51.96741638888889], [7.602146944444444, 51.967415833333334], [7.602306944444444, 51.967821944444445], [7.602356944444444, 51.96793888888889], [7.602455, 51.96815777777778], [7.602598888888888, 51.96848083333334], [7.602750833333333, 51.96880277777778], [7.6027869444444445, 51.968875833333335], [7.602843888888889, 51.968986944444445], [7.602890833333333, 51.96907777777778], [7.602955, 51.96921777777778], [7.602961111111111, 51.96921638888889], [7.602955, 51.96921777777778], [7.602995, 51.96930388888889], [7.602995, 51.96930388888889], [7.603001944444444, 51.96932], [7.60325, 51.969795833333336], [7.6034758333333325, 51.97019888888889], [7.603700833333333, 51.970550833333334], [7.60403, 51.971001944444446], [7.604033333333333, 51.971000555555555], [7.60403, 51.971001944444446], [7.604245, 51.97128388888889], [7.6047199999999995, 51.97185694444445], [7.604721944444444, 51.971855833333336], [7.6047199999999995, 51.97185694444445], [7.605217777777778, 51.97242194444445], [7.6054627777777775, 51.97266388888889], [7.605691944444444, 51.972876944444444], [7.605865, 51.97299277777778], [7.606439999999999, 51.973345], [7.606543888888888, 51.97339888888889], [7.606561944444444, 51.97340777777778], [7.606562777777778, 51.9734075], [7.606561944444444, 51.97340777777778], [7.606675, 51.973465833333336], [7.60675, 51.973505], [7.6067849999999995, 51.97352194444445], [7.607060833333333, 51.97364777777778], [7.607261944444444, 51.973731944444445], [7.607581944444444, 51.973846944444446], [7.6078238888888885, 51.97391972222223], [7.608092777777777, 51.973981944444446], [7.608118888888889, 51.97398777777778], [7.608600833333333, 51.97406388888889], [7.608711944444444, 51.97407583333334], [7.608711944444444, 51.97407583333334], [7.608716944444444, 51.97407694444445], [7.608891944444444, 51.97409777777778], [7.609025, 51.974111944444445], [7.609091944444444, 51.97411888888889], [7.609230833333333, 51.97413], [7.60943, 51.97414194444445], [7.609681944444444, 51.97414888888889], [7.609912777777778, 51.974155833333334], [7.609917777777778, 51.9740875], [7.609912777777778, 51.974155833333334], [7.609990833333333, 51.974157777777776], [7.610070833333333, 51.974159722222225], [7.6101858333333325, 51.97416277777778], [7.610338888888888, 51.974180833333335], [7.610503888888888, 51.97419888888889], [7.610947777777778, 51.97421], [7.612060833333333, 51.97423694444445], [7.6120688888888886, 51.97423694444445], [7.612115833333333, 51.97423777777778], [7.612261944444444, 51.974241944444444], [7.612261944444444, 51.97423555555556], [7.612261944444444, 51.974241944444444], [7.612272777777777, 51.974241944444444], [7.612427777777778, 51.974246944444445], [7.612531944444444, 51.974248888888894], [7.612611944444444, 51.97425194444445], [7.613074999999999, 51.974269722222225], [7.613074999999999, 51.974269722222225], [7.613137777777777, 51.97427277777778], [7.613320833333333, 51.97427972222222], [7.61342, 51.97428388888889], [7.613565833333333, 51.97429], [7.613655833333333, 51.97429388888889], [7.614527777777777, 51.974331944444444], [7.6149619444444445, 51.97435083333333], [7.615356944444444, 51.97436777777778], [7.615991944444444, 51.97439777777778], [7.616553888888888, 51.97442388888889], [7.616667777777778, 51.97442777777778], [7.617850000000001, 51.97447388888889], [7.618686944444445, 51.97451277777778], [7.618750833333334, 51.974516944444446], [7.6190500000000005, 51.974534722222224], [7.6198177777777785, 51.97457777777778], [7.6198177777777785, 51.97457777777778], [7.620021944444445, 51.974583888888894], [7.621005, 51.97461388888889], [7.621628888888889, 51.97463277777778], [7.621837777777778, 51.97464], [7.622676944444445, 51.97466472222222], [7.62339388888889, 51.97465888888889], [7.62346388888889, 51.97465888888889], [7.623546944444445, 51.97465583333334], [7.623665000000001, 51.974651944444446], [7.624310833333333, 51.974625833333334], [7.624310833333333, 51.974625833333334], [7.6246519444444445, 51.97459388888889], [7.625095833333334, 51.97455277777778], [7.625145833333334, 51.97454777777778], [7.625317777777778, 51.97453194444444], [7.626405, 51.97439194444445], [7.62673, 51.97435], [7.627222777777778, 51.97425583333334], [7.627801944444445, 51.97412777777778], [7.628621944444445, 51.97392777777778], [7.62862888888889, 51.97392694444444], [7.629052777777778, 51.97383083333334], [7.62930888888889, 51.973779722222226], [7.6295938888888895, 51.97372388888889], [7.629762777777779, 51.973687777777776], [7.629762777777779, 51.973687777777776], [7.629847777777778, 51.973669722222226], [7.630301944444445, 51.973575833333335], [7.631291944444445, 51.973370833333334], [7.632485000000001, 51.97311388888889], [7.632491388888889, 51.973125833333334], [7.632485000000001, 51.97311388888889], [7.6327050000000005, 51.97306583333334], [7.632820000000001, 51.97304583333334], [7.632960833333334, 51.97302277777778], [7.63327, 51.972971944444446], [7.633717777777777, 51.97289694444444], [7.634368888888888, 51.972786944444444], [7.635200833333333, 51.97265194444444], [7.6355258333333325, 51.97259777777778], [7.6355258333333325, 51.97259777777778], [7.635577777777777, 51.97258888888889], [7.635878888888889, 51.97254], [7.635993888888889, 51.972521944444445], [7.636103888888888, 51.972504722222226], [7.636207777777777, 51.97248777777778], [7.636349999999999, 51.972460000000005], [7.636457777777777, 51.972433888888894], [7.6367577777777775, 51.97236388888889], [7.637680833333333, 51.972142777777776], [7.638394999999999, 51.97196277777778], [7.638795833333333, 51.97186277777778], [7.639256944444444, 51.97172694444445], [7.639601944444444, 51.97163583333334], [7.639964999999999, 51.971514722222224], [7.6404338888888885, 51.97131777777778], [7.640505833333333, 51.97128277777778], [7.640543888888889, 51.97126194444444], [7.640707777777777, 51.97117], [7.640835833333333, 51.97109888888889], [7.640915833333333, 51.971055], [7.641095, 51.970955000000004], [7.6415058333333326, 51.970690833333336], [7.6415058333333326, 51.970690833333336], [7.642024999999999, 51.970330000000004], [7.642023888888889, 51.970330000000004], [7.642024999999999, 51.970330000000004], [7.642785, 51.96978583333333], [7.643260833333333, 51.969456944444445], [7.643291944444444, 51.969435000000004], [7.643310833333333, 51.96942194444445], [7.643465, 51.96931583333333], [7.643592777777777, 51.96923972222223], [7.643873888888889, 51.96907083333333], [7.644521944444444, 51.968705], [7.644807777777777, 51.96849972222223], [7.644990833333333, 51.96834388888889], [7.645046944444444, 51.96828277777778], [7.645122777777777, 51.96818583333334], [7.645217777777777, 51.96806777777778], [7.645368888888888, 51.96775888888889], [7.645378888888889, 51.96773777777778], [7.645409999999999, 51.967675], [7.645451944444444, 51.96758777777778], [7.645488888888888, 51.967511944444446], [7.64556, 51.967374722222225], [7.645633888888889, 51.967240833333335], [7.645633888888889, 51.967240833333335], [7.645650833333333, 51.96720972222222], [7.6457758333333325, 51.96694777777778], [7.645807777777777, 51.966880833333335], [7.645883888888888, 51.96672388888889], [7.646131944444444, 51.966438888888895], [7.646300833333333, 51.966055833333336], [7.646335833333333, 51.96597388888889], [7.64643, 51.96571388888889], [7.646459999999999, 51.965601944444444], [7.6466577777777776, 51.96486194444445], [7.646678888888888, 51.96478583333334], [7.6467777777777775, 51.964416944444444], [7.6467777777777775, 51.964416944444444], [7.646806944444444, 51.964310833333336], [7.646866944444444, 51.96421], [7.646922777777777, 51.964020833333336], [7.646947777777777, 51.96393777777778], [7.646979999999999, 51.96380388888889], [7.6470038888888885, 51.963706944444446], [7.647046944444444, 51.96362583333334], [7.647223888888888, 51.963175], [7.647241944444444, 51.96313083333334], [7.647275, 51.96304277777778], [7.647433888888888, 51.96262388888889], [7.647435, 51.96261888888889], [7.647516944444444, 51.96196194444445], [7.647595833333333, 51.96130277777778], [7.647595833333333, 51.96129083333334], [7.647591944444444, 51.96116694444445], [7.6475977777777775, 51.96097], [7.647581944444444, 51.96069388888889], [7.647567777777778, 51.96055277777778], [7.647567777777778, 51.96055277777778], [7.6475608333333325, 51.960480833333335], [7.647528888888888, 51.960165833333335], [7.647525, 51.960120833333335], [7.647517777777777, 51.960055833333335], [7.647526944444444, 51.96005527777778], [7.647517777777777, 51.960055833333335], [7.647513888888889, 51.96001777777778], [7.647503888888888, 51.959915], [7.647433888888888, 51.95985888888889], [7.647431944444444, 51.95984083333334], [7.647424999999999, 51.95975694444445], [7.647466944444444, 51.95958277777778], [7.647463888888889, 51.959555], [7.647456944444444, 51.95947777777778], [7.647399999999999, 51.95908694444445], [7.647398888888889, 51.959073888888895], [7.6473958333333325, 51.95904277777778], [7.647391944444444, 51.95901388888889], [7.647385, 51.95892583333334], [7.647360833333333, 51.95863], [7.647315833333333, 51.95825583333334], [7.647279999999999, 51.95801777777778], [7.647108888888888, 51.95768777777778], [7.646760833333333, 51.95702583333333], [7.646728888888888, 51.956967777777784], [7.646537777777778, 51.956586944444446], [7.646433888888889, 51.95639194444445], [7.646433888888889, 51.95639194444445], [7.646435833333332, 51.956395], [7.646367777777777, 51.95626583333333], [7.646336944444444, 51.95622388888889], [7.64628, 51.95614777777778], [7.646210833333333, 51.956055000000006], [7.6459399999999995, 51.95572388888889], [7.645810833333333, 51.955565], [7.645752777777777, 51.95549694444445], [7.645690833333333, 51.95542583333334], [7.645682777777777, 51.95541583333333], [7.645362777777778, 51.95500888888889], [7.6451819444444435, 51.95477777777778], [7.645105833333333, 51.95468], [7.64497, 51.954546944444445], [7.644620833333333, 51.954212777777784], [7.644536944444444, 51.95413888888889], [7.644257777777777, 51.953878888888894], [7.644086944444444, 51.95373694444445], [7.643906944444444, 51.95359694444445], [7.64375, 51.95348083333334], [7.643700833333333, 51.953451944444446], [7.6436569444444435, 51.95343694444445], [7.643535833333333, 51.95339083333334], [7.643548888888889, 51.95337777777778], [7.643535833333333, 51.95339083333334], [7.643496944444444, 51.95337694444445], [7.6433349999999995, 51.953335833333334], [7.643179999999999, 51.953317777777784], [7.643146944444444, 51.953315], [7.642353888888889, 51.95326083333334], [7.642353888888889, 51.95326083333334], [7.642149999999999, 51.953250000000004], [7.641611944444444, 51.95322083333333], [7.641457777777777, 51.95321083333334], [7.641450833333333, 51.953210000000006], [7.640596944444444, 51.95315277777778], [7.640531944444444, 51.95314777777778], [7.639402777777777, 51.95305277777778], [7.639335833333333, 51.953048888888894], [7.639288888888888, 51.953046944444445], [7.638128888888889, 51.952985000000005], [7.637967777777777, 51.952975], [7.637667777777778, 51.952956944444445], [7.637667777777778, 51.952956944444445], [7.6376, 51.95295277777778], [7.637195833333333, 51.95292777777778], [7.636913888888889, 51.952910833333334], [7.636846944444444, 51.95290694444445], [7.636729999999999, 51.9529], [7.636578888888889, 51.952891944444445], [7.636443888888889, 51.952885], [7.636116944444444, 51.95287694444445], [7.635977777777777, 51.952875000000006], [7.635859999999999, 51.95288083333334], [7.635217777777777, 51.95294277777778], [7.634386944444444, 51.95303388888889], [7.633968888888888, 51.953072777777784], [7.633852777777777, 51.95310083333334], [7.633742777777777, 51.95315277777778], [7.633050000000001, 51.95355583333333], [7.632776944444445, 51.953680000000006], [7.632630000000001, 51.95372583333334], [7.6324627777777785, 51.953760833333334], [7.632176944444445, 51.95381777777778], [7.631831944444445, 51.95388694444445], [7.631490833333334, 51.953965000000004], [7.631405000000001, 51.953985], [7.631251944444445, 51.95402], [7.631065, 51.95407277777778], [7.630868888888889, 51.95412777777778], [7.630552777777778, 51.95421694444445], [7.63015388888889, 51.95433194444445], [7.629977777777778, 51.954391944444446], [7.629861944444445, 51.954431944444444], [7.629842777777778, 51.954437777777784], [7.629783888888889, 51.954458888888894], [7.629395833333334, 51.95459277777778], [7.6293427777777785, 51.954610833333334], [7.629207777777778, 51.954660000000004], [7.62911888888889, 51.95468888888889]]}}, {"type": "Feature", "properties": {"route_id": "68", "name": "68", "color": "#008B00", "label_lon": 7.678486944444445, "label_lat": 51.918462777777776}, "geometry": {"type": "LineString", "coordinates": [[7.667070000000001, 51.92887888888889], [7.6673350000000005, 51.928602777777776], [7.667361944444445, 51.928573888888884], [7.667362777777778, 51.928573888888884], [7.667361944444445, 51.928573888888884], [7.667393888888889, 51.92854083333333], [7.667403888888889, 51.928529999999995], [7.6674050000000005, 51.928529999999995], [7.667403888888889, 51.928529999999995], [7.66750388888889, 51.92842388888889], [7.667555833333334, 51.92836694444444], [7.667588888888889, 51.928330833333334], [7.667601944444445, 51.92831777777778], [7.667716944444445, 51.92820194444444], [7.66828, 51.92764083333333], [7.668280833333333, 51.92764083333333], [7.66828, 51.92764083333333], [7.668810833333334, 51.92713277777778], [7.66911, 51.92686194444444], [7.669290833333334, 51.926697777777775], [7.669426944444445, 51.92658194444444], [7.669955, 51.92611888888889], [7.670111944444445, 51.925981944444445], [7.670441944444445, 51.92569388888889], [7.670558888888889, 51.92559194444444], [7.670975, 51.92521583333333], [7.671245, 51.924972777777775], [7.671391944444445, 51.92483694444444], [7.671391944444445, 51.92483694444444], [7.671433888888889, 51.924797777777776], [7.671530000000001, 51.92471277777778], [7.671723888888889, 51.92453972222222], [7.671991944444445, 51.92428972222222], [7.672195, 51.924101944444445], [7.672433888888889, 51.923877777777776], [7.6724419444444445, 51.92387083333333], [7.672562777777778, 51.92375777777777], [7.672677777777778, 51.923653888888886], [7.6728419444444445, 51.923498888888886], [7.6731050000000005, 51.92323972222222], [7.673152777777778, 51.92319583333333], [7.673197777777778, 51.92315583333333], [7.6732708333333335, 51.923088888888884], [7.673365, 51.922998888888884], [7.67353, 51.922887777777774], [7.673592777777778, 51.92285694444444], [7.673592777777778, 51.92285694444444], [7.673758888888889, 51.922797777777774], [7.673968888888889, 51.92260777777778], [7.6744819444444445, 51.92214277777777], [7.674523888888889, 51.922106944444444], [7.674905833333334, 51.92175972222222], [7.675266944444445, 51.92143194444444], [7.675680833333334, 51.921053888888885], [7.67571388888889, 51.92102388888889], [7.67571388888889, 51.92102388888889], [7.675818888888889, 51.92092777777778], [7.67582, 51.92092777777778], [7.675818888888889, 51.92092777777778], [7.67607, 51.920698888888886], [7.676162777777778, 51.92061472222222], [7.676257777777778, 51.92052694444444], [7.67635, 51.92044194444444], [7.676952777777778, 51.91988194444444], [7.677835833333334, 51.919062777777775], [7.677980833333334, 51.918927777777775], [7.678060833333333, 51.91885472222222], [7.6782038888888895, 51.918723888888884], [7.678208888888889, 51.91871972222222], [7.678486944444445, 51.918462777777776], [7.678486944444445, 51.918462777777776], [7.678511944444445, 51.91843972222222], [7.6800258333333336, 51.917046944444444], [7.6808000000000005, 51.916332777777775], [7.680960833333334, 51.91618388888889], [7.681678888888889, 51.91552083333333], [7.681678888888889, 51.91552083333333], [7.681696944444445, 51.915503888888885], [7.681835, 51.91537777777778], [7.6818477777777785, 51.91536583333333], [7.681936944444445, 51.91528583333333], [7.681996944444445, 51.91523083333333], [7.6820200000000005, 51.91521], [7.682260833333333, 51.914989999999996], [7.682846944444445, 51.914456944444446], [7.683480833333333, 51.913962777777776], [7.683947777777778, 51.913598888888885], [7.684008888888889, 51.91363083333333], [7.684341944444444, 51.91381583333333], [7.684606944444445, 51.91396777777778], [7.684823888888889, 51.91409888888889], [7.684823888888889, 51.91409888888889], [7.685075, 51.914250833333334], [7.685192777777778, 51.91431472222222], [7.685368888888889, 51.91441277777778], [7.685793888888889, 51.91461777777778], [7.6859, 51.91465888888889], [7.686207777777778, 51.91477694444444], [7.686261944444444, 51.91479777777778], [7.686445833333334, 51.91486888888889], [7.686637777777778, 51.914942777777775], [7.687078888888889, 51.914987777777775], [7.687153888888889, 51.914988888888885], [7.687600000000001, 51.914988888888885], [7.687673888888889, 51.91499694444445], [7.688125833333333, 51.91503888888889], [7.688527777777778, 51.91513277777778], [7.688718888888889, 51.91517694444444], [7.68895, 51.915233888888885], [7.689455833333334, 51.91535777777778], [7.689593888888889, 51.915387777777774], [7.6900369444444445, 51.91550194444444], [7.690540833333333, 51.91563083333333], [7.690783888888889, 51.91569], [7.691103888888889, 51.91577083333333], [7.691103888888889, 51.91577083333333], [7.691238888888889, 51.91580388888889], [7.692115833333333, 51.916018888888885], [7.692405833333334, 51.916106944444444], [7.6928, 51.916226944444446], [7.692903888888889, 51.91625888888889], [7.693281944444444, 51.916374999999995], [7.6934000000000005, 51.91641194444444], [7.693665, 51.916492777777776], [7.693833888888889, 51.916545], [7.694028888888889, 51.91660777777778], [7.694110833333333, 51.91660888888889], [7.694195833333334, 51.91658583333333], [7.694375, 51.91636777777778], [7.694408888888889, 51.91625583333333], [7.694420833333334, 51.91621583333333], [7.694358888888889, 51.916135], [7.694330833333334, 51.91607], [7.694350833333334, 51.916000833333335], [7.694348611111112, 51.916000833333335], [7.694350833333334, 51.916000833333335], [7.694361944444445, 51.91596194444444], [7.694613888888889, 51.91568], [7.694687777777778, 51.915645], [7.694853888888889, 51.91563583333333]]}}]}