{"type": "FeatureCollection", "name": "statdteile", "features": [{"type": "Feature", "geometry": {"type": "Polygon", "coordinates": [[[10.9640054824, 51.0379362402], [10.9634344566, 51.0384616307], [10.9632339043, 51.0386382328], [10.9631901844, 51.0386844991], [10.9631095508, 51.0387103021], [10.9625987314, 51.0386184698], [10.9616565119, 51.0384062344], [10.9618299257, 51.0381713683], [10.9620932421, 51.0378147691], [10.9612133119, 51.0376219327], [10.9607567171, 51.0375389068], [10.9600061624, 51.0374024315], [10.9599428894, 51.0373909291], [10.959779698, 51.0373609914], [10.9596582562, 51.0373391732], [10.959547176, 51.0373048437], [10.9592811384, 51.0372561556], [10.9580190286, 51.0370317046], [10.9579494677, 51.0370196319], [10.9579756877, 51.0367619764], [10.9577709632, 51.0367195655], [10.9575470683, 51.036673101], [10.956301234, 51.0364170172], [10.9560209234, 51.0363592767], [10.9559712762, 51.0363486493], [10.9559762348, 51.0363310118], [10.9560027249, 51.0362433706], [10.9561008177, 51.035945392], [10.9562285589, 51.0355574187], [10.9559111152, 51.0355167858], [10.9552200968, 51.0354236537], [10.9550945263, 51.0354069983], [10.9539671816, 51.0352574444], [10.9527375549, 51.0350970227], [10.9526465243, 51.0350976728], [10.9507666077, 51.0351530225], [10.950647332, 51.0353599183], [10.9496207623, 51.0352018686], [10.9496080069, 51.0352249916], [10.9494696256, 51.0354757327], [10.9485060439, 51.0352678547], [10.948588848, 51.0350780565], [10.9486039239, 51.0350406078], [10.9495166492, 51.0351858771], [10.9496233983, 51.0351741785], [10.9497972352, 51.0352030128], [10.9498146504, 51.0347652804], [10.9498282149, 51.0341596858], [10.9498253794, 51.0341103542], [10.9498231839, 51.0340630156], [10.9500589834, 51.0340498156], [10.9500586346, 51.0340071948], [10.9500657804, 51.03386434], [10.9500529988, 51.0332694036], [10.9500556161, 51.0332374347], [10.9500523511, 51.0332166403], [10.9500556966, 51.0331833651], [10.9499945472, 51.0331615035], [10.9499501882, 51.0331491854], [10.9499562685, 51.0326703778], [10.9499678989, 51.0321281838], [10.9499804178, 51.0315965244], [10.9499527414, 51.0315658831], [10.9498562731, 51.03155646], [10.9498871675, 51.031521607], [10.9500502888, 51.0313456975], [10.950464236, 51.0309102206], [10.9508873268, 51.0304897005], [10.9513938157, 51.0306542049], [10.9515565291, 51.0306958006], [10.9518540628, 51.0307706502], [10.9518091717, 51.0308427729], [10.9520907186, 51.0309439253], [10.9524971378, 51.0306333675], [10.9526024421, 51.0305321218], [10.952755693, 51.030424843], [10.9529362988, 51.0304461191], [10.9533388567, 51.0304954418], [10.9536152684, 51.0304783277], [10.9540264694, 51.0304526656], [10.954069118, 51.030345734], [10.9540862511, 51.0303159989], [10.9543862083, 51.0303617658], [10.9546944127, 51.0304090623], [10.954813427, 51.0300724211], [10.954830507, 51.0300279158], [10.954906799, 51.029794845], [10.9550201214, 51.0294486874], [10.9552434276, 51.0287665166], [10.9554342668, 51.028183485], [10.9554421633, 51.0281593922], [10.9555907983, 51.0281141919], [10.9556442741, 51.0281018425], [10.9557214585, 51.0280391937], [10.9560711215, 51.0277554081], [10.9560978228, 51.0277337218], [10.9561587651, 51.0276846191], [10.9563296839, 51.0275477018], [10.9563992549, 51.0275777353], [10.9571689896, 51.0278958071], [10.9575278549, 51.0276512294], [10.958039988, 51.0272931166], [10.9583470898, 51.0270789433], [10.9585446175, 51.0269424409], [10.9590638304, 51.0265825077], [10.9590566565, 51.0265470171], [10.9586351944, 51.0262387659], [10.9582410358, 51.0259431609], [10.9580583023, 51.0257261167], [10.9575119149, 51.0253169325], [10.9574653952, 51.0252785837], [10.9578642951, 51.0250065485], [10.9582836083, 51.0247144063], [10.9587988005, 51.0243547528], [10.9588440004, 51.0243247541], [10.9593758685, 51.0239545144], [10.9599063468, 51.0235842497], [10.9600386239, 51.0234922341], [10.9604872307, 51.0231801652], [10.9605155466, 51.0231574139], [10.9605489934, 51.0231283151], [10.9617679648, 51.0235076004], [10.9652922618, 51.0246040812], [10.96736569, 51.0252608819], [10.9691898358, 51.0258384386], [10.9729041654, 51.0270010485], [10.9744035449, 51.0274733555], [10.9752436713, 51.0277391858], [10.9756474697, 51.0278654703], [10.975791756, 51.0279099989], [10.975803981, 51.027914762], [10.9759824891, 51.0280106126], [10.9760181976, 51.0280215869], [10.9766868774, 51.0282950284], [10.9768739136, 51.0283701156], [10.9770585724, 51.0284477339], [10.9765868859, 51.0285526459], [10.9762350686, 51.028902184], [10.9761528185, 51.0289286836], [10.9760497447, 51.0289324553], [10.975967679, 51.0289590012], [10.9758875235, 51.0290004853], [10.9756089076, 51.0291094204], [10.9754532847, 51.0291645539], [10.9752770062, 51.0292267699], [10.9753023206, 51.0292346052], [10.9757819978, 51.0294540522], [10.9758584052, 51.0294889976], [10.9761687596, 51.0296291137], [10.9762221516, 51.0296534024], [10.9765566903, 51.0298055689], [10.9766056078, 51.0298278223], [10.9768191647, 51.0299249582], [10.976922515, 51.0304424853], [10.9769583408, 51.0306218808], [10.9769995313, 51.0308244069], [10.9771989991, 51.0309051128], [10.9772818121, 51.0309393481], [10.9776174388, 51.0310866484], [10.9781575027, 51.0313029464], [10.9786586198, 51.0315038264], [10.9787205571, 51.0315280448], [10.97936961, 51.0317822345], [10.9803388874, 51.0321590819], [10.9800996201, 51.0322597241], [10.9798788567, 51.0323902535], [10.9797118477, 51.0327067426], [10.9796885554, 51.032750829], [10.9794197746, 51.0330443441], [10.9795230273, 51.0330730756], [10.9813033025, 51.033633185], [10.981330423, 51.0336420864], [10.9813742721, 51.0336565185], [10.9811138138, 51.0339985884], [10.9809464235, 51.0342180829], [10.9809816658, 51.0342271812], [10.9811682829, 51.0342753258], [10.981200378, 51.034283606], [10.9812268463, 51.0342904167], [10.9814051878, 51.0343362775], [10.9814492052, 51.0343476183], [10.981737029, 51.0344212113], [10.9825127077, 51.0346213725], [10.9823630268, 51.0348611413], [10.9823925669, 51.0348688952], [10.9846076988, 51.0354659608], [10.9846920914, 51.0354205791], [10.9852411866, 51.0355266702], [10.9853236031, 51.0355372463], [10.9861781299, 51.0356745588], [10.9871266995, 51.0357817928], [10.9876823741, 51.0358152795], [10.987676817, 51.0357771891], [10.9877093196, 51.0357760417], [10.9876373984, 51.036858799], [10.9875278631, 51.0375676328], [10.9874355745, 51.0381771241], [10.9871539247, 51.0390555665], [10.9869354386, 51.0399799594], [10.9868636067, 51.040158509], [10.9866281069, 51.0407443939], [10.9864957257, 51.0413398011], [10.9863181873, 51.0422116015], [10.986268624, 51.0422043491], [10.9853185533, 51.0421489179], [10.9851140017, 51.042950619], [10.9850472979, 51.0431993621], [10.9850255372, 51.0432830419], [10.9849851441, 51.04327701], [10.9838951899, 51.0431058233], [10.9837967682, 51.0430904148], [10.9831575032, 51.0429925492], [10.9828738461, 51.0429456401], [10.9827970239, 51.0429408193], [10.9811756247, 51.042679065], [10.9812398654, 51.0424915185], [10.9811630591, 51.0424788576], [10.9801578295, 51.0423027198], [10.9802756878, 51.0418174336], [10.9803450906, 51.041531675], [10.9804003097, 51.0413045151], [10.9803206152, 51.0412968994], [10.9803140198, 51.0412961883], [10.98029751, 51.0412944104], [10.9802671388, 51.0412911398], [10.9792632355, 51.041187361], [10.9782270967, 51.041080237], [10.9781465735, 51.0410719036], [10.9777272193, 51.041026427], [10.9776545491, 51.0410184199], [10.9772197606, 51.0409697276], [10.9758347118, 51.0408633668], [10.9755999077, 51.0408424147], [10.9755712156, 51.0408410067], [10.9754936596, 51.0408329532], [10.9752462099, 51.0408132835], [10.9752034016, 51.0410540964], [10.9751735795, 51.0410537633], [10.9743599735, 51.0410446891], [10.9730040176, 51.0410290957], [10.9729679555, 51.0410285185], [10.9727500997, 51.0410240258], [10.9727266266, 51.0410235408], [10.9726926929, 51.0410228295], [10.9718914967, 51.0410064408], [10.9718102696, 51.0410050165], [10.9717397719, 51.0410038662], [10.9714249726, 51.0404773281], [10.9714097615, 51.0404495079], [10.9713640331, 51.0403658211], [10.9712987165, 51.0403683748], [10.9712181583, 51.0403715228], [10.9703071898, 51.0404070848], [10.9702214017, 51.0404113726], [10.9687798357, 51.0404848682], [10.9687313748, 51.0404872902], [10.9685787531, 51.0404949424], [10.9685533308, 51.0404962198], [10.9684891394, 51.0404994472], [10.968429816, 51.0405024209], [10.9683177391, 51.0403966546], [10.9683717458, 51.0403280944], [10.9683953907, 51.0402880857], [10.9684300646, 51.0402014126], [10.9684719013, 51.0401415356], [10.9685723303, 51.0400968201], [10.9682124213, 51.0400661292], [10.9680535335, 51.0400523225], [10.9678676809, 51.0400662697], [10.9677881091, 51.0400616481], [10.9677417568, 51.0400365283], [10.9676783475, 51.0399680106], [10.9674716064, 51.0400224219], [10.9673807393, 51.0400223747], [10.9669548048, 51.0398374993], [10.966884293, 51.0398197704], [10.9668486888, 51.0398416323], [10.9667962623, 51.0398968206], [10.9666923889, 51.0399822353], [10.9665385429, 51.0399745202], [10.9664647881, 51.0399935995], [10.9663898429, 51.0400636642], [10.96628812, 51.0400728868], [10.9661476089, 51.0400393287], [10.9660199287, 51.0400431169], [10.965941648, 51.0401054122], [10.9658506221, 51.040106738], [10.9657822109, 51.0400574209], [10.9657160164, 51.04007182], [10.965669906, 51.0401025326], [10.9656622986, 51.0401304399], [10.9656185677, 51.0401683019], [10.9655285277, 51.0401727369], [10.9654840801, 51.0401722994], [10.9654866056, 51.0401043008], [10.9655402412, 51.0401006221], [10.9656939059, 51.0397685736], [10.9656834055, 51.0395605525], [10.9657130092, 51.0393443919], [10.9656910323, 51.0393382198], [10.9657043216, 51.0392632059], [10.9657495961, 51.0391726634], [10.9659383323, 51.0389398509], [10.9659243188, 51.0388679846], [10.9650860504, 51.0383295359], [10.9648016442, 51.0381762075], [10.9645846295, 51.0380782291], [10.964108167, 51.0379208527], [10.9640054824, 51.0379362402]]]}, "properties": {"STADTTE_ID": 42, "NAME": "Kühnhausen", "DOWNLOADLI": "https://geoportal.erfurt.de/gis/pub/downloads/thematik/stadtteile.zip", "SHAPE_AREA": 3091831.3126}}, {"type": "Feature", "geometry": {"type": "Polygon", "coordinates": [[[10.9346293485, 51.0313098973], [10.9344532483, 51.0312719856], [10.9333132345, 51.0309517001], [10.9324932208, 51.0307974874], [10.9323650266, 51.0307476317], [10.9324012226, 51.0307289407], [10.9323890076, 51.030704648], [10.9322127481, 51.0303889123], [10.9320515416, 51.0298889272], [10.9320208306, 51.029735699], [10.9319684702, 51.0294409776], [10.9318391907, 51.0287638917], [10.9316969347, 51.0280078241], [10.931651353, 51.028006986], [10.9310202482, 51.0279796173], [10.9309914717, 51.0279769812], [10.93096777, 51.0279712358], [10.9304179699, 51.0278368002], [10.9300132268, 51.0277370396], [10.9293278016, 51.0275654191], [10.9293529192, 51.0275177002], [10.929549578, 51.0271353842], [10.9302164497, 51.0258416232], [10.9301225352, 51.0258085292], [10.9300478402, 51.0257839879], [10.929789039, 51.0257130327], [10.9294714612, 51.0256264088], [10.9291349304, 51.0255316018], [10.9287886233, 51.0254367141], [10.9284829972, 51.0253554923], [10.9285125484, 51.0252941057], [10.9286863639, 51.0249937871], [10.9288760555, 51.0246451537], [10.9290934507, 51.0242440061], [10.9286376417, 51.0241666056], [10.9272384847, 51.0239336418], [10.927271242, 51.0238901923], [10.9277591216, 51.0232007173], [10.9278572138, 51.0230620876], [10.9283540933, 51.0223709775], [10.9282714875, 51.022349726], [10.9274494043, 51.0221380522], [10.9274468254, 51.0221373816], [10.9274542603, 51.0221252786], [10.9283334521, 51.0206957146], [10.9288142653, 51.0207876037], [10.928912216, 51.0208027125], [10.9288611409, 51.0207076957], [10.9289675957, 51.0205719361], [10.9294261143, 51.0196048979], [10.9295471189, 51.0192783038], [10.929769487, 51.0189687469], [10.9298735681, 51.0184768215], [10.9299970753, 51.0179345548], [10.9300273152, 51.0178491193], [10.9290203697, 51.017472414], [10.9283165257, 51.0172168202], [10.9283093159, 51.0172396857], [10.9282219285, 51.0174208802], [10.9276906293, 51.0172660875], [10.9273061754, 51.0171311754], [10.927351845, 51.0170517069], [10.9271463577, 51.0169768921], [10.9267379588, 51.0167854775], [10.9265448558, 51.01664154], [10.9264705333, 51.0165780771], [10.9251655499, 51.0155280786], [10.9249406872, 51.0153584619], [10.9251139221, 51.0151942307], [10.9253884993, 51.0149587557], [10.9254442264, 51.0149115807], [10.9253670608, 51.0148676961], [10.9252144353, 51.014779583], [10.9250052289, 51.0146608727], [10.9250358425, 51.0146262126], [10.925056953, 51.0145988373], [10.9250840243, 51.014568154], [10.925115137, 51.0145371487], [10.9258115358, 51.0138856733], [10.9258502622, 51.0138414512], [10.9261591574, 51.013460171], [10.9261942184, 51.0134222975], [10.9265579838, 51.013030553], [10.9267344128, 51.0128390215], [10.9269093963, 51.0126520697], [10.9271554867, 51.0123964183], [10.9276363746, 51.0119166175], [10.9277438124, 51.0118048418], [10.9285504242, 51.0109522425], [10.9290393527, 51.0102592495], [10.9294841811, 51.0103181118], [10.9307390745, 51.0105271678], [10.9316820063, 51.0106610612], [10.9321166729, 51.01072098], [10.9321791324, 51.0107294971], [10.932455246, 51.0107534757], [10.9333464944, 51.0107771971], [10.9339482553, 51.0107641576], [10.9340772628, 51.0107588262], [10.9341224468, 51.0107569547], [10.9343420503, 51.0107423263], [10.9345575861, 51.0107279662], [10.934767742, 51.0107139611], [10.9349313155, 51.0107030638], [10.9351354633, 51.0106894615], [10.9353338449, 51.0106762477], [10.9355105766, 51.0106644624], [10.9356984406, 51.0106519519], [10.9358873033, 51.0106393598], [10.9360687582, 51.0106272751], [10.9362323321, 51.0106163678], [10.9363668375, 51.0106074064], [10.937424978, 51.010508677], [10.9385307958, 51.0104090441], [10.939552648, 51.0103151829], [10.9406979286, 51.0102210374], [10.9407891071, 51.0102136569], [10.9418209555, 51.0101303741], [10.9419301374, 51.0101219685], [10.9430073524, 51.0100379902], [10.9430611853, 51.0100442563], [10.9432397103, 51.0100649996], [10.9434205063, 51.0100861843], [10.9437335005, 51.0101238907], [10.9441791161, 51.0101777241], [10.9443017216, 51.0101925399], [10.9446382242, 51.0102335571], [10.9448366043, 51.0102579282], [10.9450661468, 51.0103067975], [10.9452190719, 51.0103393428], [10.945866744, 51.0105932218], [10.9458907663, 51.010570013], [10.9461517542, 51.0102680274], [10.9462182503, 51.0102927535], [10.9466318119, 51.0104654768], [10.9466540876, 51.0104747835], [10.9471089317, 51.0101707843], [10.9476966576, 51.0097173743], [10.9477842506, 51.0096201169], [10.9478375784, 51.009634836], [10.9483252574, 51.0098116271], [10.9493717218, 51.0101862926], [10.9499799901, 51.0104002519], [10.9503110494, 51.0100265505], [10.950356329, 51.0100336809], [10.9503985284, 51.0100402799], [10.9508141001, 51.0101048576], [10.9513644012, 51.0101933175], [10.9520579135, 51.01034285], [10.9521203368, 51.0103562639], [10.9525691549, 51.0104677514], [10.9530942853, 51.0106467899], [10.9535042814, 51.0107277674], [10.9537512955, 51.0107922461], [10.9541548284, 51.0108800306], [10.9545109761, 51.010982115], [10.9545709326, 51.0110001259], [10.9549010579, 51.0111036842], [10.9555992002, 51.011197297], [10.9561746794, 51.0113044988], [10.9567008246, 51.0114062242], [10.9571844783, 51.0115042326], [10.9572578041, 51.0115201951], [10.9576967477, 51.0116142793], [10.9581092012, 51.0116988761], [10.9585482432, 51.0117511579], [10.9596000105, 51.0119624812], [10.9596846457, 51.011987631], [10.9600592892, 51.0121044497], [10.9602471158, 51.0121356136], [10.9609956216, 51.0123124777], [10.962211916, 51.0126303133], [10.9623195115, 51.0127225623], [10.9623286597, 51.0127257273], [10.9623829153, 51.0128602266], [10.9621445574, 51.0130346241], [10.9638355019, 51.0135262036], [10.96332957, 51.0142194129], [10.9629828612, 51.0146927628], [10.9625560928, 51.0152902821], [10.962889304, 51.015387834], [10.9641653717, 51.01560919], [10.9651745555, 51.0157822438], [10.9651263178, 51.0158001629], [10.9650860085, 51.0157933251], [10.9650662069, 51.0158204267], [10.9645064163, 51.0165829403], [10.9641433819, 51.0170834301], [10.9637552079, 51.0176290987], [10.963695505, 51.0177143254], [10.9625734988, 51.0192455351], [10.9626618791, 51.0193445875], [10.9624173229, 51.0198180498], [10.9624060954, 51.0198560024], [10.9623458323, 51.0200592711], [10.9623315625, 51.0201072001], [10.9623195376, 51.0201407925], [10.9624777862, 51.0201673586], [10.9624872856, 51.0201689123], [10.9628592338, 51.0202339467], [10.9633161172, 51.0203042031], [10.9633678092, 51.0203137138], [10.9625440311, 51.0217449733], [10.9624533819, 51.0217737836], [10.9618789641, 51.0221853187], [10.9612291228, 51.0226454935], [10.9605926636, 51.0230976713], [10.9605489934, 51.0231283151], [10.9605155466, 51.0231574139], [10.9604872307, 51.0231801652], [10.9600386239, 51.0234922341], [10.9599063468, 51.0235842497], [10.9593758685, 51.0239545144], [10.9588440004, 51.0243247541], [10.9587988005, 51.0243547528], [10.9582836083, 51.0247144063], [10.9578642951, 51.0250065485], [10.9574653952, 51.0252785837], [10.9575119149, 51.0253169325], [10.9580583023, 51.0257261167], [10.9582410358, 51.0259431609], [10.9586351944, 51.0262387659], [10.9590566565, 51.0265470171], [10.9590638304, 51.0265825077], [10.9585446175, 51.0269424409], [10.9583470898, 51.0270789433], [10.958039988, 51.0272931166], [10.9575278549, 51.0276512294], [10.9571689896, 51.0278958071], [10.9563992549, 51.0275777353], [10.9563296839, 51.0275477018], [10.9561587651, 51.0276846191], [10.9560978228, 51.0277337218], [10.9560711215, 51.0277554081], [10.9557214585, 51.0280391937], [10.9556442741, 51.0281018425], [10.9555907983, 51.0281141919], [10.9554421633, 51.0281593922], [10.9554342668, 51.028183485], [10.9552434276, 51.0287665166], [10.9550201214, 51.0294486874], [10.954906799, 51.029794845], [10.954830507, 51.0300279158], [10.954813427, 51.0300724211], [10.9546944127, 51.0304090623], [10.9543860238, 51.0303617195], [10.9540862511, 51.0303159989], [10.954069118, 51.030345734], [10.9540264694, 51.0304526656], [10.9536152684, 51.0304783277], [10.9533388567, 51.0304954418], [10.9529362988, 51.0304461191], [10.952755693, 51.030424843], [10.9526024421, 51.0305321218], [10.9524971378, 51.0306333675], [10.9520907186, 51.0309439253], [10.9518091717, 51.0308427729], [10.9518540628, 51.0307706502], [10.9515565291, 51.0306958006], [10.9513938157, 51.0306542049], [10.9508873268, 51.0304897005], [10.950464236, 51.0309102206], [10.9500502888, 51.0313456975], [10.9498871675, 51.031521607], [10.9498562731, 51.03155646], [10.9499527414, 51.0315658831], [10.9499804178, 51.0315965244], [10.9499678989, 51.0321281838], [10.9499562685, 51.0326703778], [10.9499501882, 51.0331491854], [10.9499945472, 51.0331615035], [10.9500556966, 51.0331833651], [10.9500523511, 51.0332166403], [10.9500556161, 51.0332374347], [10.9500529988, 51.0332694036], [10.9500657804, 51.03386434], [10.9500586346, 51.0340071948], [10.9500589834, 51.0340498156], [10.9498231839, 51.0340630156], [10.9498253794, 51.0341103542], [10.9498282149, 51.0341596858], [10.9498146504, 51.0347652804], [10.9497972352, 51.0352030128], [10.9496233983, 51.0351741785], [10.9495166492, 51.0351858771], [10.9486039239, 51.0350406078], [10.9485944676, 51.0350193357], [10.9485391313, 51.0348947873], [10.9485239476, 51.0348607527], [10.948493077, 51.0347909894], [10.9482724623, 51.0342587344], [10.948239002, 51.0342581278], [10.9482128437, 51.0342593042], [10.9481240308, 51.0342628654], [10.9471065256, 51.0343058908], [10.9461496864, 51.0343511533], [10.9459015539, 51.034363066], [10.9458335653, 51.0343617612], [10.9458543406, 51.0333026746], [10.9457984396, 51.0332373494], [10.9436003364, 51.0322051905], [10.9418032593, 51.0313669558], [10.9393968527, 51.0313470887], [10.9346293485, 51.0313098973]]]}, "properties": {"STADTTE_ID": 41, "NAME": "Tiefthal", "DOWNLOADLI": "https://geoportal.erfurt.de/gis/pub/downloads/thematik/stadtteile.zip", "SHAPE_AREA": 5243949.87097}}, {"type": "Feature", "geometry": {"type": "Polygon", "coordinates": [[[10.9207940214, 51.0155939609], [10.9203650104, 51.0155297005], [10.9198379329, 51.0154498089], [10.9192937407, 51.015368804], [10.9187450489, 51.0152840238], [10.918654092, 51.0152684941], [10.9183561186, 51.0152202795], [10.9179482585, 51.0151746078], [10.9171815965, 51.0150909403], [10.916564948, 51.0150276617], [10.9165119557, 51.0151761301], [10.9162150678, 51.0155017908], [10.9161588956, 51.0155915313], [10.915919975, 51.0155507886], [10.915222034, 51.0154063045], [10.9143573515, 51.0151603978], [10.9136623962, 51.0149568904], [10.9135903255, 51.0149357789], [10.9140010259, 51.0141751251], [10.9142481925, 51.0137460635], [10.9142721107, 51.0137037041], [10.9142998041, 51.013654008], [10.9143633661, 51.0135407407], [10.9141219928, 51.0133174453], [10.914025996, 51.0132206931], [10.9138839407, 51.0130862527], [10.9133740565, 51.0122504623], [10.9130759813, 51.0117373735], [10.9128558448, 51.0114501003], [10.9127540788, 51.0113133178], [10.9126592599, 51.0111603384], [10.9129882021, 51.0103462863], [10.9132399045, 51.0098561159], [10.9132627593, 51.009817144], [10.9132895534, 51.0097564638], [10.9125761745, 51.0096333763], [10.9117453169, 51.009490853], [10.91199471, 51.0091291011], [10.9121601715, 51.008889352], [10.9123178105, 51.008658708], [10.91248235, 51.0084180058], [10.9126645782, 51.0081513722], [10.9128421428, 51.0078915985], [10.9130167679, 51.0076361301], [10.9131389755, 51.0074573652], [10.9132019615, 51.0073661168], [10.9133754321, 51.0071147993], [10.9135653279, 51.0068396773], [10.9136928583, 51.0066549203], [10.9136755996, 51.0065775781], [10.9122627916, 51.0064472325], [10.9115975584, 51.0063854531], [10.911994969, 51.0057684181], [10.9121994072, 51.0054509786], [10.9122886714, 51.0053124755], [10.9123995288, 51.0051430894], [10.9126127344, 51.0048172801], [10.9130963457, 51.0040780437], [10.9131208006, 51.0040399503], [10.9140594085, 51.0043599685], [10.9139583826, 51.0045063911], [10.9148444423, 51.0048198831], [10.916109167, 51.0052773725], [10.916141109, 51.0052498553], [10.9167049315, 51.0047668491], [10.9166097212, 51.0047415343], [10.9166545321, 51.0046979205], [10.9174992322, 51.0038753284], [10.918122019, 51.0032758925], [10.9187313293, 51.0026824781], [10.9187491896, 51.0026526463], [10.9188692438, 51.0027129507], [10.9197337134, 51.0029744728], [10.9206675381, 51.0032382117], [10.9211306649, 51.0033685424], [10.9217944472, 51.0035635468], [10.922773099, 51.0038410037], [10.9233927778, 51.0040191346], [10.9253823129, 51.0043649779], [10.9269032391, 51.004621692], [10.9269675392, 51.0046327455], [10.9271963867, 51.0046689415], [10.9273450857, 51.0046919064], [10.9273682027, 51.004692784], [10.9273485062, 51.0047338462], [10.927794985, 51.0047360713], [10.9286823146, 51.0047404743], [10.9295143275, 51.0047445982], [10.9302998719, 51.0047484886], [10.9307577045, 51.004750744], [10.9306591097, 51.0050919181], [10.9304964, 51.0056351406], [10.9303432754, 51.0061455317], [10.9303393298, 51.0061585117], [10.9303310833, 51.0061862852], [10.9303257304, 51.0062022095], [10.9307645858, 51.0062819756], [10.9308933184, 51.0063054288], [10.9310863893, 51.0063415234], [10.9311970018, 51.0063629942], [10.9328881741, 51.0066737998], [10.932662959, 51.0074352701], [10.9326575406, 51.0074534773], [10.932505106, 51.0079625026], [10.9324821942, 51.0080395823], [10.9323455443, 51.0085007038], [10.9323310705, 51.0085490236], [10.9323054825, 51.0086340259], [10.9321523084, 51.0091420367], [10.9321432539, 51.0091720676], [10.9319763156, 51.0096662974], [10.9319645331, 51.0097065334], [10.9318367217, 51.010142907], [10.9317182058, 51.0105403789], [10.9317076658, 51.0105755651], [10.9316820063, 51.0106610612], [10.9307390745, 51.0105271678], [10.9294841811, 51.0103181118], [10.9290393527, 51.0102592495], [10.9285504242, 51.0109522425], [10.9277438124, 51.0118048418], [10.9276363746, 51.0119166175], [10.9271554867, 51.0123964183], [10.9269093963, 51.0126520697], [10.9267344128, 51.0128390215], [10.9265579838, 51.013030553], [10.9261942184, 51.0134222975], [10.9261591574, 51.013460171], [10.9258502622, 51.0138414512], [10.9258115358, 51.0138856733], [10.925115137, 51.0145371487], [10.9250840243, 51.014568154], [10.925056953, 51.0145988373], [10.9250358425, 51.0146262126], [10.9250052289, 51.0146608727], [10.9241088277, 51.0143516239], [10.9239918666, 51.0144906272], [10.9243709041, 51.0146901868], [10.924428207, 51.0148854924], [10.9241000982, 51.0152024442], [10.9235703085, 51.0150148896], [10.9229013845, 51.014743404], [10.9226349811, 51.014867896], [10.9225234509, 51.0148359385], [10.9215420706, 51.0145298521], [10.9211591048, 51.0152126004], [10.9209544751, 51.015417437], [10.9207940214, 51.0155939609]]]}, "properties": {"STADTTE_ID": 51, "NAME": "Schaderode", "DOWNLOADLI": "https://geoportal.erfurt.de/gis/pub/downloads/thematik/stadtteile.zip", "SHAPE_AREA": 1422525.59959}}, {"type": "Feature", "geometry": {"type": "Polygon", "coordinates": [[[10.855321681, 51.0258468462], [10.8554042846, 51.0253556472], [10.8556659369, 51.0239446955], [10.8558621053, 51.0228960526], [10.8560593917, 51.0218589344], [10.8562610484, 51.0205358751], [10.8563405951, 51.0195296487], [10.8563645815, 51.0191997619], [10.8565754705, 51.0180128262], [10.8565977554, 51.0179121221], [10.8568384216, 51.0170207643], [10.8571145095, 51.0159795783], [10.8573456018, 51.0149793022], [10.8576578343, 51.0134372173], [10.857683099, 51.0133443987], [10.8577390302, 51.0131888739], [10.8583563012, 51.012425189], [10.8585302805, 51.012176501], [10.8586446103, 51.0119788286], [10.8592095307, 51.0107596353], [10.8594117482, 51.0100694712], [10.8594939072, 51.0097956784], [10.8597597242, 51.0090362244], [10.8599591091, 51.0084010912], [10.8601769926, 51.0076968583], [10.8605925572, 51.0063341911], [10.860955297, 51.0052653963], [10.8614315404, 51.0040673617], [10.8618906576, 51.0031002996], [10.862229217, 51.0024880554], [10.8629834548, 51.0015223588], [10.8630206002, 51.0015332465], [10.8632451909, 51.0016029312], [10.8635741133, 51.0012564196], [10.863862702, 51.0009524027], [10.8641306256, 51.0006672235], [10.8650015731, 51.0009382316], [10.8656238291, 51.0011362189], [10.8656508589, 51.0011448229], [10.8660389376, 51.0006842284], [10.8664131771, 51.0002400582], [10.8676313102, 51.0005877734], [10.8685138114, 51.0008396484], [10.8688170355, 51.0004525207], [10.8692257869, 51.0005533972], [10.8697116633, 51.0006732838], [10.8711633724, 51.0009863556], [10.8717903184, 51.0000950546], [10.8723785537, 51.0001990899], [10.8731852903, 51.0003417878], [10.8738742509, 51.0004576912], [10.8751862738, 51.0006685702], [10.8755194671, 51.0007221151], [10.876234339, 51.0007902325], [10.8776493732, 51.0009293697], [10.8787082773, 51.0010410731], [10.8797103182, 51.0011395561], [10.8798113271, 51.0011495312], [10.8798345033, 51.0011532142], [10.8802342586, 51.0003416723], [10.8802939376, 51.0003486708], [10.8813389146, 51.0004710583], [10.8814562726, 51.0004848193], [10.8815965586, 51.0005012731], [10.882423548, 51.0005684205], [10.8837113148, 51.0006292108], [10.8837221101, 51.0006032091], [10.8838806749, 51.0002186704], [10.8840746151, 51.0002450265], [10.8843454305, 51.0002820223], [10.8846941869, 50.999462533], [10.8858649245, 50.9996129339], [10.8858828397, 50.9995625939], [10.8860268656, 50.9991277956], [10.8863286666, 50.9985428726], [10.8866255276, 50.9980605762], [10.8870463438, 50.9973805189], [10.8870788099, 50.9973280425], [10.8875646712, 50.9965566868], [10.8880523222, 50.9957747209], [10.8885479597, 50.9949839207], [10.8885607484, 50.9949679419], [10.8886381399, 50.9949845804], [10.8886912588, 50.9949946944], [10.8904790729, 50.9953252585], [10.8922695813, 50.9956160776], [10.8934691314, 50.9958076641], [10.8949583982, 50.9960138157], [10.8960146349, 50.9961611239], [10.8958453179, 50.9967527891], [10.8957786062, 50.9969997324], [10.8979537427, 50.9973472504], [10.8996820126, 50.9976577661], [10.9007977237, 50.9978633743], [10.9014926476, 50.9980182558], [10.902208648, 50.998178464], [10.9028856129, 50.9983680201], [10.9033704232, 50.9985359582], [10.90427367, 50.9989391687], [10.9043074902, 50.9989562356], [10.9043448872, 50.9989748882], [10.9046195188, 50.9988464072], [10.9046585189, 50.9988956745], [10.9052627942, 50.9996882719], [10.9053797074, 50.9998386413], [10.9059622673, 51.0005878646], [10.9059975042, 51.0006124652], [10.90689265, 51.0011906293], [10.9064384148, 51.0017589781], [10.9064984015, 51.001779873], [10.9086484282, 51.0025289087], [10.9106619884, 51.003214796], [10.9124281991, 51.0038033401], [10.9131208006, 51.0040399503], [10.9130963457, 51.0040780437], [10.9126127344, 51.0048172801], [10.9123995288, 51.0051430894], [10.9122886714, 51.0053124755], [10.9121994072, 51.0054509786], [10.911994969, 51.0057684181], [10.9115975584, 51.0063854531], [10.9122627916, 51.0064472325], [10.9136755996, 51.0065775781], [10.9136928583, 51.0066549203], [10.9135653279, 51.0068396773], [10.9133754321, 51.0071147993], [10.9132019615, 51.0073661168], [10.9131389755, 51.0074573652], [10.9130167679, 51.0076361301], [10.9128421428, 51.0078915985], [10.9126645782, 51.0081513722], [10.91248235, 51.0084180058], [10.9123178105, 51.008658708], [10.9121601715, 51.008889352], [10.91199471, 51.0091291011], [10.9117453169, 51.009490853], [10.9125761745, 51.0096333763], [10.9132895534, 51.0097564638], [10.9132627593, 51.009817144], [10.9132399045, 51.0098561159], [10.9129882021, 51.0103462863], [10.9126592599, 51.0111603384], [10.9127540788, 51.0113133178], [10.9128558448, 51.0114501003], [10.9130759813, 51.0117373735], [10.9133740565, 51.0122504623], [10.9138839407, 51.0130862527], [10.914025996, 51.0132206931], [10.9141219928, 51.0133174453], [10.9143633661, 51.0135407407], [10.9142998041, 51.013654008], [10.9142721107, 51.0137037041], [10.9142481925, 51.0137460635], [10.9140010259, 51.0141751251], [10.9135903255, 51.0149357789], [10.9134581, 51.0151600723], [10.9134470499, 51.0151761952], [10.9133435854, 51.0153258658], [10.9133180637, 51.0153624575], [10.9132192556, 51.0153279823], [10.9127551138, 51.0151747704], [10.9127312529, 51.0151640397], [10.9124054294, 51.0154223262], [10.9114602269, 51.0161810204], [10.9110100049, 51.0166634414], [10.9108250733, 51.0168957446], [10.9100842602, 51.0182854058], [10.9102072003, 51.018378223], [10.9102962185, 51.0184450604], [10.9103444035, 51.0185040927], [10.9104643066, 51.0187722519], [10.9107855838, 51.0190730128], [10.9111247459, 51.0195133708], [10.9111583217, 51.0196425348], [10.9112091591, 51.0202641807], [10.9111515166, 51.0207544894], [10.9108795367, 51.0211009358], [10.9104383573, 51.0211596694], [10.9095619412, 51.0210448157], [10.9081474333, 51.0208597636], [10.9074434192, 51.0208392185], [10.9064411839, 51.0208055243], [10.9057838567, 51.0208730604], [10.9052987827, 51.0209236059], [10.904813684, 51.0209975752], [10.9035722054, 51.021658128], [10.9013834011, 51.0228272524], [10.9008405847, 51.0237870071], [10.9003564528, 51.0243508695], [10.9000678851, 51.0245632493], [10.8999646556, 51.0246400347], [10.8994554774, 51.0248440898], [10.8993947953, 51.0248684101], [10.8993347443, 51.0248924754], [10.8992603625, 51.024922285], [10.8991816481, 51.0249538332], [10.8989576794, 51.025043585], [10.8988630351, 51.0250815093], [10.8987380987, 51.0251315797], [10.8986782057, 51.0251555837], [10.8985780346, 51.0251957299], [10.898593644, 51.02522333], [10.8983143729, 51.0251293421], [10.8981671156, 51.0251029459], [10.8979030763, 51.0250339201], [10.8975799185, 51.024919614], [10.8970433524, 51.0246978427], [10.8966031681, 51.0245406215], [10.8959696486, 51.0244051703], [10.8955910818, 51.024378529], [10.8952187476, 51.0244057013], [10.8947501157, 51.0245186808], [10.8943810774, 51.024568984], [10.8939791669, 51.0245751069], [10.8936146052, 51.0245563074], [10.8927358263, 51.02427212], [10.8924683298, 51.0242457923], [10.8918281327, 51.0242417758], [10.8913457858, 51.0242792557], [10.8908668994, 51.0243819199], [10.8901321711, 51.0245737985], [10.8894548892, 51.0247998025], [10.889020004, 51.0249158663], [10.8887488772, 51.0249376778], [10.887995735, 51.0249080991], [10.8866997496, 51.0250756777], [10.8862021568, 51.0251674207], [10.8852869408, 51.0251797698], [10.8842891535, 51.0250934596], [10.8839745001, 51.0251202555], [10.8834686583, 51.0253484726], [10.8828162753, 51.0253033716], [10.8824165345, 51.0252645306], [10.882267896, 51.0253291713], [10.8820980294, 51.0256015297], [10.8816155615, 51.0265778201], [10.8815402916, 51.0269924109], [10.8815602832, 51.0273483228], [10.8808605608, 51.0274674322], [10.8803148759, 51.0275098962], [10.8792610293, 51.0276898521], [10.8789154741, 51.0277813493], [10.8775465935, 51.0280612929], [10.8766092959, 51.0282358522], [10.876125055, 51.0282397114], [10.8744184116, 51.0281436609], [10.8730803358, 51.0279920247], [10.8721408398, 51.0280955215], [10.8712003741, 51.0280861314], [10.8696055477, 51.0280681462], [10.8688819892, 51.0280072589], [10.8674816151, 51.0276723576], [10.8657763638, 51.0273676348], [10.8648323346, 51.0271698188], [10.863029281, 51.0267687578], [10.8622405142, 51.0266629767], [10.860722281, 51.0264604907], [10.8595032445, 51.0263113143], [10.8579649733, 51.0262083237], [10.855321681, 51.0258468462]]]}, "properties": {"STADTTE_ID": 44, "NAME": "Töttelstädt", "DOWNLOADLI": "https://geoportal.erfurt.de/gis/pub/downloads/thematik/stadtteile.zip", "SHAPE_AREA": 10817779.1952}}, {"type": "Feature", "geometry": {"type": "Polygon", "coordinates": [[[10.8988152667, 50.9762745486], [10.8988796759, 50.9761477147], [10.8988836422, 50.9761401469], [10.8989810545, 50.9761670706], [10.9001125473, 50.9764711605], [10.9007734941, 50.9766487679], [10.9008438019, 50.9766676683], [10.9013639413, 50.9768074422], [10.9020913865, 50.9770029178], [10.9026230665, 50.9771481524], [10.902779871, 50.9771903009], [10.9028167365, 50.9771654949], [10.9028403023, 50.9771310083], [10.9027417157, 50.9771054343], [10.9040903999, 50.9772494247], [10.9054429896, 50.9773938143], [10.906366756, 50.9774021289], [10.9067630485, 50.9774074179], [10.9079614692, 50.9774219822], [10.9086594907, 50.9774290501], [10.9089145652, 50.9773909165], [10.9091085485, 50.9773336409], [10.9101503176, 50.9770252189], [10.9114877089, 50.9766324177], [10.9115646645, 50.9766186615], [10.9155739713, 50.9768376995], [10.9158775153, 50.9768542774], [10.9169371697, 50.9769140181], [10.9177935511, 50.9768002443], [10.9189478138, 50.9766438145], [10.9191114572, 50.9766212639], [10.9205379671, 50.9764337067], [10.9214812045, 50.9763081148], [10.9230063532, 50.9761070452], [10.9238975635, 50.9759882173], [10.9246450322, 50.9758884294], [10.9248385885, 50.975846001], [10.9249804522, 50.9758014062], [10.9257928876, 50.9755335695], [10.9265993795, 50.9752650167], [10.926813167, 50.975227409], [10.927474629, 50.975175437], [10.9280493395, 50.9751312143], [10.9280520098, 50.9751084668], [10.9284228134, 50.9750866411], [10.9285474494, 50.975106072], [10.9301215523, 50.9746550707], [10.9310551282, 50.9743880907], [10.9311066102, 50.9743727227], [10.9311039825, 50.9744140396], [10.9310958709, 50.9744796417], [10.9310903869, 50.9745231894], [10.9310120239, 50.9751268033], [10.930958362, 50.9757031538], [10.9309036782, 50.9761006178], [10.9308729002, 50.9765142473], [10.9313944956, 50.9766247929], [10.9317826606, 50.9767104855], [10.9318714816, 50.9767260392], [10.9319364585, 50.9767363861], [10.9320074343, 50.976745943], [10.9327457985, 50.9768562794], [10.933119831, 50.9769070671], [10.9332765902, 50.9767769851], [10.93345875, 50.9766257404], [10.9335469069, 50.976139776], [10.9335566154, 50.9760950979], [10.9335638352, 50.9760409583], [10.9340702961, 50.9761533588], [10.9341038715, 50.9761607665], [10.93587317, 50.9765536278], [10.9362573729, 50.9767015817], [10.9360486625, 50.9773299199], [10.935834903, 50.9779733129], [10.9356417007, 50.9785705982], [10.9357084388, 50.9786348502], [10.935535196, 50.9791622901], [10.9354459778, 50.9794336728], [10.9354377523, 50.9794571493], [10.9354284136, 50.9794856501], [10.9354097681, 50.9795413938], [10.9353872559, 50.9796104959], [10.9353389032, 50.9797572992], [10.9353038409, 50.9798895717], [10.9352595107, 50.9800173192], [10.9352427116, 50.9800657439], [10.9350998671, 50.9804901199], [10.9349329524, 50.9810011126], [10.9347645575, 50.9815007111], [10.9348262784, 50.9815342374], [10.9348002798, 50.9816199651], [10.9356584479, 50.9815832131], [10.9359644372, 50.9815716429], [10.9361854018, 50.981562435], [10.9365389095, 50.9815509991], [10.9367801398, 50.9815442042], [10.9368131158, 50.9815431294], [10.9371879819, 50.9815218176], [10.9372638364, 50.9815175635], [10.9373355781, 50.9815120492], [10.9373622679, 50.9815100083], [10.9374598904, 50.9815066709], [10.9375857339, 50.981502241], [10.9378023044, 50.9814917072], [10.9384816653, 50.9814593231], [10.9389209099, 50.9814367392], [10.9389531745, 50.9814363042], [10.9390584511, 50.9814288813], [10.9391058278, 50.9814263993], [10.939350085, 50.9814116795], [10.9390476779, 50.98207565], [10.938673336, 50.9828688079], [10.9383834109, 50.9834979133], [10.9383080193, 50.9836578305], [10.9383021022, 50.9836706222], [10.9384764742, 50.983826596], [10.9385833128, 50.9838558819], [10.9388804877, 50.9839237254], [10.9390415207, 50.9839633468], [10.9391630398, 50.9839940063], [10.9393481861, 50.9840410009], [10.9394971348, 50.984079118], [10.9396259362, 50.9841120547], [10.9397385011, 50.9841400797], [10.9398502594, 50.9841691217], [10.9399613337, 50.984198193], [10.9402136355, 50.9842655176], [10.9413342116, 50.9845790228], [10.9413737904, 50.9845356939], [10.9416719071, 50.9846182533], [10.9422528881, 50.9847690657], [10.9432643595, 50.9850423094], [10.9439986218, 50.9852437595], [10.9445078204, 50.9853860102], [10.9449841635, 50.9850789139], [10.9450869179, 50.9850951321], [10.9452201393, 50.9848118786], [10.9453566858, 50.9845212568], [10.9453790418, 50.9844786064], [10.9478967137, 50.9847204149], [10.950254368, 50.9849413333], [10.951033681, 50.9850205491], [10.951033602, 50.9850423833], [10.9516848772, 50.9851340728], [10.9517839526, 50.9851480218], [10.9520360673, 50.9851835155], [10.9531882579, 50.9853457208], [10.9545321541, 50.9855348899], [10.9546841012, 50.9856134034], [10.9558218513, 50.9858584146], [10.956390224, 50.9859796586], [10.9565665375, 50.9860171266], [10.9568617141, 50.986079953], [10.9572297365, 50.9861593121], [10.9587569013, 50.9864939931], [10.9582782194, 50.9872427388], [10.9582694407, 50.9872640012], [10.9582217171, 50.9873104278], [10.9581973615, 50.9873194062], [10.9573507682, 50.9871260065], [10.9564747822, 50.9869258289], [10.9557243415, 50.9867544544], [10.9549394045, 50.9865764378], [10.954886911, 50.9865833665], [10.9549485991, 50.9869512092], [10.9549146745, 50.9873764289], [10.9548399953, 50.9876927582], [10.9546303637, 50.988480848], [10.9544765141, 50.9889217971], [10.9543208987, 50.9893715568], [10.954288111, 50.9894718076], [10.9542434817, 50.9894619878], [10.9516046624, 50.9888100953], [10.9515579963, 50.9887984316], [10.9512785027, 50.9887249727], [10.9512578132, 50.9887500283], [10.9502105591, 50.9898771285], [10.9495108468, 50.990384821], [10.9487393546, 50.9908972748], [10.9481870766, 50.9914848775], [10.9478766033, 50.9918187665], [10.9476978487, 50.9920109738], [10.9477494879, 50.9920270349], [10.9484253775, 50.9922570388], [10.9490274641, 50.9924390109], [10.9496335498, 50.9926182285], [10.9506783272, 50.9929266644], [10.9516542112, 50.9931626765], [10.9516221124, 50.9932123593], [10.9513340569, 50.9936475608], [10.9513028668, 50.9936947344], [10.9510092348, 50.9941388383], [10.9509905978, 50.9941675622], [10.9493006069, 50.9936767563], [10.9483914149, 50.9934126941], [10.9483725608, 50.9934402475], [10.9482197366, 50.9936670368], [10.9481533318, 50.9937655819], [10.9478959677, 50.9941520238], [10.9478757452, 50.9941821353], [10.9475637393, 50.9946408788], [10.9475423007, 50.9946718064], [10.9475140614, 50.9947118239], [10.9474984816, 50.9947337339], [10.9471531779, 50.9952442068], [10.9468600528, 50.9956775172], [10.9466229431, 50.9960278482], [10.9461618536, 50.995736523], [10.9461212315, 50.9957086408], [10.9456078177, 50.9961599272], [10.9450496671, 50.9966425219], [10.944558637, 50.9970644579], [10.9443682265, 50.9969863665], [10.944122463, 50.9968862357], [10.9439719844, 50.9968620709], [10.9438224862, 50.9968374561], [10.943671539, 50.9968120289], [10.9419609654, 50.9988767585], [10.9421814486, 50.9989366355], [10.9421206655, 50.9990288437], [10.9417935001, 50.9995213601], [10.9416596053, 50.9997203987], [10.9416426328, 50.9997457559], [10.9414499162, 51.0000344712], [10.9411584914, 51.0004726459], [10.9411185771, 51.0005326021], [10.9408188747, 51.0009974706], [10.9405308029, 51.0014411658], [10.9401078523, 51.0021007635], [10.9400773801, 51.0021457663], [10.9396825845, 51.0027520782], [10.9392031711, 51.0034915933], [10.9391797256, 51.0035270233], [10.9387463914, 51.0032324876], [10.9379728413, 51.0044343154], [10.9371227228, 51.004336698], [10.937000247, 51.0043118016], [10.9368761188, 51.0042821056], [10.9367602065, 51.0042388828], [10.9366671283, 51.0041983669], [10.9363600715, 51.0040318985], [10.9361252802, 51.0039046144], [10.9360428158, 51.003860446], [10.9353216588, 51.0034690087], [10.9346663039, 51.0031137805], [10.9346455518, 51.003139031], [10.9346215333, 51.0031682343], [10.9346004084, 51.0031942185], [10.934383278, 51.0035274565], [10.9342748077, 51.0036939007], [10.9340460222, 51.0040450106], [10.9336270121, 51.0046879733], [10.9335051313, 51.004721856], [10.9334659082, 51.0047299574], [10.9334434147, 51.0047298153], [10.9273682027, 51.004692784], [10.9273450857, 51.0046919064], [10.9271963867, 51.0046689415], [10.9269675392, 51.0046327455], [10.9269032391, 51.004621692], [10.9253823129, 51.0043649779], [10.9233927778, 51.0040191346], [10.922773099, 51.0038410037], [10.9217944472, 51.0035635468], [10.9211306649, 51.0033685424], [10.9206675381, 51.0032382117], [10.9197337134, 51.0029744728], [10.9188692438, 51.0027129507], [10.9187491896, 51.0026526463], [10.9187313293, 51.0026824781], [10.918122019, 51.0032758925], [10.9174992322, 51.0038753284], [10.9166545321, 51.0046979205], [10.9166097212, 51.0047415343], [10.9167049315, 51.0047668491], [10.916141109, 51.0052498553], [10.916109167, 51.0052773725], [10.9148444423, 51.0048198831], [10.9139583826, 51.0045063911], [10.9140594085, 51.0043599685], [10.9131208006, 51.0040399503], [10.9124281991, 51.0038033401], [10.9106619884, 51.003214796], [10.9086484282, 51.0025289087], [10.9064984015, 51.001779873], [10.9064384148, 51.0017589781], [10.90689265, 51.0011906293], [10.9059975042, 51.0006124652], [10.9059622673, 51.0005878646], [10.9053797074, 50.9998386413], [10.9052627942, 50.9996882719], [10.9046585189, 50.9988956745], [10.9046195188, 50.9988464072], [10.9043448872, 50.9989748882], [10.9043074902, 50.9989562356], [10.90427367, 50.9989391687], [10.9033704232, 50.9985359582], [10.9028856129, 50.9983680201], [10.902208648, 50.998178464], [10.9014926476, 50.9980182558], [10.9007977237, 50.9978633743], [10.8996820126, 50.9976577661], [10.8979537427, 50.9973472504], [10.8957786062, 50.9969997324], [10.8958453179, 50.9967527891], [10.8960146349, 50.9961611239], [10.8949583982, 50.9960138157], [10.8934691314, 50.9958076641], [10.8922695813, 50.9956160776], [10.8904790729, 50.9953252585], [10.8886912588, 50.9949946944], [10.8886381399, 50.9949845804], [10.8886601519, 50.9949480318], [10.8886246871, 50.9949407189], [10.8891610656, 50.9940911094], [10.8896770006, 50.9932550368], [10.8897343244, 50.9931621559], [10.8897570989, 50.9931264231], [10.8897967853, 50.9930641546], [10.8898418886, 50.9929933706], [10.8902341649, 50.9926073742], [10.8902763355, 50.9925693362], [10.8903296769, 50.9925174085], [10.8903442187, 50.9925019228], [10.8905503851, 50.9922477581], [10.8909512768, 50.9917459063], [10.8912495726, 50.9913675553], [10.8918234337, 50.9906293058], [10.8921576629, 50.9901701821], [10.8921905984, 50.9901262493], [10.8922221261, 50.990135501], [10.892250823, 50.9900955104], [10.8925563174, 50.9896758371], [10.8926292985, 50.9895692241], [10.8929858338, 50.9890236979], [10.8933910568, 50.98841159], [10.8943833149, 50.9867613978], [10.8946467951, 50.9862746391], [10.8949691456, 50.9856786505], [10.8949882935, 50.9856813311], [10.8950303793, 50.9856014367], [10.8950557419, 50.9855534844], [10.8950705532, 50.9855246617], [10.8950834297, 50.9855011954], [10.8951007735, 50.9854694474], [10.8953208084, 50.9849632195], [10.8953282233, 50.9849460124], [10.8955395483, 50.9844693838], [10.8957274786, 50.9840428382], [10.8957389603, 50.9839988272], [10.8957449407, 50.9839820561], [10.8958486211, 50.9836904796], [10.8959978838, 50.9832704538], [10.8961097372, 50.9828105759], [10.8960884927, 50.982805647], [10.8960087577, 50.9827870416], [10.8960501, 50.9825923553], [10.8962079443, 50.9821867306], [10.8962620324, 50.9820393861], [10.8962711792, 50.9820139693], [10.896458127, 50.9815067257], [10.8965131383, 50.9813846938], [10.8966566056, 50.9810223872], [10.8969777484, 50.9802635854], [10.8971439507, 50.9798326432], [10.8972586133, 50.9795636693], [10.8973323685, 50.9793816305], [10.8975118901, 50.9788960963], [10.8977323262, 50.9784089238], [10.8979756575, 50.9778933638], [10.8981453227, 50.9775837272], [10.8984310364, 50.9770259387], [10.8984872276, 50.9769119177], [10.8988152667, 50.9762745486]]]}, "properties": {"STADTTE_ID": 40, "NAME": "Alach", "DOWNLOADLI": "https://geoportal.erfurt.de/gis/pub/downloads/thematik/stadtteile.zip", "SHAPE_AREA": 10127954.4885}}, {"type": "Feature", "geometry": {"type": "Polygon", "coordinates": [[[10.8732130037, 50.9635653157], [10.8732119832, 50.9635649787], [10.8732484171, 50.9631849304], [10.8732562133, 50.9627432311], [10.8732957043, 50.9627001066], [10.8733160429, 50.9626646471], [10.8733082707, 50.9625221044], [10.8732702122, 50.9621707399], [10.8732373974, 50.9617309953], [10.8732329773, 50.9616703921], [10.8732247813, 50.9616450727], [10.873211595, 50.9614880815], [10.8731927625, 50.9612861295], [10.8731767521, 50.9610855811], [10.8731711207, 50.9610340197], [10.8731594505, 50.9608852171], [10.8731242321, 50.9604254885], [10.8731617541, 50.9604255773], [10.8732612768, 50.9604265816], [10.8730327706, 50.9597334945], [10.8730672579, 50.9597280362], [10.8738146744, 50.9596098346], [10.8743524313, 50.9595244857], [10.8744730731, 50.9595044648], [10.8748149565, 50.9594509628], [10.8754672832, 50.9593480384], [10.8755789899, 50.9593305], [10.8763312311, 50.9592105958], [10.8763860106, 50.9592024658], [10.8766333421, 50.9601344655], [10.8768376445, 50.9608592369], [10.8768479006, 50.9608968675], [10.8769419686, 50.9612419786], [10.8771166384, 50.9617052796], [10.8773067873, 50.9621918865], [10.8774693186, 50.9625820469], [10.8774850123, 50.962619554], [10.8775118204, 50.9626573185], [10.8777137817, 50.9629538647], [10.8777443053, 50.9630003741], [10.8777779846, 50.9630350135], [10.8808913615, 50.96192774], [10.8819020424, 50.9615746095], [10.8820686473, 50.961516416], [10.882812282, 50.9612585856], [10.8831237846, 50.9611575389], [10.8833767304, 50.9610923776], [10.8836967442, 50.9610600638], [10.886409507, 50.9609225842], [10.8887430386, 50.9607948018], [10.8935532541, 50.9605497422], [10.8937538086, 50.9605395771], [10.895031853, 50.9604705336], [10.8954677243, 50.960471775], [10.89576491, 50.9605094404], [10.8975124959, 50.9608712559], [10.9006325612, 50.9615238329], [10.9010875141, 50.9616584656], [10.90130342, 50.9617538948], [10.901447084, 50.961851268], [10.902364475, 50.9625083226], [10.9024629432, 50.9625780598], [10.9026262474, 50.9626933264], [10.9032859627, 50.9631556271], [10.9032659267, 50.9632001337], [10.9032347119, 50.9632665412], [10.9031138518, 50.9635638341], [10.902953372, 50.9639374338], [10.9028148355, 50.9642434684], [10.90250635, 50.9642366434], [10.9024852166, 50.9642865603], [10.9021612588, 50.9650520948], [10.9018285746, 50.9658327996], [10.9014319781, 50.9667699385], [10.9023833935, 50.96687616], [10.9024234151, 50.9668813807], [10.9024083065, 50.9669166569], [10.9013464612, 50.9694468848], [10.9016380351, 50.9695770664], [10.8989223162, 50.9760636178], [10.8988836437, 50.9761401477], [10.8988796774, 50.9761477156], [10.8988152682, 50.9762745495], [10.8984872291, 50.9769119186], [10.8984310378, 50.9770259396], [10.8981453242, 50.9775837281], [10.8979756575, 50.9778933647], [10.8977323277, 50.9784089256], [10.8975118916, 50.9788960972], [10.8973323699, 50.9793816314], [10.8972586148, 50.9795636702], [10.8971439522, 50.9798326441], [10.8969777498, 50.9802635863], [10.896656607, 50.981022388], [10.8965131398, 50.9813846955], [10.8964581284, 50.9815067266], [10.8962711807, 50.9820139702], [10.8962620339, 50.982039387], [10.8962079457, 50.9821867314], [10.8960501015, 50.9825923562], [10.8960087592, 50.9827870424], [10.8960884942, 50.9828056479], [10.8961097387, 50.9828105777], [10.8959978853, 50.9832704556], [10.8958486226, 50.9836904805], [10.8957449422, 50.9839820569], [10.8957389617, 50.983998828], [10.8957274786, 50.9840428391], [10.8955395498, 50.9844693846], [10.8953282262, 50.9849460132], [10.8953208099, 50.9849632204], [10.8951007763, 50.9854694482], [10.8950834312, 50.9855011963], [10.8950705546, 50.9855246625], [10.8950557433, 50.9855534852], [10.8950303808, 50.9856014375], [10.8949882949, 50.9856813319], [10.894969147, 50.9856786514], [10.8946467965, 50.98627464], [10.8943833163, 50.9867613986], [10.8933910583, 50.9884115909], [10.8929858353, 50.9890236988], [10.8926293, 50.989569225], [10.8925563189, 50.9896758388], [10.8922508244, 50.9900955112], [10.8922221276, 50.9901355028], [10.8921905998, 50.9901262502], [10.8887906803, 50.9887647009], [10.8879426901, 50.9884259568], [10.8870716911, 50.9880886064], [10.8862766201, 50.987773097], [10.8858879154, 50.987573831], [10.8857031486, 50.9874227221], [10.8827361545, 50.9846891583], [10.882562875, 50.9845504422], [10.8810147667, 50.9833522112], [10.8809116538, 50.9832731254], [10.8805046676, 50.9829588095], [10.8797919648, 50.982418485], [10.8796355914, 50.9823289361], [10.8768126331, 50.9814274378], [10.8766290261, 50.9813615349], [10.8764270898, 50.9812639119], [10.8737649474, 50.9798810518], [10.8735838519, 50.9797976843], [10.8733614358, 50.9797242822], [10.8710317647, 50.9791315503], [10.8701768761, 50.9789147284], [10.8691137682, 50.9786445848], [10.8682548322, 50.9784263172], [10.866137181, 50.9778898804], [10.8660345535, 50.9778638132], [10.8635847685, 50.9773874535], [10.8635958479, 50.9773436662], [10.8636065912, 50.9773089552], [10.8636131199, 50.9772858627], [10.8636485399, 50.9771559877], [10.8636615593, 50.9771084983], [10.8638048227, 50.9765857957], [10.8639679714, 50.9759914262], [10.8641383911, 50.9753772797], [10.8642927615, 50.9748056127], [10.8642989623, 50.9747837026], [10.8643116128, 50.9747354986], [10.8645536204, 50.9738551539], [10.8647807356, 50.9730135783], [10.8647922085, 50.9729709906], [10.8647961907, 50.9729566102], [10.864941887, 50.9724393511], [10.865014728, 50.9721780644], [10.8650923079, 50.9718945393], [10.8651139529, 50.9718136844], [10.8652260557, 50.9714210046], [10.8661124354, 50.9713903417], [10.8663388684, 50.9705955011], [10.8665624985, 50.9697752008], [10.8667541067, 50.9690705974], [10.8668989778, 50.968520256], [10.8669111631, 50.968474088], [10.8669367329, 50.9683803344], [10.8669419271, 50.9683581633], [10.8654498241, 50.9682542179], [10.8654606372, 50.9675088195], [10.8654694382, 50.9668026406], [10.8654801079, 50.9661673837], [10.865481165, 50.9661229909], [10.8654820263, 50.9660536981], [10.8654829726, 50.9653876146], [10.8654880852, 50.9647614587], [10.8653231815, 50.9647525625], [10.8651417412, 50.9647427673], [10.8650561787, 50.9647381542], [10.8650035983, 50.9646740301], [10.8650016044, 50.9646415989], [10.8727614521, 50.9650788274], [10.8728025713, 50.9650351563], [10.873062906, 50.9647197347], [10.8730845115, 50.9646240143], [10.8731257603, 50.9642829694], [10.8732130037, 50.9635653157]]]}, "properties": {"STADTTE_ID": 38, "NAME": "Ermstedt", "DOWNLOADLI": "https://geoportal.erfurt.de/gis/pub/downloads/thematik/stadtteile.zip", "SHAPE_AREA": 5888106.08255}}, {"type": "Feature", "geometry": {"type": "Polygon", "coordinates": [[[10.9118535395, 50.9655997762], [10.9120687249, 50.9656484695], [10.9123362853, 50.9657330856], [10.9154727487, 50.9670787589], [10.9159523759, 50.9672181285], [10.9198485818, 50.968046615], [10.9201270904, 50.968131189], [10.9203022034, 50.9681972146], [10.9207589479, 50.9683834216], [10.9260773161, 50.9705553612], [10.927770241, 50.9711021513], [10.9279217746, 50.971147589], [10.9281649958, 50.9712153788], [10.9284717961, 50.9713007043], [10.9287668576, 50.9713795659], [10.9289652744, 50.9714368926], [10.9291926611, 50.9715649786], [10.9292187081, 50.9715795199], [10.9293107011, 50.9716313131], [10.929406997, 50.9716854662], [10.9295529327, 50.9717683806], [10.9297055939, 50.971903772], [10.9296813083, 50.9719705919], [10.9295074476, 50.9724499258], [10.9293409953, 50.9729208502], [10.9291660782, 50.9734155188], [10.9289769123, 50.9739383637], [10.9289548808, 50.9739930777], [10.9289130819, 50.9740790095], [10.9288072925, 50.974296416], [10.928658642, 50.9746018752], [10.9284384187, 50.9750545533], [10.9284228134, 50.9750866411], [10.9280520098, 50.9751084668], [10.9280493395, 50.9751312143], [10.927474629, 50.975175437], [10.926813167, 50.975227409], [10.9265993795, 50.9752650167], [10.9257928876, 50.9755335695], [10.9249804522, 50.9758014062], [10.9248385885, 50.975846001], [10.9246450322, 50.9758884294], [10.9238975635, 50.9759882173], [10.9230063532, 50.9761070452], [10.9214812045, 50.9763081148], [10.9205379671, 50.9764337067], [10.9191114572, 50.9766212639], [10.9189478138, 50.9766438145], [10.9177935511, 50.9768002443], [10.9169371697, 50.9769140181], [10.9158775153, 50.9768542774], [10.9155739713, 50.9768376995], [10.9115646645, 50.9766186615], [10.9114877089, 50.9766324177], [10.9101503176, 50.9770252189], [10.9091085485, 50.9773336409], [10.9089145652, 50.9773909165], [10.9086594907, 50.9774290501], [10.9079614692, 50.9774219822], [10.9067630485, 50.9774074179], [10.906366756, 50.9774021289], [10.9054429896, 50.9773938143], [10.9040903999, 50.9772494247], [10.9027417157, 50.9771054343], [10.9028403023, 50.9771310083], [10.9028167365, 50.9771654949], [10.902779871, 50.9771903009], [10.9026230665, 50.9771481524], [10.9020913865, 50.9770029178], [10.9013639413, 50.9768074422], [10.9008438019, 50.9766676683], [10.9007734941, 50.9766487679], [10.9001125473, 50.9764711605], [10.8989810545, 50.9761670706], [10.8988836422, 50.9761401469], [10.8989223148, 50.9760636169], [10.9016380337, 50.9695770655], [10.9013464597, 50.969446884], [10.902408305, 50.966916656], [10.9024234136, 50.9668813799], [10.902383392, 50.9668761591], [10.9014319766, 50.9667699376], [10.9018285731, 50.9658327987], [10.9021612573, 50.9650520931], [10.9024852165, 50.9642865594], [10.9025063485, 50.9642366425], [10.9028148341, 50.9642434676], [10.9029533706, 50.9639374329], [10.9031138504, 50.9635638332], [10.9032347105, 50.9632665403], [10.9032659253, 50.9632001328], [10.9032859612, 50.9631556262], [10.90390943, 50.9636162433], [10.9040650512, 50.9637037935], [10.9044060126, 50.9638278152], [10.9061602969, 50.9644658932], [10.9077223706, 50.9650353392], [10.9079137905, 50.9651035056], [10.9081028497, 50.9651570057], [10.9083165124, 50.965192082], [10.9085426429, 50.9652193726], [10.9112336701, 50.9655277972], [10.9115442309, 50.9655613338], [10.9117056049, 50.9655802135], [10.9118535395, 50.9655997762]]]}, "properties": {"STADTTE_ID": 47, "NAME": "Gottstedt", "DOWNLOADLI": "https://geoportal.erfurt.de/gis/pub/downloads/thematik/stadtteile.zip", "SHAPE_AREA": 2107037.46333}}, {"type": "Feature", "geometry": {"type": "Polygon", "coordinates": [[[10.9170573804, 50.9422905858], [10.9175327505, 50.9407074835], [10.9175488976, 50.9407100621], [10.9180397851, 50.9407886049], [10.9184532042, 50.9408546909], [10.9187188867, 50.940897105], [10.9198000661, 50.9410695044], [10.9198558973, 50.9410784064], [10.920167092, 50.941132658], [10.9205097283, 50.9411923751], [10.9215109461, 50.9413668232], [10.921552664, 50.9413746545], [10.9221991957, 50.9414960196], [10.9225401544, 50.941560006], [10.9228092239, 50.9416104862], [10.9229292298, 50.9416329984], [10.9228743682, 50.9418320181], [10.9235662921, 50.9419609922], [10.9244235632, 50.9421208027], [10.9250934132, 50.9422457184], [10.9258021984, 50.9423779635], [10.9258361265, 50.9423842984], [10.9261875388, 50.9424499113], [10.9261456209, 50.9425470119], [10.9262661513, 50.9425713683], [10.9268703223, 50.9426934534], [10.9270158146, 50.942722857], [10.9282910405, 50.9429805938], [10.9283359329, 50.9429896652], [10.9282068295, 50.9433828911], [10.9280805816, 50.9437674232], [10.9280632427, 50.943820236], [10.9279554101, 50.9441486718], [10.9279239809, 50.9442444037], [10.9278591723, 50.9444417968], [10.9278261102, 50.9445424904], [10.9278062006, 50.944603135], [10.9277742389, 50.944703698], [10.9277454464, 50.9447866504], [10.9276946257, 50.9449340021], [10.9283628425, 50.9450413347], [10.9290854231, 50.9451543135], [10.9290688094, 50.9452159281], [10.9290380741, 50.9453299293], [10.9289886712, 50.9455130924], [10.9289599341, 50.9456195904], [10.9288769787, 50.9459269351], [10.9296869517, 50.9459952015], [10.9298256688, 50.9460046139], [10.9299827596, 50.946018086], [10.9300627031, 50.9460239143], [10.9301339273, 50.9460298895], [10.9311482573, 50.9461127256], [10.9313907727, 50.946132654], [10.9316772384, 50.9461572743], [10.931776017, 50.9461646101], [10.9322137368, 50.9462009515], [10.9324438771, 50.9462220062], [10.9326404548, 50.9462388935], [10.9326776204, 50.9462427733], [10.9329164951, 50.9462689014], [10.9330467068, 50.9462803925], [10.9333308561, 50.9463070239], [10.9336162333, 50.9463336658], [10.9338813526, 50.9463580847], [10.934716401, 50.9464520544], [10.9350092874, 50.9464851185], [10.9352488545, 50.946519322], [10.9354784413, 50.9465528864], [10.9356151281, 50.9465727438], [10.9359135887, 50.9466164111], [10.9360865802, 50.9466416755], [10.9363983074, 50.9466865794], [10.9370022833, 50.9467648346], [10.936989489, 50.9467972648], [10.9368997353, 50.9472452556], [10.9368149394, 50.9476828852], [10.9367203891, 50.9481285847], [10.9364914454, 50.9481140929], [10.9362590944, 50.9480978422], [10.9360273213, 50.9480820626], [10.9358140017, 50.9480679157], [10.9357843632, 50.9480654482], [10.9355716219, 50.9480431817], [10.9353352295, 50.9480190071], [10.9351404411, 50.9479995765], [10.9351086548, 50.9479964015], [10.9350981155, 50.9480540293], [10.9350958182, 50.9480659363], [10.9349938865, 50.9485357129], [10.9348969359, 50.948962295], [10.9348719321, 50.9490718147], [10.9348681732, 50.9490969683], [10.9347505974, 50.9496246819], [10.9346021994, 50.9502657193], [10.9346971993, 50.9503007717], [10.9348065238, 50.9503378134], [10.9345417377, 50.9515427553], [10.9344248875, 50.9520724214], [10.9347982367, 50.9521582514], [10.9345935829, 50.9530363476], [10.9345344272, 50.9532888777], [10.9344720622, 50.9535534567], [10.9344276164, 50.9537415213], [10.9344184802, 50.9537801456], [10.9345857887, 50.9538093746], [10.9356776805, 50.9541350766], [10.9359683489, 50.9541809121], [10.9358653776, 50.9547217073], [10.9357523893, 50.9552790755], [10.9356564132, 50.9557631926], [10.9356469209, 50.9558105692], [10.9355317926, 50.9564090438], [10.9354331929, 50.9569224774], [10.9353266443, 50.9574753637], [10.9353205612, 50.9574986357], [10.9353158904, 50.9575236821], [10.9353110252, 50.9575478909], [10.9350497135, 50.9584715138], [10.9348951358, 50.9590192526], [10.9346880424, 50.9597683658], [10.9346744263, 50.9598191841], [10.9344752119, 50.9605241237], [10.9342837914, 50.9612090704], [10.9340892504, 50.961911355], [10.9340759085, 50.9619575918], [10.934066942, 50.9619886847], [10.9339071748, 50.9625550264], [10.9338693203, 50.9626890529], [10.9337079597, 50.9632676511], [10.9336768358, 50.9633705633], [10.9334801407, 50.9640828147], [10.9334551836, 50.9641731992], [10.9332615082, 50.9648744657], [10.9330807243, 50.965524772], [10.9328953464, 50.9661770947], [10.932881166, 50.9662269634], [10.9325692618, 50.967324493], [10.9323248793, 50.9681854472], [10.9323108745, 50.9682350115], [10.9321663124, 50.9687528217], [10.9319888813, 50.969403921], [10.9318007213, 50.9700831307], [10.9317933176, 50.970100538], [10.9317875376, 50.9701204501], [10.9310665722, 50.9701581491], [10.9304885235, 50.97020668], [10.9299774341, 50.9702989965], [10.929600125, 50.9704087799], [10.9291436706, 50.9705768782], [10.9287151562, 50.9707382285], [10.9278464284, 50.9710710015], [10.927770241, 50.9711021513], [10.9260773161, 50.9705553612], [10.9207589479, 50.9683834216], [10.9203022034, 50.9681972146], [10.9201270904, 50.968131189], [10.9198485818, 50.968046615], [10.9159523759, 50.9672181285], [10.9154727487, 50.9670787589], [10.9123362853, 50.9657330856], [10.9120687249, 50.9656484695], [10.9118535395, 50.9655997762], [10.9117056049, 50.9655802135], [10.9115442309, 50.9655613338], [10.9112336701, 50.9655277972], [10.9085426429, 50.9652193726], [10.9083165124, 50.965192082], [10.9081028497, 50.9651570057], [10.9079137905, 50.9651035056], [10.9077223706, 50.9650353392], [10.9061602969, 50.9644658932], [10.9044060126, 50.9638278152], [10.9040650512, 50.9637037935], [10.90390943, 50.9636162433], [10.9032859612, 50.9631556262], [10.9026262459, 50.9626933255], [10.9024629418, 50.962578059], [10.9023644721, 50.9625083218], [10.9014470826, 50.9618512672], [10.9013034185, 50.961753893], [10.9010875127, 50.9616584647], [10.9006325583, 50.9615238329], [10.8975124945, 50.9608712559], [10.89576491, 50.9605094395], [10.8954677242, 50.9604717741], [10.895031853, 50.9604705336], [10.8937538072, 50.9605395771], [10.8938016383, 50.9604959641], [10.8938397831, 50.9604560363], [10.8941126723, 50.9601702387], [10.8944164977, 50.9591601041], [10.8945228965, 50.958825504], [10.8945362487, 50.9587840374], [10.894818826, 50.9578923373], [10.8948326777, 50.957850314], [10.8950526599, 50.957162972], [10.8950622882, 50.957124146], [10.8951324184, 50.9569050304], [10.895137424, 50.9568099554], [10.8952507938, 50.9562853625], [10.895262893, 50.9562329404], [10.8956686386, 50.9543649078], [10.8956792965, 50.9543136557], [10.8956811643, 50.9543043404], [10.8961611897, 50.9521250068], [10.8961683726, 50.952069907], [10.8962220967, 50.9516512014], [10.8962204097, 50.9515753733], [10.8964240492, 50.9500103552], [10.8964690744, 50.9495978757], [10.8964784063, 50.9495283287], [10.8964822737, 50.9494984719], [10.8964871367, 50.9494600595], [10.8966361952, 50.9482450349], [10.8966395614, 50.9482272503], [10.8966290077, 50.9482037164], [10.8966211364, 50.9481693457], [10.8965734281, 50.9480348985], [10.8965677215, 50.9480153015], [10.8965701503, 50.9479837188], [10.8966571404, 50.9467932843], [10.8966602012, 50.9467660739], [10.8966649616, 50.9467269329], [10.8966989431, 50.9464269148], [10.8968143469, 50.9454152705], [10.8968210111, 50.9453651641], [10.8968307438, 50.9453206693], [10.8969140677, 50.9449405961], [10.8969484217, 50.9447599105], [10.8969934536, 50.944590968], [10.8969993065, 50.9445672737], [10.8971687969, 50.9445849998], [10.8975759019, 50.9446230998], [10.8978216115, 50.9446464878], [10.8980517253, 50.9446663317], [10.8992540689, 50.9447460181], [10.8994038764, 50.9442496264], [10.899517277, 50.9438578431], [10.8995579064, 50.9437363746], [10.899758704, 50.9431319623], [10.8997720809, 50.9430848223], [10.9003825151, 50.9412737148], [10.900403702, 50.9412229536], [10.9011572067, 50.9413352801], [10.9017799348, 50.9414298501], [10.9019467626, 50.9414544577], [10.9020518002, 50.9414693423], [10.9021992624, 50.9413846365], [10.9022452922, 50.9413585506], [10.9023156, 50.9413159814], [10.9023583045, 50.9412909425], [10.9026163805, 50.9411357828], [10.9026556815, 50.9411120791], [10.9035005925, 50.9411928145], [10.9042368623, 50.9412656487], [10.9044904382, 50.9412836771], [10.904961151, 50.9413107504], [10.9052228089, 50.9413221016], [10.9058651556, 50.9413540255], [10.9063630579, 50.9413671634], [10.9071869371, 50.9413628608], [10.9074823898, 50.9413443815], [10.9082031131, 50.941259328], [10.9084214469, 50.9412524414], [10.9085915906, 50.9412431351], [10.9087403488, 50.9412498405], [10.9095328053, 50.9412997981], [10.910295946, 50.9413039668], [10.9110981138, 50.9413083236], [10.9116962004, 50.9413115596], [10.9120641193, 50.9412564409], [10.9123469243, 50.9412864782], [10.912422472, 50.9412945005], [10.9124599891, 50.9412984844], [10.912527812, 50.9413056843], [10.9125880487, 50.9413120785], [10.9126612544, 50.9413198477], [10.9127506673, 50.9413293379], [10.9128309887, 50.9413378627], [10.9129165445, 50.9413469465], [10.9130139513, 50.9413572894], [10.9131746507, 50.9413743602], [10.9133535938, 50.9413933747], [10.9135621642, 50.941415544], [10.9136329545, 50.9414230697], [10.9137643346, 50.9414566711], [10.913898179, 50.9414908957], [10.9140224562, 50.9415226581], [10.9141782088, 50.9415624347], [10.9142751008, 50.9415871541], [10.9142947615, 50.9415921632], [10.9144043445, 50.9416200461], [10.9145722951, 50.941662716], [10.9146626711, 50.9416856434], [10.9147481793, 50.9417072971], [10.9157571963, 50.9419624158], [10.9161277743, 50.9420560114], [10.9166823696, 50.9421959759], [10.9170573804, 50.9422905858]]]}, "properties": {"STADTTE_ID": 39, "NAME": "Frienstedt", "DOWNLOADLI": "https://geoportal.erfurt.de/gis/pub/downloads/thematik/stadtteile.zip", "SHAPE_AREA": 7210932.17826}}, {"type": "Feature", "geometry": {"type": "Polygon", "coordinates": [[[10.9461680528, 50.95338304], [10.9457904943, 50.9542363051], [10.9454373765, 50.9550439183], [10.9452062814, 50.9555757427], [10.9448929886, 50.9562912396], [10.9448756973, 50.9563301777], [10.9451290479, 50.9563794073], [10.9459113511, 50.9565246129], [10.946476854, 50.9566173481], [10.9467865351, 50.9566681334], [10.9468934969, 50.9566756142], [10.946932303, 50.9566865896], [10.946999415, 50.9567053078], [10.9475239281, 50.9568215805], [10.9480099375, 50.9569368834], [10.9480501857, 50.9569464422], [10.9482280234, 50.9569811861], [10.9485255871, 50.9570475706], [10.9487034242, 50.9571284647], [10.9489681282, 50.9572079462], [10.9490086739, 50.9572201141], [10.9493456264, 50.9573153553], [10.9499216374, 50.9574933784], [10.9499373383, 50.9574983109], [10.9504508374, 50.9576272269], [10.9505275183, 50.9576452561], [10.9509544492, 50.9577655809], [10.9511116839, 50.9578040904], [10.9514492847, 50.9578777938], [10.9515933166, 50.9579129663], [10.9516860521, 50.9579366578], [10.9519518064, 50.9579951977], [10.9520585469, 50.9580208842], [10.9524235872, 50.9581087182], [10.9525984638, 50.9581507998], [10.9527644791, 50.958190744], [10.9539005031, 50.9584633771], [10.953968051, 50.9584775197], [10.9548422241, 50.958679059], [10.9549910122, 50.9587091913], [10.9550903301, 50.9587309163], [10.9553469017, 50.9587855002], [10.9559812028, 50.9589098093], [10.9569812153, 50.9591133463], [10.9571635553, 50.9591555783], [10.9571237589, 50.9592318838], [10.9570898621, 50.9592945333], [10.9569750532, 50.959516613], [10.9570850699, 50.9595450479], [10.958485593, 50.9599071568], [10.9586162613, 50.9599427229], [10.9587842317, 50.9599899664], [10.9591433293, 50.9601094137], [10.958819669, 50.9605197325], [10.9587016391, 50.9606689627], [10.9586639786, 50.9607166573], [10.9585257547, 50.9608993912], [10.9584994714, 50.9609347723], [10.9583798988, 50.9610924399], [10.9580574615, 50.9615187491], [10.9578784958, 50.9617510997], [10.9576907594, 50.96199939], [10.9576569859, 50.9620475865], [10.9577166667, 50.9620629957], [10.958154325, 50.9621690161], [10.9586812621, 50.9623005416], [10.9583687988, 50.9628115482], [10.9580627065, 50.9633842676], [10.9576691165, 50.9641410302], [10.9573071127, 50.9650106014], [10.957231431, 50.9652660293], [10.9571470019, 50.9656189949], [10.9571325396, 50.9656839663], [10.9571237074, 50.9657163799], [10.9571181142, 50.9657408392], [10.9577080188, 50.9657541735], [10.958226114, 50.9657602038], [10.9580925141, 50.9660123298], [10.9580770107, 50.9660423236], [10.9591314995, 50.9659479019], [10.9598618965, 50.9658739681], [10.9602606971, 50.9658213071], [10.9602451914, 50.9658412329], [10.9601776432, 50.9659280619], [10.9615921855, 50.9657607439], [10.963344196, 50.9655768606], [10.9636505553, 50.9655462002], [10.9638396172, 50.965566601], [10.9640962437, 50.9656285641], [10.9646790748, 50.9655393143], [10.9650875173, 50.9654765456], [10.9658342328, 50.9653130602], [10.9662794675, 50.9651964524], [10.9668882929, 50.9650063353], [10.9675199248, 50.9648091006], [10.9680334237, 50.9646763335], [10.9682528791, 50.9646413338], [10.9683527333, 50.964633855], [10.9688458382, 50.964597197], [10.9693291891, 50.9646198975], [10.9695763004, 50.9646744301], [10.9702912424, 50.9648338177], [10.9711088171, 50.9650213237], [10.9712182728, 50.9650470261], [10.9716988132, 50.9651618944], [10.9724119466, 50.965331654], [10.9727632818, 50.9654146838], [10.9729842864, 50.9654676303], [10.9731004352, 50.9654953134], [10.972732299, 50.9659646168], [10.9717457122, 50.9672484809], [10.9717380454, 50.9673339736], [10.9723089018, 50.9675266536], [10.9727108452, 50.9676627699], [10.9731514278, 50.9678144062], [10.9735999198, 50.967974174], [10.9741307731, 50.9681235612], [10.974719234, 50.9682034798], [10.9751298057, 50.9683006407], [10.9762018004, 50.9686237865], [10.9769156768, 50.9688555777], [10.9780789313, 50.9692868731], [10.9785589369, 50.9694788358], [10.9787308846, 50.9695321972], [10.9794534972, 50.9696243829], [10.9776947173, 50.9716580862], [10.9780650724, 50.9718515368], [10.9781340059, 50.9718561843], [10.9770524575, 50.9745123144], [10.9769961685, 50.9745015649], [10.976975981, 50.9745527253], [10.9764904273, 50.974554822], [10.9764509316, 50.9745625119], [10.9764295258, 50.9746165662], [10.9764269027, 50.9746231949], [10.9764563845, 50.9746247383], [10.9759978035, 50.9755122035], [10.977087819, 50.9757141245], [10.976876601, 50.976172169], [10.9785129555, 50.9760597458], [10.9795943809, 50.9759913817], [10.9796143625, 50.9761219175], [10.9804302792, 50.9761147442], [10.9805022113, 50.9761569635], [10.9807346373, 50.977322098], [10.9807445093, 50.9773700879], [10.9812494689, 50.9798887246], [10.9809128304, 50.9799998456], [10.9803323374, 50.9801950115], [10.9798083536, 50.980366584], [10.9798142538, 50.9804107678], [10.9798558961, 50.9805161795], [10.9795760357, 50.9805411327], [10.9768655201, 50.9807260175], [10.9765461831, 50.9807472231], [10.9763688132, 50.9807590011], [10.9757009081, 50.9808070681], [10.9750174666, 50.9808544291], [10.9744276917, 50.9808948854], [10.9737245286, 50.9809465869], [10.9732338764, 50.9809825216], [10.9729018725, 50.9810068352], [10.9723598835, 50.9810465591], [10.9721335535, 50.9810619186], [10.9720043093, 50.9810706603], [10.9722935938, 50.9805805774], [10.9724405009, 50.9802853418], [10.9723994882, 50.9797281317], [10.9723741676, 50.9797213114], [10.9723595514, 50.9797267116], [10.9702841326, 50.9804940985], [10.9698962525, 50.9806355962], [10.9689952729, 50.980964301], [10.9689494612, 50.9809810659], [10.9689196583, 50.9809919228], [10.9688861507, 50.9810041488], [10.9688279984, 50.9810258398], [10.9687672733, 50.9810485769], [10.9679333161, 50.981359445], [10.9675978379, 50.9814805339], [10.9673182582, 50.9815826371], [10.9672911687, 50.9815925187], [10.9670597398, 50.9816770406], [10.9668590486, 50.9817503365], [10.9667662638, 50.9817667756], [10.9655433759, 50.9833017504], [10.9655752241, 50.983400914], [10.9644550689, 50.9847317317], [10.9640405179, 50.9847048669], [10.9638549665, 50.9846927585], [10.9636228581, 50.984677622], [10.963461312, 50.9846286367], [10.9624860936, 50.9843462632], [10.9622557591, 50.9842790464], [10.962158697, 50.9842506692], [10.9620724151, 50.9843328824], [10.9620575598, 50.9843470343], [10.9616563527, 50.9842405448], [10.9614038592, 50.9845061358], [10.9613798609, 50.9845311463], [10.9613375567, 50.984575528], [10.960937978, 50.9849916041], [10.9608207952, 50.9851142894], [10.9608062289, 50.9851295317], [10.9606381405, 50.9850905345], [10.959796036, 50.9848989983], [10.9597874912, 50.9849149956], [10.9595921471, 50.9852442669], [10.9595757649, 50.9852718886], [10.9592891645, 50.9857348364], [10.9589912772, 50.9861761803], [10.9587569013, 50.9864939931], [10.9572297365, 50.9861593121], [10.9568617141, 50.986079953], [10.9565665375, 50.9860171266], [10.956390224, 50.9859796586], [10.9558218513, 50.9858584146], [10.9546841012, 50.9856134034], [10.9545321541, 50.9855348899], [10.9531882579, 50.9853457208], [10.9520360673, 50.9851835155], [10.9517839526, 50.9851480218], [10.9516848772, 50.9851340728], [10.951033602, 50.9850423833], [10.951033681, 50.9850205491], [10.950254368, 50.9849413333], [10.9478967137, 50.9847204149], [10.9453790418, 50.9844786064], [10.9453566858, 50.9845212568], [10.9452201393, 50.9848118786], [10.9450869179, 50.9850951321], [10.9449841635, 50.9850789139], [10.9445078204, 50.9853860102], [10.9439986218, 50.9852437595], [10.9432643595, 50.9850423094], [10.9422528881, 50.9847690657], [10.9416719071, 50.9846182533], [10.9413737904, 50.9845356939], [10.9413342116, 50.9845790228], [10.9402136355, 50.9842655176], [10.9399613337, 50.984198193], [10.9398502594, 50.9841691217], [10.9397385011, 50.9841400797], [10.9396259362, 50.9841120547], [10.9394971348, 50.984079118], [10.9393481861, 50.9840410009], [10.9391630398, 50.9839940063], [10.9390415207, 50.9839633468], [10.9388804877, 50.9839237254], [10.9385833128, 50.9838558819], [10.9384764742, 50.983826596], [10.9383021022, 50.9836706222], [10.9383080193, 50.9836578305], [10.9383834109, 50.9834979133], [10.938673336, 50.9828688079], [10.9390476779, 50.98207565], [10.939350085, 50.9814116795], [10.9391058278, 50.9814263993], [10.9390584511, 50.9814288813], [10.9389531745, 50.9814363042], [10.9389209099, 50.9814367392], [10.9384816653, 50.9814593231], [10.9378023044, 50.9814917072], [10.9375857339, 50.981502241], [10.9374598904, 50.9815066709], [10.9373622679, 50.9815100083], [10.9373355781, 50.9815120492], [10.9372638364, 50.9815175635], [10.9371879819, 50.9815218176], [10.9368131158, 50.9815431294], [10.9367801398, 50.9815442042], [10.9365389095, 50.9815509991], [10.9361854018, 50.981562435], [10.9359644372, 50.9815716429], [10.9356584479, 50.9815832131], [10.9348002798, 50.9816199651], [10.9348262784, 50.9815342374], [10.9347645575, 50.9815007111], [10.9349329524, 50.9810011126], [10.9350998671, 50.9804901199], [10.9352427116, 50.9800657439], [10.9352595107, 50.9800173192], [10.9353038409, 50.9798895717], [10.9353389032, 50.9797572992], [10.9353872559, 50.9796104959], [10.9354097681, 50.9795413938], [10.9354284136, 50.9794856501], [10.9354377523, 50.9794571493], [10.9354459778, 50.9794336728], [10.935535196, 50.9791622901], [10.9357084388, 50.9786348502], [10.9356417007, 50.9785705982], [10.935834903, 50.9779733129], [10.9360486625, 50.9773299199], [10.9362573729, 50.9767015817], [10.93587317, 50.9765536278], [10.9341038715, 50.9761607665], [10.9340702961, 50.9761533588], [10.9335638352, 50.9760409583], [10.9335566154, 50.9760950979], [10.9335469069, 50.976139776], [10.93345875, 50.9766257404], [10.9332765902, 50.9767769851], [10.933119831, 50.9769070671], [10.9327457985, 50.9768562794], [10.9320074343, 50.976745943], [10.9319364585, 50.9767363861], [10.9318714816, 50.9767260392], [10.9317826606, 50.9767104855], [10.9313944956, 50.9766247929], [10.9308729002, 50.9765142473], [10.9309036782, 50.9761006178], [10.930958362, 50.9757031538], [10.9310120239, 50.9751268033], [10.9310903869, 50.9745231894], [10.9310958709, 50.9744796417], [10.9311039825, 50.9744140396], [10.9311066102, 50.9743727227], [10.9310551282, 50.9743880907], [10.9301215523, 50.9746550707], [10.9285474494, 50.975106072], [10.9284228134, 50.9750866411], [10.9284384187, 50.9750545533], [10.928658642, 50.9746018752], [10.9288072925, 50.974296416], [10.9289130819, 50.9740790095], [10.9289548808, 50.9739930777], [10.9289769123, 50.9739383637], [10.9291660782, 50.9734155188], [10.9293409953, 50.9729208502], [10.9295074476, 50.9724499258], [10.9296813083, 50.9719705919], [10.9297055939, 50.971903772], [10.9295529327, 50.9717683806], [10.929406997, 50.9716854662], [10.9293107011, 50.9716313131], [10.9292187081, 50.9715795199], [10.9291926611, 50.9715649786], [10.9289652744, 50.9714368926], [10.9287668576, 50.9713795659], [10.9284717961, 50.9713007043], [10.9281649958, 50.9712153788], [10.9279217746, 50.971147589], [10.927770241, 50.9711021513], [10.9278464284, 50.9710710015], [10.9287151562, 50.9707382285], [10.9291436706, 50.9705768782], [10.929600125, 50.9704087799], [10.9299774341, 50.9702989965], [10.9304885235, 50.97020668], [10.9310665722, 50.9701581491], [10.9317875376, 50.9701204501], [10.9317933176, 50.970100538], [10.9318007213, 50.9700831307], [10.9319888813, 50.969403921], [10.9321663124, 50.9687528217], [10.9323108745, 50.9682350115], [10.9323248793, 50.9681854472], [10.9325692618, 50.967324493], [10.932881166, 50.9662269634], [10.9328953464, 50.9661770947], [10.9330807243, 50.965524772], [10.9332615082, 50.9648744657], [10.9334551836, 50.9641731992], [10.9334801407, 50.9640828147], [10.9336768358, 50.9633705633], [10.9337079597, 50.9632676511], [10.9338693203, 50.9626890529], [10.9339071748, 50.9625550264], [10.934066942, 50.9619886847], [10.9340759085, 50.9619575918], [10.9340892504, 50.961911355], [10.9342837914, 50.9612090704], [10.9344752119, 50.9605241237], [10.9346744263, 50.9598191841], [10.9346880424, 50.9597683658], [10.9348951358, 50.9590192526], [10.9350497135, 50.9584715138], [10.9353110252, 50.9575478909], [10.9353158904, 50.9575236821], [10.9353205612, 50.9574986357], [10.9353266443, 50.9574753637], [10.9354331929, 50.9569224774], [10.9355317926, 50.9564090438], [10.9356469209, 50.9558105692], [10.9356564132, 50.9557631926], [10.9357523893, 50.9552790755], [10.9358653776, 50.9547217073], [10.9359683489, 50.9541809121], [10.937009844, 50.9543556941], [10.9373468426, 50.9544148064], [10.9376184063, 50.9544714702], [10.9379788228, 50.954566627], [10.9388014947, 50.9547734567], [10.9396046543, 50.9549768832], [10.9408079893, 50.9553700971], [10.9408993614, 50.9552228319], [10.9413178535, 50.9544603949], [10.9415662955, 50.9539359623], [10.9416301067, 50.9537906891], [10.9417467542, 50.9535253113], [10.9418144058, 50.9533794884], [10.9419977282, 50.9529842791], [10.9420100903, 50.9529576115], [10.9420248921, 50.9529196217], [10.9427009158, 50.9529915869], [10.9429546028, 50.9530182793], [10.9431534646, 50.9530418949], [10.9433996163, 50.9530693521], [10.9436414564, 50.9530988114], [10.9440640028, 50.9531465332], [10.9443501416, 50.9531796838], [10.9444698676, 50.9531904896], [10.9452821467, 50.9532871056], [10.9454442721, 50.9533055663], [10.9461680528, 50.95338304]]]}, "properties": {"STADTTE_ID": 39, "NAME": "Bindersleben", "DOWNLOADLI": "https://geoportal.erfurt.de/gis/pub/downloads/thematik/stadtteile.zip", "SHAPE_AREA": 8079151.56233}}, {"type": "Feature", "geometry": {"type": "Polygon", "coordinates": [[[10.9506040903, 50.9416476372], [10.9506306161, 50.9415906805], [10.9508676235, 50.9410857337], [10.9512805106, 50.9402477389], [10.9517222119, 50.9393241528], [10.9521496999, 50.9384093518], [10.9525612408, 50.937546863], [10.9544049539, 50.9378824184], [10.9544970053, 50.9379000887], [10.9545237764, 50.9379046364], [10.954709834, 50.9374751295], [10.9549237301, 50.9369850037], [10.9557581596, 50.9371019797], [10.9560235666, 50.937143576], [10.9571041895, 50.9373529569], [10.9574550925, 50.9374307768], [10.95750899, 50.9374427043], [10.9583711433, 50.9376338659], [10.9584462317, 50.9376511925], [10.9595152892, 50.9378987138], [10.9595416478, 50.9379048466], [10.959484684, 50.9379995133], [10.95956428, 50.938012881], [10.9596061902, 50.9380159926], [10.9604081884, 50.9381613584], [10.9607808267, 50.9382269866], [10.960830061, 50.9382356551], [10.9610269485, 50.9382614623], [10.9612536985, 50.938291177], [10.9615789036, 50.938333795], [10.9619182333, 50.9383782649], [10.9621829325, 50.9384018251], [10.962263768, 50.9384232671], [10.9624559896, 50.9384550187], [10.9626481771, 50.9384867669], [10.9628389586, 50.9385182812], [10.9630896817, 50.9385596965], [10.9633555217, 50.9386036092], [10.9635961415, 50.9386357833], [10.9635791436, 50.9386854247], [10.9635621933, 50.9387311279], [10.9639778614, 50.9387904901], [10.9657078049, 50.9390127955], [10.9657723718, 50.9390210716], [10.9656332195, 50.9393994036], [10.9654991186, 50.9397731516], [10.9674689398, 50.9401862898], [10.9670838999, 50.9408621195], [10.9675336092, 50.9409710524], [10.967872311, 50.9410537523], [10.9680258491, 50.9410914881], [10.9677201696, 50.9415700753], [10.967738825, 50.941575175], [10.968008759, 50.9416491766], [10.9683756787, 50.9417461211], [10.9687297975, 50.9418396784], [10.9688137236, 50.9418618499], [10.9690730056, 50.9419287338], [10.9691979747, 50.9419633669], [10.969430516, 50.9420248013], [10.9696507353, 50.9420829886], [10.9697508591, 50.942109437], [10.9698548872, 50.9421369175], [10.9700722611, 50.9421932004], [10.9699064033, 50.942629339], [10.9707063052, 50.942765652], [10.9707760305, 50.9427783126], [10.9707941507, 50.9430404099], [10.9716755841, 50.9432158286], [10.9723171858, 50.9433434576], [10.9723608402, 50.9433522596], [10.9727427322, 50.9434289114], [10.9734127109, 50.9435643254], [10.9736168974, 50.9436055013], [10.9738684978, 50.9436600906], [10.9744505009, 50.9437756873], [10.9746153179, 50.943783246], [10.9747813556, 50.9437883349], [10.9749387183, 50.9437919172], [10.9751036981, 50.9437972025], [10.9752695387, 50.9438009315], [10.975606702, 50.9438087501], [10.9757113912, 50.9438116633], [10.9756592333, 50.9443336643], [10.9757032858, 50.9445151209], [10.9757138413, 50.9445657062], [10.9757246431, 50.9446077632], [10.9757331617, 50.9446429768], [10.9758310254, 50.9451175073], [10.975951907, 50.945791271], [10.9762335488, 50.9458373541], [10.9764220072, 50.9458682381], [10.9772955055, 50.9453887651], [10.9773479102, 50.9454316984], [10.9775135807, 50.9455693718], [10.977666631, 50.9456965968], [10.9776823953, 50.945709688], [10.9777237641, 50.9457582052], [10.9777519676, 50.945791272], [10.9777581064, 50.9458026431], [10.9784028979, 50.9454063161], [10.9784726372, 50.9453640116], [10.9789880577, 50.945734811], [10.9791515692, 50.9458530546], [10.9793787115, 50.946029314], [10.9795547586, 50.9461587422], [10.9801731907, 50.9466134069], [10.9802785478, 50.9466908605], [10.9805450596, 50.9464093853], [10.9805628887, 50.9463938277], [10.9806268498, 50.946404894], [10.9810673162, 50.9464750217], [10.9812505593, 50.9465045169], [10.9814318329, 50.9465336936], [10.9815060327, 50.9465457476], [10.9816262631, 50.9465663926], [10.9818167357, 50.9465992537], [10.9819987818, 50.9466309086], [10.9822144398, 50.9466683303], [10.9824138389, 50.9467029501], [10.9827808357, 50.9467675952], [10.9829635259, 50.9467997665], [10.9830042082, 50.9468069171], [10.9831963063, 50.9468409949], [10.9833705162, 50.9468718958], [10.9835321109, 50.9469005482], [10.983718199, 50.9469335573], [10.9838779927, 50.9469618963], [10.9844455875, 50.9470625664], [10.9846230917, 50.9470932241], [10.9850564351, 50.9471355432], [10.9853272186, 50.9471568622], [10.9857823063, 50.9471664936], [10.9863840215, 50.9471804962], [10.9866933925, 50.9471883394], [10.9868145346, 50.9475766023], [10.9878021518, 50.9477429401], [10.9885945116, 50.9479119219], [10.9888833721, 50.9479740205], [10.9891308297, 50.9480253587], [10.9894867755, 50.9480623895], [10.9897545663, 50.9480882299], [10.9897260923, 50.9481138013], [10.9896769124, 50.9481848226], [10.9892534929, 50.9487923149], [10.9889046767, 50.9492945846], [10.9882993709, 50.9494366669], [10.9880565792, 50.949493653], [10.9877168852, 50.9495735018], [10.9875300101, 50.94961744], [10.9874842025, 50.9496600954], [10.9874635846, 50.949679406], [10.9874953391, 50.949732412], [10.9870952639, 50.9501599073], [10.9860643185, 50.9512636226], [10.9859680077, 50.9512870572], [10.9859235206, 50.9513307327], [10.9859058815, 50.9513482772], [10.98593835, 50.9513975058], [10.9852521019, 50.9521316712], [10.9850120301, 50.9523884523], [10.9847722351, 50.9526449412], [10.9842400284, 50.9532142687], [10.9841396188, 50.9532363261], [10.9840987265, 50.9532782373], [10.9840909922, 50.9532934151], [10.9841199189, 50.9533369593], [10.9833399343, 50.9544042604], [10.9828259001, 50.9551063536], [10.9827313961, 50.9552562805], [10.9824862818, 50.9555124087], [10.9824101947, 50.9556089095], [10.9805736093, 50.9576065223], [10.9828647526, 50.9584313633], [10.9854447132, 50.9593831823], [10.9855667211, 50.959428193], [10.9884225447, 50.9604358832], [10.9898975743, 50.9609632398], [10.9898732008, 50.9609953003], [10.9898582821, 50.96103903], [10.9897368735, 50.961164459], [10.9886563002, 50.9622728291], [10.9886151766, 50.9623150102], [10.9883454744, 50.9625952091], [10.9875181387, 50.9634371968], [10.9874800897, 50.963479755], [10.9864452152, 50.9632292717], [10.9855365938, 50.9630006932], [10.9846238619, 50.9627782114], [10.9842520274, 50.9635842039], [10.9836962573, 50.9642031275], [10.983679917, 50.9642213682], [10.9834502814, 50.9644176114], [10.983057256, 50.9647358195], [10.9828795542, 50.964851439], [10.9827638393, 50.9649269578], [10.9826139985, 50.9650248584], [10.9825108896, 50.9650921721], [10.9811088655, 50.9648696997], [10.9797323567, 50.9646608207], [10.978496254, 50.9646573233], [10.9775340174, 50.9645377938], [10.9766331721, 50.9643499985], [10.9744109449, 50.963796541], [10.9738076224, 50.9637470002], [10.973721689, 50.9637481516], [10.9727117602, 50.965141631], [10.9727632818, 50.9654146838], [10.9724119466, 50.965331654], [10.9716988132, 50.9651618944], [10.9712182728, 50.9650470261], [10.9711088171, 50.9650213237], [10.9702912424, 50.9648338177], [10.9695763004, 50.9646744301], [10.9693291891, 50.9646198975], [10.9688458382, 50.964597197], [10.9683527333, 50.964633855], [10.9682528791, 50.9646413338], [10.9680334237, 50.9646763335], [10.9675199248, 50.9648091006], [10.9668882929, 50.9650063353], [10.9662794675, 50.9651964524], [10.9658342328, 50.9653130602], [10.9650875173, 50.9654765456], [10.9646790748, 50.9655393143], [10.9640962437, 50.9656285641], [10.9638396172, 50.965566601], [10.9636505553, 50.9655462002], [10.963344196, 50.9655768606], [10.9624770953, 50.9656685156], [10.9615921855, 50.9657607439], [10.9601776432, 50.9659280619], [10.9602451914, 50.9658412329], [10.9602606971, 50.9658213071], [10.9598618965, 50.9658739681], [10.9591314995, 50.9659479019], [10.9580770107, 50.9660423236], [10.9580925141, 50.9660123298], [10.958226114, 50.9657602038], [10.9577080188, 50.9657541735], [10.9571181142, 50.9657408392], [10.9571237074, 50.9657163799], [10.9571325396, 50.9656839663], [10.9571470019, 50.9656189949], [10.957231431, 50.9652660293], [10.9573071127, 50.9650106014], [10.9576691165, 50.9641410302], [10.9580627065, 50.9633842676], [10.9583687988, 50.9628115482], [10.9586812621, 50.9623005416], [10.958154325, 50.9621690161], [10.9577166667, 50.9620629957], [10.9576569859, 50.9620475865], [10.9576907594, 50.96199939], [10.9578784958, 50.9617510997], [10.9580574615, 50.9615187491], [10.9583798988, 50.9610924399], [10.9584994714, 50.9609347723], [10.9585257547, 50.9608993912], [10.9586639786, 50.9607166573], [10.9587016391, 50.9606689627], [10.958819669, 50.9605197325], [10.9591433293, 50.9601094137], [10.9587842317, 50.9599899664], [10.9586162613, 50.9599427229], [10.958485593, 50.9599071568], [10.9570850699, 50.9595450479], [10.9569750532, 50.959516613], [10.9570898621, 50.9592945333], [10.9571237589, 50.9592318838], [10.9571635553, 50.9591555783], [10.9569812153, 50.9591133463], [10.9559812028, 50.9589098093], [10.9553469017, 50.9587855002], [10.9550903301, 50.9587309163], [10.9549910122, 50.9587091913], [10.9548422241, 50.958679059], [10.953968051, 50.9584775197], [10.9539005031, 50.9584633771], [10.9527644791, 50.958190744], [10.9525984638, 50.9581507998], [10.9524235872, 50.9581087182], [10.9520585469, 50.9580208842], [10.9519518064, 50.9579951977], [10.9516860521, 50.9579366578], [10.9515933166, 50.9579129663], [10.9514492847, 50.9578777938], [10.9511116839, 50.9578040904], [10.9509544492, 50.9577655809], [10.9505275183, 50.9576452561], [10.9504508374, 50.9576272269], [10.9499373383, 50.9574983109], [10.9499216374, 50.9574933784], [10.9493456264, 50.9573153553], [10.9490086739, 50.9572201141], [10.9489681282, 50.9572079462], [10.9487034242, 50.9571284647], [10.9485255871, 50.9570475706], [10.9482280234, 50.9569811861], [10.9480501857, 50.9569464422], [10.9480099375, 50.9569368834], [10.9475239281, 50.9568215805], [10.946999415, 50.9567053078], [10.946932303, 50.9566865896], [10.9468934969, 50.9566756142], [10.9467865351, 50.9566681334], [10.946476854, 50.9566173481], [10.9459113511, 50.9565246129], [10.9451290479, 50.9563794073], [10.9448756973, 50.9563301777], [10.9448929886, 50.9562912396], [10.9452062814, 50.9555757427], [10.9454373765, 50.9550439183], [10.9457904943, 50.9542363051], [10.9461680528, 50.95338304], [10.9454442721, 50.9533055663], [10.9452821467, 50.9532871056], [10.9444698676, 50.9531904896], [10.9443501416, 50.9531796838], [10.9440640028, 50.9531465332], [10.9436414564, 50.9530988114], [10.9433996163, 50.9530693521], [10.9431534646, 50.9530418949], [10.9429546028, 50.9530182793], [10.9427009158, 50.9529915869], [10.9420248921, 50.9529196217], [10.9420100903, 50.9529576115], [10.9419977282, 50.9529842791], [10.9418144058, 50.9533794884], [10.9417467542, 50.9535253113], [10.9416301067, 50.9537906891], [10.9415662955, 50.9539359623], [10.9413178535, 50.9544603949], [10.9408993614, 50.9552228319], [10.9408079893, 50.9553700971], [10.9396046543, 50.9549768832], [10.9388014947, 50.9547734567], [10.9379788228, 50.954566627], [10.9376184063, 50.9544714702], [10.9373468426, 50.9544148064], [10.937009844, 50.9543556941], [10.9359683489, 50.9541809121], [10.9356776805, 50.9541350766], [10.9345857887, 50.9538093746], [10.9344184802, 50.9537801456], [10.9344276164, 50.9537415213], [10.9344720622, 50.9535534567], [10.9345344272, 50.9532888777], [10.9345935829, 50.9530363476], [10.9347982367, 50.9521582514], [10.9344248875, 50.9520724214], [10.9345417377, 50.9515427553], [10.9348065238, 50.9503378134], [10.9346971993, 50.9503007717], [10.9346021994, 50.9502657193], [10.9347505974, 50.9496246819], [10.9348681732, 50.9490969683], [10.9348719321, 50.9490718147], [10.9348969359, 50.948962295], [10.9349938865, 50.9485357129], [10.9350958182, 50.9480659363], [10.9350981155, 50.9480540293], [10.9351086548, 50.9479964015], [10.9351404411, 50.9479995765], [10.9353352295, 50.9480190071], [10.9355716219, 50.9480431817], [10.9357843632, 50.9480654482], [10.9358140017, 50.9480679157], [10.9360273213, 50.9480820626], [10.9362590944, 50.9480978422], [10.9364914454, 50.9481140929], [10.9367203891, 50.9481285847], [10.9368149394, 50.9476828852], [10.9368997353, 50.9472452556], [10.936989489, 50.9467972648], [10.9370022833, 50.9467648346], [10.9377306474, 50.9468815871], [10.93827923, 50.9469810799], [10.9386526298, 50.9467015022], [10.9389223105, 50.9465028546], [10.9389976804, 50.9464472417], [10.9395795722, 50.9458647286], [10.9396331891, 50.9458149035], [10.9397824658, 50.9456676059], [10.94022555, 50.9452271209], [10.9414585333, 50.9449205688], [10.9414757101, 50.9448397585], [10.9414887705, 50.9447608424], [10.9415062602, 50.9446855266], [10.9415293107, 50.944563274], [10.9415406495, 50.9445106902], [10.9415524967, 50.9444507673], [10.9415776296, 50.9443252009], [10.9418052718, 50.94349133], [10.9418705397, 50.9434955138], [10.9437172452, 50.9436150966], [10.9438144384, 50.9431205346], [10.9438178733, 50.9431015575], [10.9458252106, 50.9432172542], [10.9458995303, 50.9432213226], [10.9459291289, 50.9428639386], [10.9459715224, 50.9423043906], [10.9460141255, 50.9423031265], [10.9460284997, 50.9423029094], [10.9460991981, 50.9423002658], [10.9472437513, 50.9422655803], [10.9472243404, 50.9419577284], [10.947216272, 50.9418141039], [10.9472731106, 50.9418155185], [10.9485865415, 50.9418350936], [10.9486935036, 50.9418368904], [10.950396989, 50.9419231277], [10.9504766871, 50.9419250645], [10.950598219, 50.9416602365], [10.9506040903, 50.9416476372]]]}, "properties": {"STADTTE_ID": 19, "NAME": "Schmira", "DOWNLOADLI": "https://geoportal.erfurt.de/gis/pub/downloads/thematik/stadtteile.zip", "SHAPE_AREA": 7295762.70198}}, {"type": "Feature", "geometry": {"type": "Polygon", "coordinates": [[[11.0026435184, 50.9665753814], [11.0024913524, 50.9666860314], [11.002028925, 50.9664615015], [11.0018394932, 50.9663696582], [11.0017700467, 50.9663360226], [11.0013846181, 50.9661493078], [11.0008871408, 50.9659011182], [11.0006937728, 50.9658044066], [11.0003448764, 50.965632411], [10.9997869059, 50.9653596193], [10.9993128911, 50.9651277071], [10.9987665399, 50.9648596501], [10.9986042528, 50.9647797887], [10.9984896425, 50.9647223076], [10.9984306834, 50.9646707244], [10.9983879657, 50.9646243718], [10.9982666323, 50.9644932825], [10.9981232841, 50.9643725142], [10.9979888985, 50.9642744299], [10.9978768145, 50.9642198145], [10.997857201, 50.9642102354], [10.9976808624, 50.9641242034], [10.9976344954, 50.964101579], [10.9972755835, 50.9639269756], [10.9971284008, 50.9638553664], [10.9964510969, 50.9635175251], [10.9963133101, 50.9634504507], [10.9959074403, 50.9632545126], [10.9957409298, 50.9631741556], [10.9954422439, 50.9630306768], [10.9953446013, 50.9629837733], [10.9948377488, 50.9627442606], [10.9945809978, 50.9626229449], [10.9942050641, 50.9624521494], [10.9937080315, 50.9622263755], [10.9931551172, 50.9619966591], [10.9928037232, 50.9618506576], [10.9923542565, 50.9616770659], [10.9918962995, 50.9615144565], [10.9908509875, 50.9611507208], [10.9907007779, 50.9611066353], [10.9905015707, 50.9610658771], [10.9903074617, 50.9610290761], [10.9901814508, 50.9609717147], [10.9899236727, 50.9608994615], [10.9899083393, 50.9609490802], [10.9898975743, 50.9609632398], [10.9884225447, 50.9604358832], [10.9855667211, 50.959428193], [10.9854447132, 50.9593831823], [10.9828647526, 50.9584313633], [10.9805736093, 50.9576065223], [10.9824101947, 50.9556089095], [10.9824862818, 50.9555124087], [10.9827313961, 50.9552562805], [10.9828259001, 50.9551063536], [10.9833399343, 50.9544042604], [10.9841199189, 50.9533369593], [10.9840909922, 50.9532934151], [10.9840987265, 50.9532782373], [10.9841396188, 50.9532363261], [10.9842400284, 50.9532142687], [10.9847722351, 50.9526449412], [10.9850120301, 50.9523884523], [10.9852521019, 50.9521316712], [10.98593835, 50.9513975058], [10.9859058815, 50.9513482772], [10.9859235206, 50.9513307327], [10.9859680077, 50.9512870572], [10.9860643185, 50.9512636226], [10.9870952639, 50.9501599073], [10.9874953391, 50.949732412], [10.9874635846, 50.949679406], [10.9874842025, 50.9496600954], [10.9875300101, 50.94961744], [10.9877168852, 50.9495735018], [10.9880565792, 50.949493653], [10.9882993709, 50.9494366669], [10.9889046767, 50.9492945846], [10.9892534929, 50.9487923149], [10.9896769124, 50.9481848226], [10.9897260923, 50.9481138013], [10.9897545663, 50.9480882299], [10.9898184662, 50.9480944545], [10.9906594723, 50.9481788395], [10.9912433792, 50.9482661963], [10.9914092347, 50.9482911785], [10.9915991836, 50.948319785], [10.9919037713, 50.9483656611], [10.9920104563, 50.9483814505], [10.9920802779, 50.948392165], [10.9921051698, 50.9483959853], [10.9922946943, 50.948424767], [10.9923398701, 50.9484317216], [10.9924325806, 50.9484459891], [10.9924840178, 50.9484539043], [10.9925518418, 50.9484643433], [10.9929928362, 50.9485322092], [10.9933646017, 50.9482631643], [10.9934211353, 50.9482237546], [10.9938757839, 50.9483313799], [10.9942303696, 50.948417446], [10.9942485543, 50.9484219236], [10.9943644311, 50.9484504697], [10.9944312169, 50.9484652818], [10.994602301, 50.9485031256], [10.9956656176, 50.9487348658], [10.9965083385, 50.9490653415], [10.9965443134, 50.9488635525], [10.9965447389, 50.9488610882], [10.9965892042, 50.9486027814], [10.996593095, 50.9485795219], [10.9965985488, 50.9485446959], [10.9966051303, 50.9485181427], [10.9966111423, 50.9484741506], [10.9966166168, 50.9484340944], [10.9966280366, 50.9483623749], [10.9966280419, 50.9483623334], [10.9966332009, 50.9483299317], [10.9966380022, 50.9482997801], [10.9966401038, 50.9482865629], [10.9966560672, 50.9481863222], [10.9968162021, 50.9482002101], [10.9971431415, 50.9482285645], [10.9973251836, 50.9482443496], [10.9973977457, 50.9482508508], [10.9976361091, 50.9482728245], [10.9985734392, 50.9483617523], [10.9985955584, 50.9483422791], [10.9987991155, 50.9481630159], [10.9988222538, 50.9481425772], [10.9988722484, 50.9481031473], [10.9989829519, 50.9479998901], [10.9996203574, 50.9480027959], [10.9997102478, 50.9480032043], [10.9992444827, 50.9476884305], [10.9991062765, 50.9475777247], [10.9989656592, 50.947465791], [10.9987576842, 50.9472658251], [10.9987734007, 50.9471893767], [10.9988162544, 50.9471538571], [10.9993002855, 50.946752651], [10.9996095621, 50.9465734356], [10.9999800576, 50.9464007794], [11.0005704947, 50.9461027303], [11.0005952781, 50.946089513], [11.000628202, 50.9460719219], [11.0006666174, 50.9460512606], [11.0007160797, 50.9460348296], [11.0014309793, 50.9457973679], [11.0018637058, 50.945650582], [11.0027637466, 50.9455264921], [11.0031781858, 50.9455238164], [11.0031957668, 50.9455261148], [11.0034752228, 50.945667022], [11.0038740086, 50.9459030646], [11.0041959223, 50.9460510281], [11.0042803763, 50.9460901866], [11.0048479289, 50.9463758948], [11.0053389972, 50.9466215341], [11.0057907761, 50.946965885], [11.0062545234, 50.9474079943], [11.0068144416, 50.94795298], [11.0074373068, 50.9484710561], [11.0077517823, 50.9488256523], [11.0077659077, 50.9488413579], [11.007901363, 50.9489898718], [11.0085325233, 50.9496749989], [11.0088351888, 50.9500031605], [11.0092998188, 50.9507244552], [11.0096451205, 50.9510869915], [11.0096967512, 50.9511366789], [11.0098775736, 50.9513101424], [11.0101571025, 50.9514622728], [11.0099558815, 50.9517769979], [11.0096326923, 50.9521119868], [11.0093984946, 50.9521922638], [11.0085302617, 50.9524695333], [11.0079438956, 50.9525921766], [11.0073297527, 50.9527193139], [11.0068216477, 50.952822677], [11.0068547308, 50.9530252933], [11.0069841002, 50.9538309669], [11.0070469524, 50.9542389841], [11.0065609905, 50.9543507422], [11.0065006503, 50.9548166144], [11.0065858664, 50.9548301738], [11.0065313925, 50.9549794962], [11.0064760109, 50.9551301311], [11.0064213245, 50.9552807145], [11.0063662612, 50.9554335329], [11.0063526381, 50.9554721351], [11.0063024774, 50.9556221513], [11.0062735106, 50.9557088034], [11.0062338701, 50.9558273632], [11.0061361685, 50.9561195961], [11.0060169154, 50.9564761013], [11.0059632489, 50.956642995], [11.005930596, 50.9567445319], [11.0058890974, 50.9568735832], [11.0058246086, 50.9569115482], [11.0057875445, 50.9568949665], [11.0057603373, 50.9568548102], [11.005726745, 50.956785026], [11.005664464, 50.956744572], [11.0055378213, 50.9567612381], [11.0054484108, 50.957005942], [11.0054053208, 50.957297122], [11.0065397741, 50.9577937361], [11.0066820299, 50.9578560081], [11.00768485, 50.9583107073], [11.0081933292, 50.9585672173], [11.0091962017, 50.9592315909], [11.0091840422, 50.9592362547], [11.0086361747, 50.9596538613], [11.0090421127, 50.9598307586], [11.0090238166, 50.9598634795], [11.0089820134, 50.9599394113], [11.0086415744, 50.9605556485], [11.0085415451, 50.9607385708], [11.0089109528, 50.9611699513], [11.0088397181, 50.9611864419], [11.0087459628, 50.9611967339], [11.0086759693, 50.9611892106], [11.0085178351, 50.9611948009], [11.0076989074, 50.9612546617], [11.0083114413, 50.9614539763], [11.0088010151, 50.961633072], [11.0091392093, 50.9618108827], [11.0093706263, 50.961976231], [11.00943705, 50.9620444607], [11.0094546192, 50.9620776176], [11.0094781956, 50.9621966472], [11.0095045628, 50.9625614167], [11.0092299183, 50.9628095306], [11.0091501872, 50.9628339022], [11.0090640114, 50.9627880926], [11.008688047, 50.962584553], [11.0086156908, 50.9626340274], [11.0082442428, 50.9625908058], [11.0080544518, 50.9625741688], [11.0079501954, 50.9626333901], [11.0078291374, 50.9627375477], [11.0078542155, 50.9630483055], [11.0079651492, 50.9634198987], [11.0082593574, 50.9637523432], [11.0082758176, 50.9637992195], [11.0083807447, 50.9640971061], [11.0084205223, 50.9642059903], [11.0084422132, 50.9642655601], [11.0077443803, 50.9645379939], [11.0075341839, 50.9646174124], [11.0072211479, 50.9647374242], [11.0064304649, 50.9650405479], [11.0053498927, 50.9654476406], [11.0053196637, 50.9654590287], [11.0042752897, 50.965863378], [11.0039492722, 50.9658835255], [11.0035020091, 50.9661200003], [11.0026435184, 50.9665753814]]]}, "properties": {"STADTTE_ID": 16, "NAME": "Hochheim", "DOWNLOADLI": "https://geoportal.erfurt.de/gis/pub/downloads/thematik/stadtteile.zip", "SHAPE_AREA": 2846183.70158}}, {"type": "Feature", "geometry": {"type": "Polygon", "coordinates": [[[10.9616509994, 50.9291843982], [10.9616572777, 50.9291644661], [10.9617323323, 50.9289863772], [10.9618010948, 50.9288039924], [10.9619935607, 50.9283151713], [10.9620515263, 50.9281696621], [10.9623630156, 50.9274192663], [10.9623713825, 50.9273988593], [10.9623797346, 50.9273677563], [10.9625754048, 50.9268405238], [10.9627175767, 50.9257728644], [10.9627880706, 50.9251704461], [10.9627856743, 50.9251561468], [10.9627685297, 50.9250252818], [10.9627312032, 50.9247346585], [10.9626938446, 50.9244428881], [10.962684206, 50.924335062], [10.9626649543, 50.9240875526], [10.9626587009, 50.9240090313], [10.9626490676, 50.9238859769], [10.9624787838, 50.9235583368], [10.962429317, 50.9234632084], [10.9623558493, 50.9233258075], [10.9622627334, 50.9231557282], [10.9638044888, 50.9231727071], [10.9639599707, 50.922601665], [10.9640261666, 50.9223572365], [10.964052383, 50.9222616412], [10.9640910338, 50.922174314], [10.9641133461, 50.922123903], [10.9641466062, 50.9220486929], [10.96415635, 50.9220251732], [10.9641922701, 50.9219383596], [10.9643143814, 50.9216689454], [10.9643205114, 50.9216570263], [10.9643386078, 50.9216221644], [10.9644014789, 50.9215211134], [10.9644443531, 50.9214560833], [10.9646050905, 50.921486161], [10.9650104716, 50.9214736263], [10.9658300677, 50.9214641825], [10.9662449234, 50.9214618743], [10.9666335729, 50.9215213955], [10.9670255746, 50.9215833834], [10.9672551438, 50.9216272217], [10.9678205901, 50.9217367608], [10.9682147628, 50.9218193577], [10.9682794228, 50.9218325854], [10.9700635094, 50.9222026842], [10.9703338086, 50.9222578428], [10.9704711174, 50.922286913], [10.9703746757, 50.9223527641], [10.9708285283, 50.9225130955], [10.97088088, 50.9225318053], [10.9711273989, 50.9226000474], [10.9711857454, 50.9226158884], [10.9713079685, 50.9226482918], [10.9714067001, 50.9226657018], [10.9716171756, 50.9227057592], [10.9717888261, 50.9227386331], [10.9718610897, 50.9227502455], [10.9719375042, 50.9227548634], [10.9724874173, 50.9227837027], [10.9725907252, 50.9227883865], [10.9726274573, 50.9227866505], [10.972766047, 50.922783096], [10.9729120669, 50.9227792646], [10.9729981617, 50.9227770548], [10.9730742003, 50.9227787032], [10.9732199468, 50.9227736916], [10.9733834969, 50.9227740583], [10.9734022395, 50.9227690099], [10.9735530405, 50.9227540544], [10.9738040425, 50.9227292102], [10.9745435936, 50.9225555573], [10.9763743761, 50.9222650713], [10.9764335775, 50.9222510271], [10.9765226971, 50.9222664605], [10.9771182256, 50.922272898], [10.9777270618, 50.9222775341], [10.9781856287, 50.9222956672], [10.9786281627, 50.9223271157], [10.9793214927, 50.9223298749], [10.9803104595, 50.922339795], [10.9809182511, 50.9223154867], [10.9814336877, 50.9222740002], [10.9816393803, 50.9222481517], [10.981773615, 50.9222296256], [10.9821895809, 50.9221724009], [10.9827936997, 50.9220443505], [10.9837672348, 50.9217940191], [10.9846093344, 50.9215973628], [10.9846752087, 50.9215758306], [10.9847286216, 50.9215597545], [10.984829095, 50.9215436372], [10.9849679727, 50.9215213824], [10.9854082648, 50.9215223203], [10.986112763, 50.921557741], [10.9862859497, 50.9215915236], [10.9866137731, 50.9216370667], [10.9868148123, 50.921711893], [10.9868748775, 50.921716909], [10.9872587278, 50.9218736745], [10.9879031658, 50.9221416658], [10.9883731096, 50.9222702284], [10.9883363352, 50.9223139663], [10.9882865191, 50.9223682709], [10.9886244351, 50.9225717552], [10.9887163277, 50.9226957043], [10.9887876933, 50.9228350271], [10.9888821937, 50.9230224633], [10.9890853635, 50.9234715207], [10.989153516, 50.923622061], [10.9891879597, 50.9237647495], [10.989157417, 50.9239207194], [10.9890848199, 50.9240555511], [10.9889274677, 50.924189128], [10.9888606691, 50.9242334702], [10.9886790657, 50.9243302592], [10.9885310266, 50.924387768], [10.9884426895, 50.9243949137], [10.9884279577, 50.9244059329], [10.9882967338, 50.9244290768], [10.987631761, 50.9245503277], [10.9875195631, 50.9245683324], [10.9873921762, 50.9246250294], [10.9872737674, 50.9247071543], [10.9871970849, 50.9247933264], [10.9871341687, 50.9248749345], [10.9870580578, 50.9250323971], [10.9870493648, 50.9250613835], [10.9868454055, 50.9256819191], [10.9868001873, 50.9258458511], [10.9868556938, 50.9259746191], [10.9868561344, 50.926000152], [10.9868675293, 50.9260721659], [10.9869374947, 50.9261835116], [10.9870115087, 50.9262728779], [10.9871215822, 50.9263725432], [10.987294007, 50.9265013263], [10.9873795229, 50.9265595005], [10.987553969, 50.9266410254], [10.9876860123, 50.9267043754], [10.9877787347, 50.9267706119], [10.9878795389, 50.9267928887], [10.9879776557, 50.9268199877], [10.9880808054, 50.9268124309], [10.9881600587, 50.9268111395], [10.9883272401, 50.9267955073], [10.988367395, 50.9267803039], [10.9884742391, 50.9267397875], [10.9885766335, 50.9266860009], [10.9885811374, 50.9266836308], [10.9887095063, 50.9267196204], [10.9887298539, 50.9267488316], [10.9887624778, 50.926795679], [10.9887910543, 50.9268422212], [10.9887987567, 50.9268871449], [10.9887662071, 50.9270962234], [10.9887641463, 50.9272438105], [10.9887954708, 50.9273736174], [10.988776523, 50.9275148457], [10.9887574103, 50.9276335287], [10.9887542559, 50.9276537266], [10.9887428613, 50.9276852531], [10.988718411, 50.9277528384], [10.9886927027, 50.9278194243], [10.9886698804, 50.9278785385], [10.9886941934, 50.9278786594], [10.9889630216, 50.9278794484], [10.9890237064, 50.9278811511], [10.9890341198, 50.9278804314], [10.9892162632, 50.9278828164], [10.9892768575, 50.9278834306], [10.9892967632, 50.9278831534], [10.9893777005, 50.9278836645], [10.9901045612, 50.9278886811], [10.9902457862, 50.9278901892], [10.9905109316, 50.9278922461], [10.9906440039, 50.9278932254], [10.9907740897, 50.9278941871], [10.9909130771, 50.9278952162], [10.9910455942, 50.9278961901], [10.9912189698, 50.9278995023], [10.9913334098, 50.9278997535], [10.991395018, 50.9278988473], [10.9914422534, 50.9278989849], [10.9914756365, 50.9279009903], [10.991531426, 50.9279067568], [10.9915908434, 50.9279131314], [10.9916424049, 50.927919095], [10.9918115156, 50.9279386947], [10.9919747532, 50.9279576236], [10.99213575, 50.9279762623], [10.992293766, 50.9279945793], [10.992572469, 50.9280268808], [10.9928566091, 50.9280636873], [10.9929871285, 50.9280801389], [10.9931093983, 50.9280953237], [10.9932376145, 50.9281110535], [10.9933557314, 50.9281255283], [10.9934930135, 50.9281424062], [10.9938401832, 50.9281850483], [10.9940947196, 50.9282161761], [10.9941620278, 50.9282207642], [10.9942096973, 50.928223854], [10.9947634871, 50.9282505978], [10.9949666458, 50.9282692451], [10.9951094424, 50.9282823394], [10.9953231082, 50.9283018857], [10.9952816013, 50.9286778837], [10.9952391199, 50.929024442], [10.995232518, 50.9290807395], [10.9952855438, 50.929088755], [10.9954711921, 50.9291142544], [10.9955576239, 50.9291282748], [10.9956977287, 50.9291503623], [10.9959659224, 50.9291911978], [10.9958673463, 50.9294635792], [10.9957632776, 50.9297463774], [10.9957407809, 50.9298003089], [10.9962026862, 50.9298976761], [10.9963743119, 50.9299338493], [10.9963948433, 50.9299381605], [10.9968814449, 50.9300449059], [10.9970996237, 50.9300990974], [10.9974328549, 50.9301809732], [10.9970767651, 50.9310568006], [10.9972938802, 50.9310874761], [10.9975152181, 50.9311187472], [10.9977016533, 50.9311450877], [10.9978002097, 50.9311590114], [10.9978417022, 50.9311648748], [10.997922147, 50.9311762403], [10.9978885213, 50.9318351386], [10.9978864971, 50.9319017106], [10.9980157524, 50.9319073975], [10.998138923, 50.9319132424], [10.9983031189, 50.9319193751], [10.9984183259, 50.9319232092], [10.9986360407, 50.931928552], [10.9988671658, 50.9319314226], [10.998750011, 50.9327547627], [10.9986459105, 50.9333979847], [10.9986356581, 50.933459144], [10.9987205896, 50.9334582438], [10.9991950083, 50.9334551258], [10.9994234938, 50.9334506999], [10.9999920347, 50.9334838192], [11.0002841412, 50.9335164961], [11.0004548972, 50.9335467398], [11.0006094827, 50.9335634972], [11.0008711488, 50.933592747], [11.0009502167, 50.933601927], [11.0012894111, 50.9335761058], [11.0015763224, 50.9335743047], [11.0016270126, 50.9335834663], [11.001882695, 50.9336297255], [11.0020044739, 50.9336679631], [11.0021902987, 50.9337254181], [11.0025473978, 50.9337936114], [11.002625396, 50.9338083541], [11.0032006661, 50.9338823457], [11.003584007, 50.9339442694], [11.003845, 50.9339918992], [11.0041507694, 50.9340524948], [11.0042370087, 50.9340696717], [11.0042998163, 50.9340823061], [11.0042007876, 50.934671716], [11.0040905857, 50.9354058], [11.0040684946, 50.9358586519], [11.0040665212, 50.9358589358], [11.0036612361, 50.9361636688], [11.0032553176, 50.9364205727], [11.0031369061, 50.9364953873], [11.0026903272, 50.9364092989], [11.0014260723, 50.9362140517], [11.0012111079, 50.9363544254], [11.0006289809, 50.9362731297], [11.0000060032, 50.9376347092], [10.9997927773, 50.9375992646], [10.9994884564, 50.9379287055], [10.9994226515, 50.9379953006], [10.9992348581, 50.9384011135], [10.9997312335, 50.9384910488], [11.0003806009, 50.9386039907], [11.0011696291, 50.9387200464], [11.0013335391, 50.9387433813], [11.001882541, 50.9387512081], [11.0020058963, 50.9387409354], [11.0023017241, 50.9387156033], [11.0022909906, 50.9387457968], [11.002285808, 50.9387739605], [11.0021376839, 50.9395937127], [11.0019102165, 50.9403304993], [11.0017149884, 50.9408226457], [11.0016670967, 50.9408884968], [11.0016352893, 50.940932749], [11.0015550088, 50.9410401317], [11.0010684041, 50.9417323541], [11.0005913381, 50.9424110012], [11.0001179861, 50.9430843293], [11.0005559555, 50.9432542511], [11.0008426991, 50.9433607358], [11.0010626255, 50.9434407229], [11.0012109946, 50.9434869103], [11.0015451917, 50.9436200745], [11.0017972154, 50.9436830038], [11.0020046111, 50.9437336489], [11.0024641604, 50.9438372093], [11.003274072, 50.9440184392], [11.0038700756, 50.9441463053], [11.0044418774, 50.9442681903], [11.0046661416, 50.9443154068], [11.0048785917, 50.9443595097], [11.0049543051, 50.9443747804], [11.0051290631, 50.9444095193], [11.0052071346, 50.9444250343], [11.0052836468, 50.9444402389], [11.0053238429, 50.944448231], [11.0053610223, 50.9444556219], [11.0054089551, 50.9444651539], [11.005434987, 50.94446684], [11.0053683717, 50.9447282292], [11.0052590385, 50.9449716182], [11.0050743738, 50.9451503797], [11.0049653587, 50.9453360772], [11.0049498009, 50.9453556854], [11.0048531187, 50.945376113], [11.0047118444, 50.9454057432], [11.0044448659, 50.9454575669], [11.0041194982, 50.9455349785], [11.0035870967, 50.9455122926], [11.0031781858, 50.9455238164], [11.0027637466, 50.9455264921], [11.0018637058, 50.945650582], [11.0014309793, 50.9457973679], [11.0007160797, 50.9460348296], [11.0006666174, 50.9460512606], [11.000628202, 50.9460719219], [11.0005952781, 50.946089513], [11.0005704947, 50.9461027303], [10.9999800576, 50.9464007794], [10.9996095621, 50.9465734356], [10.9993002855, 50.946752651], [10.9988162544, 50.9471538571], [10.9987734007, 50.9471893767], [10.9987576842, 50.9472658251], [10.9989656592, 50.947465791], [10.9991062765, 50.9475777247], [10.9992444827, 50.9476884305], [10.9997102478, 50.9480032043], [10.9996203574, 50.9480027959], [10.9989829519, 50.9479998901], [10.9988722484, 50.9481031473], [10.9988222538, 50.9481425772], [10.9987991155, 50.9481630159], [10.9985955584, 50.9483422791], [10.9985734392, 50.9483617523], [10.9976359775, 50.9482733736], [10.9973977457, 50.9482508508], [10.9973251836, 50.9482443496], [10.9971431415, 50.9482285645], [10.9968162021, 50.9482002101], [10.9966560672, 50.9481863222], [10.9966401038, 50.9482865629], [10.9966380022, 50.9482997801], [10.9966332009, 50.9483299317], [10.9966280419, 50.9483623334], [10.9966280366, 50.9483623749], [10.9966166168, 50.9484340944], [10.9966111423, 50.9484741506], [10.9966051303, 50.9485181427], [10.9965985488, 50.9485446959], [10.996593095, 50.9485795219], [10.9965892042, 50.9486027814], [10.9965447389, 50.9488610882], [10.9965443134, 50.9488635525], [10.9965083385, 50.9490653415], [10.9956656176, 50.9487348658], [10.994602301, 50.9485031256], [10.9944312169, 50.9484652818], [10.9943644311, 50.9484504697], [10.9942485543, 50.9484219236], [10.9942303696, 50.948417446], [10.9938757839, 50.9483313799], [10.9934211353, 50.9482237546], [10.9933646017, 50.9482631643], [10.9929928362, 50.9485322092], [10.9925518418, 50.9484643433], [10.9924840178, 50.9484539043], [10.9924325806, 50.9484459891], [10.9923398701, 50.9484317216], [10.9922946943, 50.948424767], [10.9921051698, 50.9483959853], [10.9920802779, 50.948392165], [10.9920104563, 50.9483814505], [10.9919037713, 50.9483656611], [10.9915991836, 50.948319785], [10.9914092347, 50.9482911785], [10.9912433792, 50.9482661963], [10.9906594723, 50.9481788395], [10.9898184662, 50.9480944545], [10.9897545663, 50.9480882299], [10.9894867755, 50.9480623895], [10.9891308297, 50.9480253587], [10.9888833721, 50.9479740205], [10.9885945116, 50.9479119219], [10.9878021518, 50.9477429401], [10.9868145346, 50.9475766023], [10.9866933925, 50.9471883394], [10.9863840215, 50.9471804962], [10.9857823063, 50.9471664936], [10.9853272186, 50.9471568622], [10.9850564351, 50.9471355432], [10.9846230917, 50.9470932241], [10.9844455875, 50.9470625664], [10.9838779927, 50.9469618963], [10.983718199, 50.9469335573], [10.9835321109, 50.9469005482], [10.9833705162, 50.9468718958], [10.9831963063, 50.9468409949], [10.9830042082, 50.9468069171], [10.9829635259, 50.9467997665], [10.9827808357, 50.9467675952], [10.9824138389, 50.9467029501], [10.9822144398, 50.9466683303], [10.9819987818, 50.9466309086], [10.9818167357, 50.9465992537], [10.9816262631, 50.9465663926], [10.9815060327, 50.9465457476], [10.9814318329, 50.9465336936], [10.9812505593, 50.9465045169], [10.9810673162, 50.9464750217], [10.9806268498, 50.946404894], [10.9805628887, 50.9463938277], [10.9805450596, 50.9464093853], [10.9802785478, 50.9466908605], [10.9801731907, 50.9466134069], [10.9795547586, 50.9461587422], [10.9793787115, 50.946029314], [10.9791515692, 50.9458530546], [10.9789880577, 50.945734811], [10.9784726372, 50.9453640116], [10.9784028979, 50.9454063161], [10.9777581064, 50.9458026431], [10.9777519676, 50.945791272], [10.9777237641, 50.9457582052], [10.9776823953, 50.945709688], [10.977666631, 50.9456965968], [10.9775135807, 50.9455693718], [10.9773479102, 50.9454316984], [10.9772955055, 50.9453887651], [10.9764220072, 50.9458682381], [10.9762335488, 50.9458373541], [10.975951907, 50.945791271], [10.9758310254, 50.9451175073], [10.9757331617, 50.9446429768], [10.9757246431, 50.9446077632], [10.9757138413, 50.9445657062], [10.9757032858, 50.9445151209], [10.9756592333, 50.9443336643], [10.9757113912, 50.9438116633], [10.975606702, 50.9438087501], [10.9752695387, 50.9438009315], [10.9751036981, 50.9437972025], [10.9749387183, 50.9437919172], [10.9747813556, 50.9437883349], [10.9746153179, 50.943783246], [10.9744505009, 50.9437756873], [10.9738684978, 50.9436600906], [10.9736168974, 50.9436055013], [10.9734127109, 50.9435643254], [10.9727427322, 50.9434289114], [10.9723608402, 50.9433522596], [10.9723171858, 50.9433434576], [10.9716755841, 50.9432158286], [10.9707941507, 50.9430404099], [10.9707760305, 50.9427783126], [10.9707063052, 50.942765652], [10.9699064033, 50.942629339], [10.9700722611, 50.9421932004], [10.9698548872, 50.9421369175], [10.9697508591, 50.942109437], [10.9696507353, 50.9420829886], [10.969430516, 50.9420248013], [10.9691979747, 50.9419633669], [10.9690730056, 50.9419287338], [10.9688137236, 50.9418618499], [10.9687297975, 50.9418396784], [10.9683756787, 50.9417461211], [10.968008759, 50.9416491766], [10.967738825, 50.941575175], [10.9677201696, 50.9415700753], [10.9680258491, 50.9410914881], [10.967872311, 50.9410537523], [10.9675336092, 50.9409710524], [10.9670838999, 50.9408621195], [10.9674689398, 50.9401862898], [10.9654991186, 50.9397731516], [10.9656332195, 50.9393994036], [10.9657723718, 50.9390210716], [10.9657078049, 50.9390127955], [10.9639778614, 50.9387904901], [10.9635621933, 50.9387311279], [10.9635791436, 50.9386854247], [10.9635961415, 50.9386357833], [10.9633555217, 50.9386036092], [10.9630896817, 50.9385596965], [10.9628389586, 50.9385182812], [10.9626481771, 50.9384867669], [10.9624559896, 50.9384550187], [10.962263768, 50.9384232671], [10.9621829325, 50.9384018251], [10.9619182333, 50.9383782649], [10.9615789036, 50.938333795], [10.9612536985, 50.938291177], [10.9610269485, 50.9382614623], [10.960830061, 50.9382356551], [10.9607808267, 50.9382269866], [10.9604081884, 50.9381613584], [10.9596061902, 50.9380159926], [10.95956428, 50.938012881], [10.959484684, 50.9379995133], [10.9595416478, 50.9379048466], [10.9595152892, 50.9378987138], [10.9584462317, 50.9376511925], [10.9583711433, 50.9376338659], [10.95750899, 50.9374427043], [10.9574550925, 50.9374307768], [10.9571041895, 50.9373529569], [10.9560235666, 50.937143576], [10.9557581596, 50.9371019797], [10.9549237301, 50.9369850037], [10.9549603396, 50.9368890182], [10.9549978325, 50.9367970299], [10.9550366002, 50.9367043529], [10.9550753037, 50.9366120484], [10.9551094508, 50.9365258846], [10.9557398526, 50.9366059319], [10.9564973895, 50.9367103692], [10.9565382948, 50.9366369149], [10.9565714604, 50.9365771744], [10.9565952724, 50.9365343018], [10.9566862556, 50.9363710508], [10.9568215754, 50.9361280678], [10.9569051966, 50.9359783316], [10.9569199316, 50.9359512268], [10.9569530586, 50.9358919113], [10.9569833903, 50.9358371098], [10.9570423511, 50.9357314359], [10.9570566744, 50.9357047328], [10.9571404247, 50.9355547865], [10.957166257, 50.9355085297], [10.9572782111, 50.9353075057], [10.9572892832, 50.9352876149], [10.956767365, 50.9350140018], [10.9564469494, 50.9348397964], [10.9563805423, 50.9348038428], [10.9560853204, 50.9346418467], [10.9556883816, 50.9344234126], [10.9557487475, 50.9343022493], [10.9558572162, 50.9340857854], [10.9560007899, 50.9337872999], [10.9587280597, 50.9343159007], [10.9589216796, 50.9337897008], [10.9589314997, 50.9337617509], [10.9589696295, 50.9336505472], [10.9589872263, 50.933602822], [10.95901889, 50.9335179982], [10.9590745894, 50.9333670381], [10.9591407715, 50.9331565284], [10.9592262275, 50.9329045959], [10.959273235, 50.9327826801], [10.9592902665, 50.9327385185], [10.9593048014, 50.9326959395], [10.9593390702, 50.9325989359], [10.9593873561, 50.9324626176], [10.9594233978, 50.9323608022], [10.9594814133, 50.9322036513], [10.9594882073, 50.9321824453], [10.9595322491, 50.9320482793], [10.9595774486, 50.9319114246], [10.9595844791, 50.9318908352], [10.9596895839, 50.9316079345], [10.9598607207, 50.9311463655], [10.9598692881, 50.9311216141], [10.9599184626, 50.9309926572], [10.9599596693, 50.9308727253], [10.9599673386, 50.9308434057], [10.9600004554, 50.9307543356], [10.9600185603, 50.9306973849], [10.9600420924, 50.9306250466], [10.9600609314, 50.9305582427], [10.960082118, 50.9304864824], [10.9601041964, 50.9304226307], [10.9601090563, 50.9304084785], [10.9601208439, 50.9303743815], [10.9601509776, 50.9302944262], [10.9601613069, 50.930264776], [10.9601833941, 50.9302086532], [10.9602200808, 50.9301095662], [10.9602566822, 50.9300291659], [10.9602967946, 50.9299390258], [10.9603296435, 50.9298519396], [10.9603555905, 50.929784053], [10.9603614927, 50.9297691368], [10.9603972073, 50.9296750054], [10.9604147232, 50.9296288074], [10.9604696616, 50.9294867261], [10.9605230977, 50.9293496409], [10.960576989, 50.9292113734], [10.9606142027, 50.9291153811], [10.9606289154, 50.9290809417], [10.9614204818, 50.929161163], [10.9615222406, 50.9291714741], [10.9616509994, 50.9291843982]]]}, "properties": {"STADTTE_ID": 17, "NAME": "Bischleben-Stedten", "DOWNLOADLI": "https://geoportal.erfurt.de/gis/pub/downloads/thematik/stadtteile.zip", "SHAPE_AREA": 6623343.00076}}, {"type": "Feature", "geometry": {"type": "Polygon", "coordinates": [[[10.9704339938, 50.8954611347], [10.9706967376, 50.8956206569], [10.9709642578, 50.8957834281], [10.9709878837, 50.8957981539], [10.9710048791, 50.8958087592], [10.9710679159, 50.8958482383], [10.9714849203, 50.8961109116], [10.972269377, 50.89660841], [10.972442392, 50.8967177773], [10.9723364628, 50.8967753927], [10.9722978351, 50.8967964028], [10.97209792, 50.8969051322], [10.9734430781, 50.8972513106], [10.973717244, 50.8973201324], [10.9745813718, 50.897532849], [10.9756233955, 50.8977874715], [10.9757837989, 50.8978268405], [10.9758627609, 50.8978463655], [10.9759643527, 50.8978716708], [10.9775959472, 50.8982818526], [10.9778481169, 50.8983455999], [10.9774284933, 50.8989196829], [10.9794563064, 50.8993510594], [10.9791179522, 50.8998540873], [10.9788917527, 50.9001905595], [10.978881791, 50.9002053775], [10.9788700347, 50.9002229203], [10.9787850803, 50.9003491517], [10.9788253524, 50.9003576668], [10.9791000297, 50.9004159897], [10.9787600461, 50.9009611537], [10.9787454281, 50.9009964439], [10.9790698017, 50.9010569452], [10.9794374177, 50.901125465], [10.9792962046, 50.9013158032], [10.9801326366, 50.9014648162], [10.980351776, 50.9015051672], [10.9803764524, 50.9015097877], [10.9804041589, 50.9015149917], [10.9804446929, 50.9015226087], [10.9802311472, 50.9023546238], [10.9801710406, 50.9028639387], [10.9801398451, 50.903377857], [10.9801572794, 50.9042339563], [10.9801590942, 50.904315569], [10.9802170458, 50.9043260599], [10.9802170642, 50.9043276335], [10.9802171576, 50.9043349969], [10.9801102845, 50.9061174794], [10.9799569671, 50.9061461731], [10.979932199, 50.9061508788], [10.9798636212, 50.9061641226], [10.9798093033, 50.9061747554], [10.9795567705, 50.9062247182], [10.9795275412, 50.9062304888], [10.9789924497, 50.9063358906], [10.978855394, 50.9063628169], [10.9782502271, 50.9064814586], [10.9781850464, 50.9064942301], [10.9780261848, 50.9065253392], [10.9779020911, 50.9065496235], [10.9774059944, 50.906646637], [10.9772816213, 50.9066709901], [10.977147047, 50.9066973713], [10.9770081139, 50.9067246195], [10.9766253381, 50.9067997061], [10.9764897132, 50.9068263868], [10.9763219422, 50.906942057], [10.9762619728, 50.9069829183], [10.9761667789, 50.907048758], [10.9761172467, 50.9070830588], [10.975930131, 50.9072126274], [10.9755284653, 50.9074908686], [10.9753872577, 50.9075886471], [10.9752576563, 50.9076783837], [10.9750867345, 50.9077967487], [10.9750154303, 50.9078460502], [10.9749752953, 50.9078738436], [10.9749414206, 50.9078975388], [10.9745404757, 50.9081779939], [10.9745099509, 50.9081993452], [10.9744752561, 50.9082234381], [10.9742905388, 50.9083528178], [10.9741911462, 50.9084211543], [10.973983624, 50.90898086], [10.9738818236, 50.9092461052], [10.9738403493, 50.9093541162], [10.9738273706, 50.909388287], [10.9737536958, 50.9095822416], [10.9737327194, 50.9096374581], [10.9737154542, 50.9096829193], [10.9737008298, 50.9097214358], [10.9736838833, 50.9097660264], [10.9736634621, 50.9098198106], [10.9736065524, 50.909969621], [10.973531909, 50.91016611], [10.973485367, 50.9102886397], [10.9732544452, 50.9108996836], [10.9731356922, 50.9112138607], [10.9730219649, 50.9115081549], [10.9727989974, 50.9120751838], [10.9727696519, 50.9121473067], [10.9726508423, 50.9121291248], [10.9725132953, 50.9121080415], [10.9711401783, 50.91189795], [10.9696394649, 50.9116694028], [10.969495422, 50.9116464577], [10.9694649772, 50.911734305], [10.969098992, 50.9127678795], [10.9690682109, 50.9128469841], [10.9688680354, 50.913419264], [10.9687442932, 50.9137712259], [10.9686461019, 50.9140488309], [10.9684575154, 50.9145807189], [10.9683455728, 50.9148968778], [10.9683137254, 50.9149873889], [10.9682822137, 50.9150773295], [10.9682698389, 50.9151126245], [10.9682388429, 50.915200897], [10.9682217939, 50.9152491255], [10.9681342031, 50.9152347763], [10.9680528764, 50.915221469], [10.9673038677, 50.9150992198], [10.9665293742, 50.9149716411], [10.9663939496, 50.914949333], [10.9663846798, 50.9149757679], [10.9662891536, 50.9152482688], [10.9662263785, 50.9154273487], [10.9661811851, 50.9155520983], [10.9661475553, 50.9156549763], [10.9660410639, 50.9159807605], [10.9659072854, 50.9163900107], [10.9658981651, 50.9164179117], [10.9659023077, 50.9164688741], [10.9659047083, 50.9164984203], [10.965907542, 50.9165332789], [10.9659090731, 50.9165521201], [10.9658951057, 50.9174247453], [10.9658676366, 50.9191408793], [10.9658513555, 50.9201580755], [10.9658507834, 50.9202115393], [10.9658101017, 50.9210399232], [10.9659095697, 50.9211306268], [10.9659500273, 50.9211756398], [10.9660444285, 50.9212675105], [10.966143984, 50.9213639792], [10.9662449248, 50.9214618752], [10.9658300677, 50.9214641825], [10.9650104702, 50.9214736272], [10.9646050905, 50.921486161], [10.9644443532, 50.9214560842], [10.964401479, 50.9215211143], [10.9636098937, 50.9210473516], [10.9635310107, 50.9210276468], [10.9631366292, 50.9208005017], [10.9630773143, 50.9207671793], [10.9629747342, 50.9207098842], [10.9620827733, 50.9202096921], [10.9615629993, 50.9199190836], [10.961187486, 50.9197120539], [10.9605135249, 50.9193554534], [10.9601815019, 50.9191835534], [10.9596746553, 50.9190483095], [10.9594041665, 50.9189800267], [10.9591262426, 50.9189124148], [10.9587891077, 50.9188808426], [10.9585030089, 50.9188838843], [10.9579115569, 50.918938956], [10.9579159524, 50.9188911096], [10.9579183818, 50.9188721461], [10.9579495314, 50.9186457207], [10.9579676395, 50.9183677167], [10.9566832647, 50.9181629307], [10.9557474617, 50.9179686708], [10.9549102517, 50.9177308874], [10.9548776667, 50.9177215707], [10.955227473, 50.9172200644], [10.9552405769, 50.9172026255], [10.9542497702, 50.9168297204], [10.9529420157, 50.9163830154], [10.9522012182, 50.9160103373], [10.9514593115, 50.9156375544], [10.9506751898, 50.9152866813], [10.9499212544, 50.9148908311], [10.9494640574, 50.9146163665], [10.9493430405, 50.9145433181], [10.9486165957, 50.9142714903], [10.947888757, 50.914051181], [10.9473172369, 50.9138752171], [10.9472262624, 50.913847375], [10.947336561, 50.9136557903], [10.9456342396, 50.9133638654], [10.9441451529, 50.913101826], [10.9437731745, 50.9130407701], [10.9428463843, 50.9128822016], [10.9429259183, 50.9126401543], [10.9423932624, 50.9125472922], [10.9419574611, 50.9124710995], [10.9415061334, 50.9123886511], [10.9415431335, 50.9123220876], [10.9415664459, 50.91228039], [10.9415845931, 50.9122482379], [10.9414918637, 50.9122347411], [10.9415558796, 50.9120728646], [10.9416113992, 50.911928828], [10.9416412515, 50.9118520065], [10.9416695334, 50.9117785405], [10.9416876237, 50.9117294425], [10.9417185293, 50.9116513083], [10.941601915, 50.9116346106], [10.9408393031, 50.9115194228], [10.940795159, 50.9115128917], [10.9403560365, 50.9114432876], [10.9390143212, 50.9112395764], [10.938791681, 50.9112058845], [10.9386946306, 50.9111994895], [10.9385626727, 50.9111719265], [10.9384778907, 50.9111590293], [10.9384004703, 50.9111485207], [10.9383471613, 50.9111409988], [10.9382515691, 50.9111255621], [10.9381362365, 50.9112463486], [10.938059851, 50.9112287042], [10.9374477566, 50.911100251], [10.9373877522, 50.9110876684], [10.9373004986, 50.9110695716], [10.9372057858, 50.9110494014], [10.937096537, 50.9110220292], [10.9366116213, 50.9108872833], [10.9364991077, 50.9108585886], [10.9364049387, 50.9108342618], [10.9361936224, 50.9107758378], [10.9360806415, 50.9107472189], [10.9360460418, 50.9107355218], [10.9359674975, 50.9107118887], [10.9358942873, 50.9106890953], [10.9348266024, 50.9103757543], [10.9346240102, 50.9103248392], [10.9341442143, 50.9102042569], [10.9338714354, 50.9101356995], [10.9335807303, 50.9100626386], [10.9326480081, 50.9098282108], [10.9322251654, 50.9097219335], [10.9319437773, 50.9096512073], [10.9319151024, 50.9096440005], [10.9318157148, 50.9096190197], [10.9317766234, 50.9096130636], [10.9318590092, 50.9094775853], [10.9319339268, 50.9089488827], [10.9319977759, 50.9084411001], [10.9320329182, 50.9080909167], [10.9320329904, 50.9080726691], [10.9320340583, 50.9080538348], [10.9320526811, 50.9072995472], [10.9322191732, 50.9062604978], [10.9323026586, 50.9057099943], [10.9323080014, 50.9056336789], [10.9323090246, 50.9055658541], [10.9323039863, 50.9055462377], [10.932319424, 50.9054567737], [10.9325371472, 50.9040308454], [10.9325434106, 50.9039969326], [10.9325813662, 50.9040020529], [10.9326783985, 50.9040168093], [10.9327843383, 50.9040324748], [10.9329131284, 50.9040517469], [10.9330484154, 50.9040722109], [10.9331341477, 50.9040850846], [10.9333037261, 50.9041104817], [10.9334526355, 50.9030660164], [10.9335813315, 50.9021757956], [10.9335957307, 50.9020999309], [10.9338032323, 50.9020860395], [10.9340556553, 50.9020691595], [10.9342798578, 50.9020541523], [10.9345318817, 50.9020372949], [10.9346498269, 50.9020294085], [10.9348153888, 50.9020187099], [10.935104012, 50.9005479015], [10.9351184937, 50.9004757415], [10.9352382384, 50.8998635946], [10.9352459651, 50.8998196177], [10.9353342241, 50.899307704], [10.9353388222, 50.8992805792], [10.9356256281, 50.8976421464], [10.9355589603, 50.897604152], [10.9355101876, 50.8975761369], [10.9354363586, 50.8975342122], [10.9353267594, 50.8974720404], [10.9352655933, 50.8974651987], [10.9352956651, 50.8973712645], [10.935562582, 50.8965323805], [10.9357812305, 50.8958557909], [10.9360150219, 50.8951212766], [10.9360808973, 50.8948725743], [10.9361010264, 50.8947956644], [10.9361370132, 50.8947964146], [10.9396443316, 50.8938911234], [10.9397401389, 50.8938707602], [10.9398977439, 50.8938342468], [10.9409908531, 50.8936567414], [10.9420947537, 50.8934775082], [10.9421860689, 50.8934627291], [10.9432693489, 50.893286687], [10.9448226774, 50.8932727171], [10.9469605569, 50.8932550889], [10.9470626972, 50.8929635675], [10.9470683167, 50.8929475359], [10.9471235634, 50.8927898932], [10.9471625205, 50.892678883], [10.9471686355, 50.8926610948], [10.9474042657, 50.8919668462], [10.9474910319, 50.8916887234], [10.9475636306, 50.8916982234], [10.9491430736, 50.8919009764], [10.9504268309, 50.8922003314], [10.9514626916, 50.8924823085], [10.9523479666, 50.8927120546], [10.9542011497, 50.893207477], [10.9554169345, 50.8935215213], [10.9561433681, 50.8937080538], [10.9568812652, 50.8938709797], [10.9570801187, 50.893904496], [10.9581238262, 50.894079529], [10.9594036273, 50.894330134], [10.95980823, 50.8944120884], [10.9602480017, 50.894498409], [10.9609593007, 50.8945712593], [10.960964532, 50.8945347557], [10.9609663158, 50.8945204149], [10.9611196193, 50.8932887512], [10.9611758959, 50.8928242853], [10.9613764913, 50.891203729], [10.9616641372, 50.8912135945], [10.9616524609, 50.8911300968], [10.9616140032, 50.8909291656], [10.96185374, 50.8909312073], [10.9618560714, 50.8909075406], [10.9618628953, 50.8908901804], [10.9635833804, 50.8909139249], [10.9635818535, 50.8909365824], [10.963575364, 50.8910362883], [10.9635678026, 50.8911523287], [10.9635619155, 50.8912421521], [10.9635562727, 50.8913287237], [10.9635449381, 50.8915033048], [10.9635388053, 50.8915965508], [10.9635353629, 50.8916485512], [10.9635324894, 50.8916922408], [10.9635262398, 50.8917888299], [10.9635196503, 50.8918898479], [10.9635134224, 50.891984181], [10.9635074814, 50.8920758022], [10.9634900087, 50.8924547111], [10.9634705364, 50.8927174509], [10.9634696323, 50.8927300007], [10.9680701897, 50.8926696626], [10.9688268124, 50.8929795553], [10.968834912, 50.8929828894], [10.9689365919, 50.8924940195], [10.9689929106, 50.8922309564], [10.9690242515, 50.8922295075], [10.9691007045, 50.8922139831], [10.9731056535, 50.8913637933], [10.9748412927, 50.8909598978], [10.9748698229, 50.8912392629], [10.9751659663, 50.8912778437], [10.9750153504, 50.8916179042], [10.9750684669, 50.891720813], [10.9745008415, 50.8919491419], [10.9739892306, 50.8923584661], [10.9736664108, 50.8928234979], [10.973464699, 50.8931131452], [10.9734368207, 50.8931529832], [10.9733432595, 50.8932121469], [10.9722672262, 50.8938777567], [10.9721422728, 50.8939551541], [10.9722078824, 50.8940082759], [10.9721284833, 50.894075925], [10.9716985586, 50.8944422729], [10.9710854477, 50.8949937001], [10.9704340282, 50.8954611081], [10.9704339938, 50.8954611347]]]}, "properties": {"STADTTE_ID": 37, "NAME": "Molsdorf", "DOWNLOADLI": "https://geoportal.erfurt.de/gis/pub/downloads/thematik/stadtteile.zip", "SHAPE_AREA": 7187759.58156}}, {"type": "Feature", "geometry": {"type": "Polygon", "coordinates": [[[11.0463804784, 51.0798288495], [11.0451467525, 51.0798618176], [11.04390442, 51.07990237], [11.0438418084, 51.0798937232], [11.0436089896, 51.0799012223], [11.0435366116, 51.079603975], [11.0432993804, 51.078675508], [11.0431229629, 51.0779941434], [11.0429699627, 51.077391831], [11.0427654716, 51.0765921289], [11.0425567223, 51.0757764805], [11.0424071354, 51.0747285727], [11.0422400111, 51.0735938115], [11.0420859762, 51.0725393939], [11.042073476, 51.0724537155], [11.042014351, 51.0720483645], [11.0419286996, 51.0714626556], [11.0419238184, 51.0714295365], [11.0418397959, 51.0708548971], [11.0417850612, 51.0704928193], [11.041714971, 51.070016104], [11.0415996476, 51.0692086707], [11.0415893775, 51.0691415097], [11.0415817687, 51.0690885022], [11.0412891743, 51.0690853228], [11.0412136545, 51.068578989], [11.0411427821, 51.0680791284], [11.0409954241, 51.0670411861], [11.0408562657, 51.0660466105], [11.0407290743, 51.0651719205], [11.040718322, 51.0651067879], [11.0406589459, 51.065120674], [11.0399452826, 51.0652876165], [11.0398448497, 51.0653111164], [11.0397091666, 51.065341473], [11.0394829242, 51.0653924712], [11.0393599511, 51.0654207844], [11.0388911368, 51.0655279033], [11.0386308417, 51.0655870693], [11.0384328597, 51.0656317723], [11.0379026694, 51.0657561185], [11.037417564, 51.0658642747], [11.037336302, 51.0652551995], [11.0371969269, 51.0642579119], [11.0371958716, 51.0642503253], [11.0371902126, 51.0642081379], [11.037121417, 51.0636951143], [11.0371178293, 51.0636720454], [11.0361162998, 51.0635344092], [11.0359414283, 51.0628528551], [11.0356311805, 51.0628608686], [11.0354820102, 51.0628649063], [11.0350117316, 51.0629018745], [11.0349501912, 51.0629067056], [11.0348460009, 51.0630342909], [11.0335278252, 51.0629621023], [11.0335108259, 51.0629611705], [11.0335239426, 51.0632344211], [11.033536872, 51.0635035891], [11.0335442763, 51.0636578667], [11.0335931401, 51.0639744062], [11.0336032087, 51.0640375926], [11.0336519122, 51.0643433894], [11.0336655713, 51.0644808282], [11.0336662809, 51.0644879001], [11.0334987062, 51.0645753994], [11.0330909217, 51.0647370861], [11.0328258125, 51.0648046591], [11.0324419626, 51.0649600966], [11.0324410133, 51.0651645993], [11.0324134153, 51.0652074193], [11.0319212501, 51.0654992587], [11.0317118714, 51.0656640123], [11.0312407479, 51.0657762138], [11.030650476, 51.0658110024], [11.030092427, 51.0658931298], [11.0291474969, 51.0660841928], [11.0285106528, 51.0662206629], [11.0283594122, 51.0662467517], [11.0282478478, 51.0663334779], [11.0277819402, 51.0666613838], [11.0271292994, 51.0670426495], [11.0268616896, 51.0671644915], [11.0263834614, 51.0673284906], [11.0260769865, 51.0672917987], [11.0257883714, 51.0672905729], [11.0251100998, 51.0672747654], [11.0246076771, 51.0672638441], [11.0244714959, 51.067260767], [11.0241663082, 51.0673074721], [11.0238350369, 51.0672912794], [11.023838952, 51.0671525208], [11.0239257551, 51.0669655618], [11.023813624, 51.0667496076], [11.0237741506, 51.0665417475], [11.0236027111, 51.0664746153], [11.0232424771, 51.0663842074], [11.0232002369, 51.0663780029], [11.022755206, 51.0663126663], [11.0227328895, 51.0663094228], [11.0226868116, 51.066302602], [11.0227209051, 51.0662369343], [11.0227469328, 51.0661404019], [11.0227259814, 51.0660282235], [11.0227163404, 51.0659379195], [11.0227233492, 51.0658150081], [11.0227403538, 51.0656882416], [11.0227702512, 51.0655704739], [11.0228038083, 51.0654448896], [11.0228501291, 51.0653350703], [11.0228320785, 51.0652328848], [11.0227450589, 51.0650131035], [11.0227373532, 51.0649149326], [11.0227697044, 51.0647862816], [11.0228067006, 51.0646680241], [11.0228283797, 51.0645326328], [11.0228093905, 51.0643666164], [11.0227870042, 51.0642820398], [11.0226542528, 51.0639421422], [11.0226366487, 51.063872995], [11.0226692554, 51.0637742432], [11.0226657304, 51.0636963326], [11.0226491403, 51.0636237601], [11.0225946229, 51.0635272656], [11.0225555927, 51.0634784703], [11.0225555989, 51.0634056681], [11.0225882582, 51.0633524553], [11.0226725526, 51.0632643475], [11.0226977053, 51.0631977329], [11.0226929762, 51.0631323073], [11.022654246, 51.0630638379], [11.0225840388, 51.0629849384], [11.0225355068, 51.0628948309], [11.0225054171, 51.0628028456], [11.0224562378, 51.0627136945], [11.0223830175, 51.0626390579], [11.0222597921, 51.0625483526], [11.0221723549, 51.0624653451], [11.0221118375, 51.0623876591], [11.0220610907, 51.0622998786], [11.0219776842, 51.0622273048], [11.021851511, 51.0621466609], [11.0217316664, 51.06204525], [11.0216400795, 51.0619412806], [11.0215804784, 51.06183303], [11.0214911695, 51.0617251511], [11.021416451, 51.0616676168], [11.0213342418, 51.0615965625], [11.0212538195, 51.0615016208], [11.0211785961, 51.0614226516], [11.0210630539, 51.0613758673], [11.0209103057, 51.0613373834], [11.0208307003, 51.0612957718], [11.0207631178, 51.0612468896], [11.0207097923, 51.0611699373], [11.0206640119, 51.0610605613], [11.0206397005, 51.0609525246], [11.0205998815, 51.0608682788], [11.0205512458, 51.0608348363], [11.0204223189, 51.0608099806], [11.0202823989, 51.0608247913], [11.0202152556, 51.0608288401], [11.0201358782, 51.0608042642], [11.0200898059, 51.0607514455], [11.0200667166, 51.0606788538], [11.0201013517, 51.0605509869], [11.0201088513, 51.0604943371], [11.0200482599, 51.0604502153], [11.0200071769, 51.060421906], [11.0199948987, 51.0603743947], [11.0199922088, 51.0603037535], [11.0199864857, 51.0602707696], [11.0199721908, 51.0601289011], [11.0199710939, 51.0601105902], [11.0203932312, 51.0601119867], [11.020457174, 51.0601115151], [11.0211681804, 51.0599964657], [11.0222577299, 51.0597999077], [11.0233641763, 51.0595318716], [11.0238213218, 51.0593561144], [11.0238338069, 51.0593506639], [11.0238774522, 51.0593451548], [11.0250980086, 51.05919577], [11.0258570642, 51.0590050209], [11.0263436983, 51.0589601593], [11.0268873294, 51.0589350094], [11.0274705924, 51.0588671386], [11.0274752747, 51.0588351265], [11.027431105, 51.0583603471], [11.0274307207, 51.058199043], [11.0274306277, 51.0581442601], [11.0274231851, 51.0572493159], [11.0274354899, 51.0566696679], [11.0274338162, 51.0566106495], [11.02744414, 51.0566101061], [11.0277659941, 51.0566180849], [11.0277743199, 51.0566182894], [11.0278261483, 51.0556519171], [11.0278778485, 51.0547113521], [11.0278960638, 51.0543827096], [11.0278993834, 51.0543235442], [11.0279080507, 51.0540674361], [11.0278601568, 51.0533742317], [11.0278117259, 51.0526869192], [11.0277602364, 51.0519809018], [11.0277564607, 51.0519159688], [11.0278128305, 51.0511180993], [11.027874863, 51.0502198581], [11.0280356388, 51.0496719608], [11.0282462069, 51.0489461608], [11.0284533073, 51.0482496811], [11.0286227531, 51.0476724876], [11.0286451857, 51.0476348655], [11.0286637109, 51.0476034592], [11.0287131164, 51.0475137625], [11.0287263184, 51.0474838931], [11.0288139511, 51.0462512997], [11.0288641266, 51.0454817638], [11.0289197161, 51.044713757], [11.0289842748, 51.0442786627], [11.029006071, 51.0432967846], [11.029027478, 51.0426679142], [11.0290304666, 51.0426135552], [11.0290400036, 51.0423276824], [11.0290323256, 51.0415122264], [11.0290389131, 51.0408521481], [11.0290710101, 51.0402390158], [11.0290973057, 51.039737094], [11.0290996673, 51.0396895793], [11.0291028082, 51.039626565], [11.0291039783, 51.0396061372], [11.0291163771, 51.0393898503], [11.0292116986, 51.0386659776], [11.0292359967, 51.0384814562], [11.0292449047, 51.038448607], [11.0294758636, 51.0375970122], [11.0297234758, 51.03676968], [11.0297469526, 51.0366952168], [11.0298362178, 51.0364247503], [11.0304386467, 51.0364906417], [11.0303944862, 51.0367177885], [11.030392879, 51.0367434411], [11.0326175582, 51.0366866633], [11.0341297384, 51.0365812646], [11.0357945915, 51.0365268068], [11.0361643009, 51.0365375018], [11.0375591865, 51.0365778463], [11.038338424, 51.0366014971], [11.0396643888, 51.0366255714], [11.0398714832, 51.0366280279], [11.0401009322, 51.0366291125], [11.040289214, 51.0366656086], [11.0457610965, 51.0370062122], [11.0462981574, 51.0370532017], [11.0465371049, 51.03704225], [11.0466961008, 51.0370346467], [11.0476817057, 51.0369955466], [11.0491591294, 51.0369304608], [11.0506119018, 51.0368687327], [11.0520482076, 51.0368083513], [11.0533376196, 51.0367797105], [11.0534719936, 51.0367790826], [11.0535403659, 51.0367801211], [11.0547067233, 51.0368681515], [11.0558521865, 51.0369591813], [11.0564091007, 51.0370034581], [11.0570052917, 51.0370508567], [11.058045576, 51.037133636], [11.0581797815, 51.0371455644], [11.0600469993, 51.0372958453], [11.061152305, 51.0373847469], [11.062288293, 51.0374760652], [11.0640795909, 51.0376139049], [11.0640814466, 51.0376535045], [11.0641655999, 51.0376566232], [11.064455767, 51.038200618], [11.064519411, 51.0383193698], [11.0649759777, 51.039158503], [11.0652910429, 51.0397500296], [11.0657646793, 51.0406065574], [11.0659967545, 51.0410516713], [11.0661437687, 51.0413265868], [11.0661495436, 51.0413373949], [11.0661983819, 51.0414287143], [11.0662299431, 51.0414752181], [11.0663134636, 51.0415982446], [11.066952244, 51.0425222039], [11.0672307156, 51.0428742206], [11.0674012749, 51.0430898175], [11.0678791607, 51.0436427221], [11.0680407985, 51.0438506785], [11.0683307206, 51.0442197784], [11.068734352, 51.0447293955], [11.0688297967, 51.0447403001], [11.073642926, 51.0456874047], [11.0744359044, 51.045902768], [11.0745299398, 51.0459284102], [11.0759477084, 51.0463134767], [11.0764952988, 51.0464422998], [11.0765723739, 51.0464603471], [11.0791644872, 51.0470697483], [11.0805207503, 51.0471435204], [11.0806213222, 51.0471489855], [11.0812645, 51.0472407839], [11.0844272511, 51.0476922914], [11.0845063151, 51.0477035187], [11.0880786872, 51.0482135061], [11.0881047122, 51.0482171259], [11.0881558217, 51.0482201148], [11.0873781465, 51.0498838091], [11.0873598071, 51.0499010359], [11.0874285592, 51.0501155378], [11.0876626344, 51.0508392013], [11.0878636166, 51.0513562461], [11.0879969148, 51.0515737601], [11.0880344665, 51.0516223518], [11.0883126559, 51.0520556169], [11.0887673824, 51.0527638302], [11.0889331742, 51.0530732395], [11.0890801508, 51.0533435882], [11.0893945406, 51.0539218118], [11.0898177891, 51.0547002489], [11.090279974, 51.055424919], [11.0906789103, 51.0560572541], [11.090731189, 51.0561400992], [11.0908350206, 51.0561249952], [11.0911445163, 51.0565419661], [11.0917182805, 51.0573606768], [11.0922948145, 51.0581665488], [11.0927115163, 51.0588303327], [11.0931017524, 51.0594812075], [11.0931399288, 51.0595437616], [11.093401997, 51.0599731232], [11.093418136, 51.0600049612], [11.0920600377, 51.0601917288], [11.0906832504, 51.0603809788], [11.0907026966, 51.0605301855], [11.0891078613, 51.060747817], [11.0891458524, 51.060940334], [11.0892131881, 51.0612834036], [11.0892372554, 51.0614076937], [11.0892795111, 51.06163594], [11.08935416, 51.0620266639], [11.0894856562, 51.0626502681], [11.0895579106, 51.0634049116], [11.0900040065, 51.0636310766], [11.0901705128, 51.0637154931], [11.0909090259, 51.0640277971], [11.0913072246, 51.0646612375], [11.0914832226, 51.0648769749], [11.0916701722, 51.0649982688], [11.0916478987, 51.0653311395], [11.091667036, 51.0653534187], [11.0901466814, 51.0651054983], [11.0871040645, 51.064958951], [11.0869173541, 51.0649502039], [11.0850098315, 51.0648555684], [11.0814850235, 51.0654324486], [11.0794728804, 51.0675150161], [11.0785027901, 51.0689454801], [11.0784618289, 51.0690058878], [11.0793655383, 51.0714956839], [11.081176721, 51.0726306382], [11.0816531912, 51.0737207754], [11.0816453945, 51.0737218101], [11.0816230778, 51.0737247816], [11.0808098263, 51.0738338673], [11.0795258399, 51.0739485761], [11.0782549966, 51.074062134], [11.0767509406, 51.074196615], [11.0756926102, 51.0742947598], [11.075586226, 51.0743038552], [11.0756767991, 51.074442081], [11.0756924103, 51.0744656287], [11.0757557838, 51.0745624508], [11.0757229253, 51.0745645085], [11.0756986651, 51.0745660178], [11.0756387618, 51.0745699814], [11.0743444134, 51.0746506467], [11.0729490686, 51.0747310171], [11.0729092655, 51.0747333816], [11.0731415555, 51.0757326348], [11.0721014045, 51.0757737897], [11.0712264611, 51.0758191247], [11.0712377137, 51.0764598508], [11.0711779523, 51.0775458439], [11.071091756, 51.0775456682], [11.0709533678, 51.0775451844], [11.0707415867, 51.0775442949], [11.0703716773, 51.0775427432], [11.0702543154, 51.0775423349], [11.0700684052, 51.0775416936], [11.0699310254, 51.0775410891], [11.0698479315, 51.0775407235], [11.069070064, 51.0775373752], [11.0678118195, 51.0776096314], [11.066649016, 51.0776761248], [11.0664129539, 51.0776895331], [11.0664164072, 51.0777162766], [11.0665376486, 51.0786553837], [11.066662451, 51.0796201583], [11.0660868887, 51.0795537309], [11.0644978603, 51.0793860101], [11.0629044828, 51.0792180854], [11.0622876593, 51.0791514611], [11.0622040884, 51.0791424854], [11.0613153342, 51.07904687], [11.0597206565, 51.0788752016], [11.0581247654, 51.0787033935], [11.0565399929, 51.0785327143], [11.0549493404, 51.0783612645], [11.0544703082, 51.0783096352], [11.0543890916, 51.0783008796], [11.0533441617, 51.078188238], [11.0517452635, 51.0780178375], [11.0507615816, 51.0779085357], [11.0506305774, 51.0778942415], [11.0501506727, 51.0778438995], [11.0485509498, 51.0776737361], [11.0476014034, 51.0775740972], [11.046667538, 51.0774781646], [11.0465973964, 51.0774770808], [11.0465867123, 51.0774775512], [11.0465177289, 51.0781621332], [11.046496814, 51.0783231006], [11.0464724788, 51.0785206697], [11.0464504227, 51.0787058624], [11.046439278, 51.0787968666], [11.046426224, 51.0788995762], [11.0463804784, 51.0798288495]]]}, "properties": {"STADTTE_ID": 27, "NAME": "Stotternheim", "DOWNLOADLI": "https://geoportal.erfurt.de/gis/pub/downloads/thematik/stadtteile.zip", "SHAPE_AREA": 15790581.1917}}, {"type": "Feature", "geometry": {"type": "Polygon", "coordinates": [[[10.9905837012, 51.0682159936], [10.9905804239, 51.0682302655], [10.9905334291, 51.0682195031], [10.9905248335, 51.0682516746], [10.9904572288, 51.0682355622], [10.9903946607, 51.068220731], [10.9900131792, 51.0681279469], [10.9897611676, 51.0680661782], [10.9896234429, 51.0680322937], [10.989558135, 51.0680160032], [10.9889587193, 51.0678701103], [10.9886859002, 51.0678045655], [10.9885442927, 51.0677706676], [10.9884041243, 51.0677339741], [10.9881160216, 51.0676579192], [10.9878244769, 51.0675801611], [10.9875174143, 51.0674990608], [10.9867629246, 51.067339775], [10.986089394, 51.0671641781], [10.9860742535, 51.0671602984], [10.9853347848, 51.0669452544], [10.9844559233, 51.0667133396], [10.9842521391, 51.0666592956], [10.9840600892, 51.0666096504], [10.9838635354, 51.0665579418], [10.9836953358, 51.0665128717], [10.9835237917, 51.0664679858], [10.9830957655, 51.0663560496], [10.982930267, 51.0663127942], [10.9828263609, 51.0662855299], [10.9827514358, 51.0662657897], [10.9823931299, 51.066169689], [10.9821265393, 51.0660966279], [10.9820191897, 51.0660673878], [10.9817669673, 51.0659995961], [10.9815225531, 51.0659349487], [10.9810975403, 51.0658240585], [10.9807446828, 51.0657315153], [10.9803930352, 51.0656388931], [10.9802039588, 51.065589157], [10.9796755933, 51.0654505215], [10.9795422481, 51.0654161886], [10.979081093, 51.0652986114], [10.9788791673, 51.0652468514], [10.9785898002, 51.0652032593], [10.97845788, 51.0651834274], [10.9783073021, 51.0651608471], [10.9781612601, 51.0651388976], [10.9780112418, 51.0651162113], [10.9778577497, 51.0650928586], [10.9775826847, 51.065051211], [10.9762840655, 51.0648721639], [10.9762158226, 51.0649004434], [10.9762354103, 51.0648285938], [10.9762076826, 51.064824477], [10.9762140962, 51.0648098539], [10.9759083615, 51.0647731179], [10.9758535402, 51.0647549031], [10.9758438166, 51.0647183848], [10.9758534212, 51.0646833392], [10.9758661597, 51.0646083022], [10.9758950316, 51.0645294328], [10.9759094931, 51.0644248454], [10.9759139381, 51.0643513624], [10.9759341756, 51.0642577655], [10.9759482762, 51.064155233], [10.9759517606, 51.0640903622], [10.9759739874, 51.0640191831], [10.9760216689, 51.0639056367], [10.9760791133, 51.0637906301], [10.9761081913, 51.0637256683], [10.9761295789, 51.0636646849], [10.9761500992, 51.0635957739], [10.9761848702, 51.0634835619], [10.9764111041, 51.0628783549], [10.9764309326, 51.0628292053], [10.976468691, 51.0627671148], [10.9765241194, 51.0626961726], [10.9766045069, 51.0626041266], [10.9766066796, 51.0625922435], [10.9765807962, 51.062565958], [10.9764326516, 51.0625220447], [10.976335975, 51.0625001007], [10.9762234268, 51.0624785312], [10.9759569998, 51.0624234242], [10.9749077709, 51.0622418587], [10.9749183468, 51.0622105795], [10.9749548945, 51.0621407665], [10.9750072044, 51.0620036647], [10.975045655, 51.0619245472], [10.9752170636, 51.061645831], [10.9753132188, 51.0615444494], [10.9753703026, 51.0614845246], [10.9753948057, 51.0613948128], [10.975441929, 51.0612651623], [10.975462092, 51.061168481], [10.9755409211, 51.0609264743], [10.9756053059, 51.060725547], [10.9756977564, 51.0604880468], [10.9757145975, 51.0603795969], [10.9757427413, 51.0602276035], [10.9757790791, 51.0601528896], [10.9758122793, 51.0600781936], [10.9758158897, 51.0600082718], [10.9758264699, 51.0598486188], [10.9758501183, 51.0597639414], [10.975942281, 51.0597528831], [10.9760317186, 51.0597632573], [10.9761147877, 51.0597900706], [10.9761838573, 51.0597964552], [10.9763008223, 51.0598217588], [10.9764612381, 51.0598522604], [10.9765515575, 51.0598795416], [10.9766436633, 51.0598976334], [10.9768433267, 51.0599329809], [10.9771111002, 51.0600021477], [10.9772738079, 51.0600445429], [10.9773366127, 51.0600601667], [10.9773640238, 51.0600538714], [10.9773993692, 51.0600086141], [10.9774119868, 51.0599816943], [10.9774346112, 51.0599071121], [10.9774661628, 51.05977434], [10.9774864727, 51.0596856061], [10.9775079829, 51.0595722258], [10.9775164864, 51.0594898613], [10.9775343535, 51.0594000364], [10.9775381801, 51.0593525622], [10.977542919, 51.0592655803], [10.9775453448, 51.0591488688], [10.9775812996, 51.0590356505], [10.9776458131, 51.0587661458], [10.9776616271, 51.0586776157], [10.9776772907, 51.0585627541], [10.9776858938, 51.0584265463], [10.9776998129, 51.0582620142], [10.9777449085, 51.0581054667], [10.9777483933, 51.0580248653], [10.9777658736, 51.057898829], [10.9778020193, 51.0576329503], [10.9778125675, 51.0575282291], [10.9778287339, 51.0574106493], [10.9778286262, 51.0573435989], [10.9778329095, 51.0571994329], [10.9778362309, 51.057058279], [10.9778524164, 51.0569773474], [10.9779225834, 51.0560493221], [10.9779251796, 51.0560149795], [10.9779448528, 51.0560160593], [10.9797131098, 51.0561531367], [10.9797235567, 51.0561255322], [10.9797334019, 51.0560851579], [10.9802461482, 51.0539568459], [10.9804201487, 51.0532238165], [10.98058562, 51.0525165116], [10.9807404004, 51.0518548419], [10.9807483125, 51.0518231791], [10.9825101852, 51.0519882771], [10.9843575921, 51.0521856524], [10.9843653905, 51.0521662045], [10.9845757304, 51.0516406392], [10.9848348944, 51.050993075], [10.9849899372, 51.0506056943], [10.9850152065, 51.0505222077], [10.9851615283, 51.0500389364], [10.985279017, 51.0494078412], [10.9853164018, 51.0491698275], [10.9856566286, 51.0470038841], [10.9859010774, 51.0456001503], [10.9860664904, 51.0445576139], [10.9861799206, 51.0435275266], [10.9861948258, 51.0432082986], [10.9861594982, 51.0432080286], [10.9854827857, 51.0432027633], [10.9853645261, 51.0432018357], [10.9850472979, 51.0431993621], [10.9851140017, 51.042950619], [10.9853185533, 51.0421489179], [10.986268624, 51.0422043491], [10.9863181873, 51.0422116015], [10.9864957257, 51.0413398011], [10.9866281069, 51.0407443939], [10.9868636067, 51.040158509], [10.9869354386, 51.0399799594], [10.9871539247, 51.0390555665], [10.9874355745, 51.0381771241], [10.9875278631, 51.0375676328], [10.9876373984, 51.036858799], [10.9877093196, 51.0357760417], [10.9877418211, 51.0357762333], [10.9877988436, 51.0357764565], [10.9896465391, 51.0357856646], [10.9897588146, 51.0357862211], [10.9898329845, 51.0357865919], [10.9899213685, 51.0357870318], [10.9906008079, 51.0357903985], [10.990970065, 51.0357922363], [10.9936259292, 51.0358053758], [10.9937113199, 51.0358057955], [10.9939580802, 51.0358070108], [10.9938733325, 51.0350489287], [10.9935091664, 51.0350716215], [10.9935161314, 51.0346708558], [10.9953997051, 51.0346591391], [10.9963755045, 51.034653458], [10.9966962672, 51.0346512929], [10.9969429262, 51.0346496598], [10.9976934342, 51.0346450017], [10.996927798, 51.0336822545], [10.997579857, 51.0337216172], [10.9980789059, 51.0337517371], [10.9986067116, 51.0337834747], [10.9994816956, 51.0338362867], [10.9995232761, 51.0335960128], [10.9995645281, 51.0333576952], [10.9996033238, 51.0331335594], [10.999652228, 51.0328509998], [10.9999552284, 51.0328733585], [10.9999834106, 51.0328754419], [11.0001001395, 51.0319632074], [11.00010072, 51.0319587358], [11.0001454756, 51.0319630824], [11.0012337815, 51.0320687901], [11.0012772104, 51.0319172092], [11.0023975306, 51.0320730339], [11.0029191327, 51.0321456099], [11.003139562, 51.0321752029], [11.0033628781, 51.0322051525], [11.0034307343, 51.0320589383], [11.0031644973, 51.0320095657], [11.0031213041, 51.0320015034], [11.0029525357, 51.0319713529], [11.0024534632, 51.0319025728], [11.0013376932, 51.0317487843], [11.0013496235, 51.0316121614], [11.0013640513, 51.0314468395], [11.0022142548, 51.0315616966], [11.0030421861, 51.0316735883], [11.0030405819, 51.0316779615], [11.0030544429, 51.0316797249], [11.003078896, 51.0316828275], [11.0031575141, 51.0315040835], [11.0031670399, 51.0314640282], [11.003253424, 51.0311011275], [11.0033428509, 51.0307252094], [11.0033698183, 51.0305704123], [11.0033708009, 51.030565153], [11.0034254707, 51.0305744277], [11.0038461784, 51.0306473367], [11.0050266179, 51.0308772239], [11.0050795902, 51.0308812881], [11.0050948076, 51.0308642575], [11.005207992, 51.0305652624], [11.0052037713, 51.03054394], [11.0051794768, 51.0305341601], [11.0043831781, 51.0304142914], [11.004288089, 51.030399962], [11.0043224796, 51.0302804028], [11.0044318156, 51.0302951407], [11.0059954943, 51.0305053397], [11.0060284245, 51.0305093322], [11.0060367928, 51.0304873169], [11.006143647, 51.0301819929], [11.0070481792, 51.0303422761], [11.0070969846, 51.0303445152], [11.0072373145, 51.030368449], [11.0074837715, 51.0300159197], [11.0086774014, 51.0302725447], [11.0087419426, 51.0300641396], [11.0088075582, 51.0298515005], [11.00881926, 51.0298134677], [11.0089552953, 51.0296850866], [11.0089739313, 51.0296754829], [11.0092928322, 51.0296686923], [11.0094375944, 51.0295387674], [11.009490587, 51.0295183702], [11.0095792667, 51.0294882613], [11.009940682, 51.029361932], [11.0100464106, 51.0292213567], [11.0105300238, 51.028613577], [11.011415293, 51.0289295531], [11.0114566735, 51.0289276013], [11.0115784834, 51.0289093674], [11.0115860562, 51.0289119306], [11.0117366641, 51.0289347773], [11.0120486788, 51.0289830873], [11.0121205997, 51.0289942391], [11.0125935667, 51.0290684568], [11.0127832986, 51.0290960008], [11.012973329, 51.0291235835], [11.0131776117, 51.0291525804], [11.0132058363, 51.0291566664], [11.013268053, 51.0291656589], [11.0133090517, 51.0291715779], [11.013483813, 51.0291972959], [11.0135036886, 51.0292011488], [11.0136557829, 51.0292296154], [11.01383532, 51.0292606764], [11.0141386633, 51.0293151642], [11.0142029786, 51.0293267272], [11.0149799362, 51.029466304], [11.0153302025, 51.0295292293], [11.0174254677, 51.029913788], [11.0175900209, 51.029943181], [11.0188919213, 51.0301757193], [11.0197262601, 51.0303211846], [11.019928283, 51.0303564072], [11.020394911, 51.0304377577], [11.0202717949, 51.0307249441], [11.0218703613, 51.0309308633], [11.0225442351, 51.031024079], [11.0235432269, 51.0311625328], [11.0234894984, 51.0312915002], [11.0236123563, 51.0313082838], [11.0238982203, 51.0313470585], [11.0239671773, 51.031356452], [11.024416287, 51.0314173885], [11.0247212229, 51.0314611018], [11.0249533483, 51.0314888807], [11.0251548675, 51.0315200272], [11.0250969491, 51.0316396211], [11.0259195164, 51.0317496074], [11.0259915628, 51.0317592411], [11.0261838953, 51.0317934825], [11.0263534197, 51.0318236503], [11.0266896112, 51.0318835382], [11.0269288206, 51.0315334347], [11.0269604226, 51.0314865044], [11.0270707867, 51.0313204315], [11.0257950493, 51.0311801529], [11.0258295728, 51.031062575], [11.0262689549, 51.0311163126], [11.0263006848, 51.0309319128], [11.0257278968, 51.0308560567], [11.0257430653, 51.0307668494], [11.0257482822, 51.030736231], [11.0261039647, 51.0307962835], [11.0261548877, 51.0305965414], [11.0264921275, 51.0306203526], [11.026494681, 51.0305704431], [11.0282222262, 51.0307162827], [11.0282126978, 51.0305090704], [11.0277681933, 51.0304714413], [11.0271010324, 51.0304149519], [11.0271417689, 51.0302298182], [11.0263998014, 51.0301270467], [11.0265284609, 51.0298141102], [11.0265461865, 51.0297811055], [11.0267566868, 51.0293930444], [11.0279269318, 51.0296172662], [11.0278494145, 51.0299977158], [11.0286125832, 51.030037632], [11.0287330644, 51.0300848365], [11.0301410189, 51.0302780924], [11.0301771107, 51.0302857178], [11.0311509185, 51.0304912626], [11.0312165609, 51.030505119], [11.0303484398, 51.0320423596], [11.0303236595, 51.0321717049], [11.0302215169, 51.0327315814], [11.0301358772, 51.0331965607], [11.0300886589, 51.0334529252], [11.0301656974, 51.0334646299], [11.0301629201, 51.0337105665], [11.0301629127, 51.0337738323], [11.030160668, 51.0340365562], [11.0301444957, 51.034669759], [11.0301518849, 51.03506526], [11.0301481769, 51.0354986759], [11.0301448579, 51.0358881286], [11.0300213324, 51.0358787256], [11.0298362178, 51.0364247503], [11.0297469526, 51.0366952168], [11.0297234758, 51.03676968], [11.0294758636, 51.0375970122], [11.0292449047, 51.038448607], [11.0292359967, 51.0384814553], [11.0292116986, 51.0386659776], [11.0291163771, 51.0393898503], [11.0291039783, 51.0396061372], [11.0291023834, 51.0396265409], [11.0290983654, 51.0396900147], [11.029095732, 51.0397370557], [11.0290697796, 51.0402389967], [11.0290389131, 51.0408521481], [11.0290323256, 51.0415122264], [11.0290400036, 51.0423276824], [11.0290304666, 51.0426135552], [11.029027478, 51.0426679142], [11.029006071, 51.0432967846], [11.0289842748, 51.0442786627], [11.0289197161, 51.044713757], [11.0288641266, 51.0454817638], [11.0288139511, 51.0462512997], [11.0287263184, 51.0474838931], [11.0287131164, 51.0475137625], [11.0286637109, 51.0476034592], [11.0286451857, 51.0476348655], [11.0286227531, 51.0476724876], [11.0284533073, 51.0482496811], [11.0282462069, 51.0489461608], [11.0280356388, 51.0496719608], [11.027874863, 51.0502198581], [11.0278128305, 51.0511180993], [11.0277564607, 51.0519159688], [11.0277602364, 51.0519809018], [11.0278117259, 51.0526869192], [11.0278601568, 51.0533742317], [11.0279080507, 51.0540674361], [11.0278993834, 51.0543235442], [11.0278960638, 51.0543827096], [11.0278778485, 51.0547113521], [11.0278261483, 51.0556519171], [11.0277743199, 51.0566182894], [11.0277659941, 51.0566180849], [11.02744414, 51.0566101061], [11.0274338162, 51.0566106495], [11.0274354899, 51.0566696679], [11.0274231851, 51.0572493159], [11.0274306277, 51.0581442601], [11.0274307207, 51.058199043], [11.027431105, 51.0583603471], [11.0274752747, 51.0588351265], [11.0274705924, 51.0588671386], [11.0268873294, 51.0589350094], [11.0263436983, 51.0589601593], [11.0258570642, 51.0590050209], [11.0250980086, 51.05919577], [11.0238774522, 51.0593451548], [11.0238338069, 51.0593506639], [11.0238213218, 51.0593561144], [11.0233641763, 51.0595318716], [11.0222577299, 51.0597999077], [11.0211681804, 51.0599964657], [11.020457174, 51.0601115151], [11.0203932312, 51.0601119867], [11.0199710939, 51.0601105902], [11.0199721908, 51.0601289011], [11.0199864857, 51.0602707696], [11.0199922088, 51.0603037535], [11.0199948987, 51.0603743947], [11.0200071769, 51.060421906], [11.0200482599, 51.0604502153], [11.0199735279, 51.0604516206], [11.019908008, 51.0604679704], [11.019905111, 51.060466005], [11.0198573577, 51.0604367497], [11.0197574907, 51.0603509748], [11.0196156118, 51.0602315975], [11.0195928092, 51.0602150828], [11.0195666897, 51.060200265], [11.0195428913, 51.0601822494], [11.0194965563, 51.0601696633], [11.019451138, 51.0601615159], [11.0194035742, 51.0601598494], [11.0193555953, 51.0601621886], [11.0193104452, 51.0601623672], [11.0192659983, 51.0601643414], [11.019221096, 51.0601690341], [11.0191845355, 51.0601744181], [11.0191523125, 51.0601758104], [11.0191112989, 51.0601826942], [11.0191051534, 51.0601839372], [11.0190812727, 51.0601887531], [11.0190566328, 51.0601931126], [11.0190324722, 51.0601970088], [11.0190075651, 51.0602004404], [11.0189777864, 51.0602035622], [11.0189480757, 51.06020618], [11.0189293871, 51.0602082801], [11.0188636127, 51.0602104158], [11.0188373736, 51.0602127218], [11.0188171062, 51.0602119586], [11.0187881809, 51.0602118324], [11.0187590704, 51.0602096463], [11.0187366246, 51.0602039481], [11.0186999008, 51.0601954775], [11.0186771635, 51.0601860646], [11.0186533638, 51.0601748984], [11.0186304168, 51.0601625347], [11.0186102251, 51.0601507152], [11.018587727, 51.0601367277], [11.0184916754, 51.0600777362], [11.0184651471, 51.0600620429], [11.0184387112, 51.0600500812], [11.0184093418, 51.0600399384], [11.0183772825, 51.0600321992], [11.0183590955, 51.0600301768], [11.0183420456, 51.060029], [11.018326314, 51.060030243], [11.0183049627, 51.0600334979], [11.0182437645, 51.0600452276], [11.0182267419, 51.0600501902], [11.0182106881, 51.0600545587], [11.0181962844, 51.0600577196], [11.0181744984, 51.0600592804], [11.0181508349, 51.0600585604], [11.0181299546, 51.0600557778], [11.0181088203, 51.0600507647], [11.0180924489, 51.060043858], [11.0180727808, 51.0600336077], [11.0179718566, 51.0599541415], [11.017926954, 51.0599210535], [11.017871028, 51.0599025968], [11.0178443715, 51.0598997664], [11.0178196235, 51.0598990462], [11.0177931858, 51.0598993454], [11.0177689609, 51.0599001846], [11.0177433104, 51.0599024056], [11.0177133672, 51.0599065318], [11.0175549354, 51.0599408881], [11.0175342383, 51.0599448761], [11.0175088362, 51.0599474939], [11.017484839, 51.0599510767], [11.0174558247, 51.0599531344], [11.0174186034, 51.0599540532], [11.0173881488, 51.0599534108], [11.0173651268, 51.0599520491], [11.0173399197, 51.0599487448], [11.0173179894, 51.0599436706], [11.0173010318, 51.0599381167], [11.0172835837, 51.0599295206], [11.0172685357, 51.0599200277], [11.017255005, 51.059909621], [11.0172140519, 51.0598745975], [11.0171861031, 51.0598458131], [11.0171686914, 51.0598233114], [11.0171575579, 51.0598027851], [11.0171478428, 51.0597873409], [11.0171347384, 51.0597722645], [11.0171173953, 51.0597560014], [11.017102134, 51.0597424525], [11.017084421, 51.0597294667], [11.0170656342, 51.059720077], [11.0170309848, 51.0597181408], [11.0169992188, 51.0597195013], [11.0169729046, 51.0597233614], [11.0169471438, 51.0597301025], [11.0169198137, 51.0597368212], [11.0168785166, 51.059751072], [11.01684799, 51.0597645956], [11.0168197569, 51.0597755946], [11.0168019269, 51.0597809288], [11.0167870258, 51.0597847313], [11.0167733965, 51.0597864685], [11.0167528091, 51.0597866098], [11.0167421043, 51.0597862864], [11.0167310512, 51.0597841533], [11.0167154843, 51.0597796625], [11.0167051032, 51.0597781824], [11.0167010078, 51.0597714953], [11.0166992445, 51.0597651709], [11.0166976087, 51.0596760117], [11.0166925538, 51.0596573617], [11.0166873149, 51.0596447874], [11.0166800454, 51.0596310357], [11.0166713976, 51.0596177495], [11.0166620049, 51.0596059124], [11.0166509457, 51.0595946733], [11.0166423452, 51.0595872384], [11.016629083, 51.0595789648], [11.0166156251, 51.0595712476], [11.0166012665, 51.0595642142], [11.0165844514, 51.0595574022], [11.0165667181, 51.0595521206], [11.0165489426, 51.0595482318], [11.0165296106, 51.0595456695], [11.016506993, 51.0595461174], [11.0164212922, 51.0595293332], [11.0163156415, 51.0595082732], [11.0162546952, 51.0594898637], [11.0161922884, 51.0594616521], [11.0161633655, 51.0594459024], [11.0161362632, 51.0594291258], [11.0161082209, 51.0594074963], [11.0160851444, 51.0593865104], [11.0160644977, 51.0593645563], [11.016055908, 51.059357301], [11.0159811472, 51.0592799871], [11.0159216882, 51.0592506678], [11.015840036, 51.0592366858], [11.0157959541, 51.0592376811], [11.0157564471, 51.0592408008], [11.015707105, 51.0592469924], [11.0156569749, 51.0592560359], [11.0155178033, 51.0592808073], [11.0154378265, 51.0592867682], [11.0153785791, 51.0592918516], [11.0153192602, 51.0592875677], [11.0152376555, 51.059275465], [11.0151836747, 51.0592595942], [11.015051023, 51.0592196805], [11.0150405655, 51.0592372733], [11.0150317208, 51.0592642024], [11.0149936063, 51.0593261131], [11.0149003281, 51.0593667043], [11.0146359765, 51.0593899881], [11.0142858996, 51.0594407127], [11.0139488479, 51.0594832309], [11.0130482087, 51.059585967], [11.0121261319, 51.0597078691], [11.0115679426, 51.0597830666], [11.011354852, 51.0597929333], [11.0112223506, 51.0598305301], [11.0109769792, 51.0599328633], [11.0109533701, 51.0599737982], [11.0108377586, 51.0602410459], [11.0106227785, 51.0605317777], [11.010391072, 51.060716341], [11.0104139068, 51.0608611142], [11.0100312461, 51.0608302258], [11.0094906555, 51.0607990422], [11.0090647903, 51.060755443], [11.0088167307, 51.0606784798], [11.0087181175, 51.060670624], [11.0087215354, 51.0606976197], [11.0087323303, 51.0607077704], [11.0087413671, 51.0607134734], [11.008767901, 51.0607194072], [11.0087268261, 51.0607237332], [11.0086859441, 51.0606789448], [11.0084625067, 51.0604068839], [11.008203739, 51.0601995952], [11.0081834899, 51.0601999091], [11.0080385834, 51.0602010081], [11.0079957473, 51.0602016966], [11.0065392512, 51.0602698058], [11.0049711408, 51.0603268891], [11.0041464267, 51.0603435837], [11.0032282132, 51.0603447967], [11.003208077, 51.060391099], [11.0031491574, 51.0605230149], [11.0015495959, 51.0605674239], [11.0001541706, 51.0602930136], [10.9999090157, 51.0602443278], [10.9990310764, 51.0602664912], [10.9983031508, 51.060413281], [10.9976570861, 51.0603071207], [10.9965803906, 51.0600793826], [10.9958341838, 51.059612585], [10.9955279204, 51.0593980378], [10.995176016, 51.0592671547], [10.9946213336, 51.0592121393], [10.994135941, 51.0591758666], [10.9939700342, 51.0590824004], [10.9932607896, 51.0589957921], [10.9928921481, 51.0589340368], [10.9926953037, 51.0589564234], [10.9921416208, 51.0590627513], [10.9921358294, 51.0591140737], [10.9920407486, 51.0600296575], [10.9919230042, 51.0611658622], [10.9917607288, 51.062210175], [10.9917540408, 51.0622534265], [10.9917402941, 51.0623163036], [10.9915919745, 51.063277901], [10.991452581, 51.0641565965], [10.9914071679, 51.0644393349], [10.9913232525, 51.0649617768], [10.9913196403, 51.0649842629], [10.9913106683, 51.0650400615], [10.9912060976, 51.0656910311], [10.9911921563, 51.0657778441], [10.9910303831, 51.0664146071], [10.9908774273, 51.0670355493], [10.9908186909, 51.0672723497], [10.9905837012, 51.0682159936]]]}, "properties": {"STADTTE_ID": 26, "NAME": "Mittelhausen", "DOWNLOADLI": "https://geoportal.erfurt.de/gis/pub/downloads/thematik/stadtteile.zip", "SHAPE_AREA": 10564058.7098}}, {"type": "Feature", "geometry": {"type": "Polygon", "coordinates": [[[11.0989107173, 50.9864678574], [11.0987377919, 50.9864783259], [11.0972813899, 50.9865664877], [11.097242626, 50.9865657117], [11.0971441542, 50.9865637648], [11.0964337781, 50.9865496926], [11.0949817402, 50.9865209057], [11.092672897, 50.9863977227], [11.0920487486, 50.9863644184], [11.0919373521, 50.9863584744], [11.091397479, 50.9863569949], [11.0900198424, 50.9863532384], [11.0886817799, 50.9863496393], [11.0870834781, 50.9863454139], [11.0862955446, 50.9863433418], [11.0854392208, 50.9863410853], [11.0847873392, 50.9863467982], [11.0842204604, 50.9863462605], [11.0840677632, 50.9863461078], [11.0828393288, 50.986277661], [11.0817183772, 50.9861436348], [11.0812508106, 50.9860601662], [11.0811627368, 50.9860444894], [11.0804602979, 50.9859191328], [11.0796253219, 50.9857271162], [11.0796081925, 50.9857174984], [11.0795960481, 50.9857180043], [11.0798275466, 50.9854885575], [11.0810240765, 50.9843025959], [11.0813464882, 50.9838098444], [11.0814547636, 50.9836443694], [11.0818689352, 50.9830118376], [11.0820779445, 50.9826917298], [11.0823108748, 50.9821467388], [11.0826043398, 50.981720852], [11.0829432401, 50.9814418171], [11.0829744232, 50.9814050178], [11.083225891, 50.9811083076], [11.0833419073, 50.9809721139], [11.0834910737, 50.9808054738], [11.0835503156, 50.980738917], [11.0838137316, 50.9804476601], [11.0838563011, 50.980401634], [11.0840083794, 50.9802394912], [11.0843347235, 50.9798969697], [11.0846042431, 50.9796001095], [11.0846327299, 50.9795707283], [11.0848731226, 50.9793191818], [11.0855049447, 50.9786380374], [11.0856613047, 50.9783347073], [11.085880668, 50.9779822491], [11.0859531335, 50.977823168], [11.0859717313, 50.9777823395], [11.0860423012, 50.9776981968], [11.0864802528, 50.9762667954], [11.0865513324, 50.9758968357], [11.0865908619, 50.9752939191], [11.0864293004, 50.9741497434], [11.0862063848, 50.9734475508], [11.0862281862, 50.9734480462], [11.0863095624, 50.9734498939], [11.0877792482, 50.9734831698], [11.0893258849, 50.9735275806], [11.089412582, 50.9735310154], [11.0904497543, 50.9735721421], [11.0910522849, 50.9735960289], [11.0927065812, 50.9736174187], [11.0946870363, 50.9736555213], [11.0947890836, 50.9736574806], [11.0946578173, 50.9730194917], [11.0946464422, 50.9729623137], [11.0945347811, 50.972408885], [11.0942728876, 50.9711656602], [11.0940298888, 50.9700598436], [11.0943205507, 50.9700551386], [11.0949583963, 50.9700373517], [11.0947748059, 50.9695847821], [11.0950538145, 50.9695583295], [11.0951381923, 50.9695503265], [11.0952171889, 50.9695423894], [11.0953386558, 50.9695305827], [11.0954146247, 50.9695230712], [11.096592036, 50.9694065884], [11.0966494765, 50.9694009198], [11.0963143344, 50.9687430725], [11.0963215632, 50.9687425083], [11.0974603794, 50.9686543124], [11.0985399789, 50.9686405743], [11.0986435729, 50.9686392601], [11.099313183, 50.9686307122], [11.0997392075, 50.9686252739], [11.1002012914, 50.9686568507], [11.1020784299, 50.9687851408], [11.102134284, 50.9687893183], [11.1021910614, 50.9693028384], [11.1022614008, 50.9699777911], [11.1023317617, 50.9706532282], [11.102257956, 50.9712697505], [11.1021679655, 50.9720220268], [11.1020888834, 50.9726837954], [11.1020106121, 50.9733433135], [11.1018968454, 50.9743100956], [11.1018838266, 50.9744278167], [11.1019267766, 50.9744325873], [11.10362999, 50.974617298], [11.1037182528, 50.9746268736], [11.1044404984, 50.974705877], [11.1046708324, 50.9747293409], [11.1047965941, 50.9747428258], [11.1048169274, 50.9747449856], [11.1051296881, 50.9747773146], [11.1052121781, 50.9747805338], [11.1057744724, 50.9748101139], [11.1062965607, 50.9747370688], [11.1063209756, 50.9750302083], [11.1063261193, 50.9750429173], [11.1063381094, 50.9750725928], [11.1063455875, 50.9750909878], [11.1065841635, 50.9750864284], [11.1066363476, 50.9750797525], [11.1067579445, 50.9750781108], [11.1072613774, 50.9750052973], [11.1075820966, 50.9749649924], [11.1083054082, 50.9749255576], [11.1085775416, 50.9749300592], [11.1098654392, 50.9750444449], [11.1098188812, 50.9751487598], [11.1098019488, 50.9751862146], [11.1097879014, 50.9752171742], [11.1097011546, 50.9754083784], [11.1094355339, 50.975993976], [11.1096849494, 50.9760337203], [11.1104532191, 50.9761551692], [11.1104519784, 50.976159131], [11.1104268902, 50.9762392452], [11.1103926428, 50.9763485982], [11.1103438935, 50.9765042724], [11.1100821749, 50.9773399884], [11.1100735648, 50.9773798372], [11.1101780495, 50.9773896041], [11.1107669024, 50.9774446211], [11.1105432092, 50.9780272147], [11.1104778716, 50.9781969627], [11.1102005361, 50.9789187488], [11.1101769922, 50.978980145], [11.1100521294, 50.9789628615], [11.1100004783, 50.9789557085], [11.1097166657, 50.9801633074], [11.1095668232, 50.9807847936], [11.1094242218, 50.9813762336], [11.1095648239, 50.9815218491], [11.1097957323, 50.9815261252], [11.1097957665, 50.9817404259], [11.1098040351, 50.9818368446], [11.1098153501, 50.981967551], [11.1098323358, 50.9821808942], [11.1112395998, 50.9821797397], [11.1112447309, 50.9821797827], [11.1135907054, 50.9822013666], [11.1177378336, 50.9822394758], [11.1178479792, 50.9822404875], [11.1185706962, 50.9822471062], [11.1218810134, 50.9822774086], [11.1230668937, 50.9822882869], [11.1233837166, 50.9822896745], [11.1236685483, 50.9822883935], [11.1239531392, 50.9822847733], [11.1242377745, 50.982278815], [11.1245223132, 50.9822703386], [11.1248066109, 50.982259613], [11.1250906693, 50.9822464573], [11.1254614533, 50.9822255895], [11.1256556306, 50.9822136484], [11.1256445525, 50.9821514501], [11.1256354228, 50.982083964], [11.125611692, 50.9819067899], [11.125589361, 50.9816625675], [11.125584144, 50.9815308385], [11.1255752201, 50.9813006488], [11.1260168869, 50.9813266939], [11.1261252659, 50.981326066], [11.1261294096, 50.9814847556], [11.1261369009, 50.9816244126], [11.1261560889, 50.9818464972], [11.1261898111, 50.9821060866], [11.1262302498, 50.9823340835], [11.126235653, 50.9823648672], [11.1262936193, 50.9826226588], [11.1263637122, 50.9828792835], [11.1263899554, 50.982960651], [11.1264457924, 50.9831345584], [11.1265400135, 50.9833880373], [11.126645801, 50.9836398035], [11.1267230499, 50.9838035337], [11.1267635935, 50.9838894128], [11.1268928244, 50.9841366804], [11.1270337805, 50.9843814282], [11.1271860405, 50.9846233832], [11.1273540479, 50.9848686928], [11.1274402509, 50.9849871744], [11.1275470914, 50.9851308178], [11.127631759, 50.9852401292], [11.127494895, 50.9852631979], [11.1272237907, 50.9853069208], [11.1270400926, 50.9853364804], [11.1267718458, 50.9853940754], [11.126459938, 50.9854560182], [11.1261446062, 50.9855106531], [11.1259833701, 50.985534698], [11.1258264176, 50.9855581638], [11.1255056594, 50.9855982843], [11.125182762, 50.9856310158], [11.1248581536, 50.9856562741], [11.1245324013, 50.9856741503], [11.1242057919, 50.9856845593], [11.1238788954, 50.9856874942], [11.1228457593, 50.9856832634], [11.122700509, 50.9856826229], [11.1217478279, 50.985678706], [11.1206661248, 50.9856747115], [11.1192850888, 50.9856695303], [11.1190757544, 50.9856687622], [11.1179365199, 50.9856644886], [11.1166560197, 50.985659766], [11.1165490908, 50.9856585087], [11.1151550871, 50.9856534507], [11.1143940825, 50.985650745], [11.1129482503, 50.9856454479], [11.112388444, 50.9856434469], [11.1123952947, 50.985283933], [11.1114295279, 50.9852804538], [11.111389655, 50.9852803401], [11.1111199286, 50.98527936], [11.1110656096, 50.9852534173], [11.110918172, 50.9851733803], [11.1107789454, 50.9850878245], [11.1106483801, 50.9849969396], [11.1104878068, 50.9848449697], [11.1103738426, 50.9846819395], [11.1102730154, 50.9844738728], [11.1102386248, 50.9844029568], [11.1101677565, 50.9841907232], [11.1101045369, 50.9841977026], [11.109876479, 50.9842239319], [11.1096112867, 50.984225239], [11.1095511101, 50.9842263989], [11.1086896817, 50.9842430272], [11.1072560936, 50.984254731], [11.1061188703, 50.9842521641], [11.1053934308, 50.98425156], [11.105587463, 50.9845965201], [11.1056113916, 50.9846482103], [11.1057709571, 50.9849943357], [11.1057974671, 50.9850517991], [11.1058211755, 50.9850927906], [11.1059106305, 50.9852475577], [11.1063002424, 50.98619188], [11.1060690793, 50.9861268288], [11.1060249957, 50.9860263512], [11.1060184596, 50.9860114908], [11.1059248489, 50.9857986091], [11.1052692329, 50.9858844675], [11.1048411615, 50.9857562486], [11.1043251755, 50.9855800676], [11.103853587, 50.9854191437], [11.1033566019, 50.9852774382], [11.1019299958, 50.9848583836], [11.1010024499, 50.9849728696], [11.1008954707, 50.9849860698], [11.1007708916, 50.9850014455], [11.1006410865, 50.9850174629], [11.1006442814, 50.98538313], [11.1006019647, 50.9853863915], [11.0999566229, 50.9854362049], [11.100082406, 50.9861060915], [11.1000886565, 50.986139381], [11.0991857231, 50.9862227337], [11.0991271846, 50.9862281435], [11.0990426596, 50.9862282023], [11.0989494314, 50.9862201756], [11.0988790817, 50.9862141146], [11.0988108073, 50.9861942972], [11.0987317274, 50.9861852381], [11.0986921052, 50.9862000164], [11.0986630758, 50.9862187145], [11.0988490097, 50.9863086544], [11.0990848806, 50.9864227377], [11.0991484156, 50.9864534668], [11.0989107173, 50.9864678574]]]}, "properties": {"STADTTE_ID": 31, "NAME": "Linderbach", "DOWNLOADLI": "https://geoportal.erfurt.de/gis/pub/downloads/thematik/stadtteile.zip", "SHAPE_AREA": 3135631.42502}}, {"type": "Feature", "geometry": {"type": "Polygon", "coordinates": [[[11.0793797128, 50.9947652086], [11.0787459898, 50.9947038824], [11.0786741225, 50.9946969341], [11.0776738877, 50.994600137], [11.0766852607, 50.9944984878], [11.0765853129, 50.9944882504], [11.0759265375, 50.9944206882], [11.0750649641, 50.9942844864], [11.0749753232, 50.9942681358], [11.0741860834, 50.9941314751], [11.0726862572, 50.9938144895], [11.072668669, 50.9938107635], [11.0727565815, 50.9936805686], [11.0731775414, 50.9932056841], [11.0733109417, 50.9930299248], [11.073487911, 50.9927969895], [11.0735806441, 50.9926749322], [11.073667884, 50.9925647874], [11.0750736067, 50.9926424355], [11.0755906604, 50.9919881597], [11.0756487999, 50.9918583667], [11.075721374, 50.9916966852], [11.0763247502, 50.9903515538], [11.076339026, 50.9893739073], [11.0763454356, 50.9889358271], [11.0763461138, 50.9888944825], [11.0763931544, 50.988827713], [11.0765825049, 50.9886159863], [11.0768436529, 50.9884104806], [11.0769048066, 50.9883645879], [11.0769338659, 50.9883427937], [11.0770350335, 50.9882716886], [11.0770858161, 50.9882285733], [11.0772267215, 50.9880894457], [11.077303069, 50.9879947722], [11.0776166202, 50.9875493075], [11.0777752588, 50.987352258], [11.0780152377, 50.9871435367], [11.0783497506, 50.9868427076], [11.0787059139, 50.9865483291], [11.0789655824, 50.9863226745], [11.0794045859, 50.9859017546], [11.0795960481, 50.9857180043], [11.0796253219, 50.9857271162], [11.0804602979, 50.9859191328], [11.0811627368, 50.9860444894], [11.0812508106, 50.9860601662], [11.0817183772, 50.9861436348], [11.0828393288, 50.986277661], [11.0840677632, 50.9863461078], [11.0842204604, 50.9863462605], [11.0847873392, 50.9863467982], [11.0854392208, 50.9863410853], [11.0862955446, 50.9863433418], [11.0870834781, 50.9863454139], [11.0886817799, 50.9863496393], [11.0900198424, 50.9863532384], [11.091397479, 50.9863569949], [11.0919373521, 50.9863584744], [11.0920487486, 50.9863644184], [11.092672897, 50.9863977227], [11.0949817402, 50.9865209057], [11.0964337781, 50.9865496926], [11.0971441542, 50.9865637648], [11.097242626, 50.9865657117], [11.0972813899, 50.9865664877], [11.098737792, 50.9864783286], [11.0989107174, 50.9864678583], [11.0991484156, 50.9864534668], [11.0990848806, 50.9864227377], [11.0988490097, 50.9863086544], [11.0986630758, 50.9862187145], [11.0986921052, 50.9862000164], [11.0987317274, 50.9861852381], [11.0988108073, 50.9861942972], [11.0988790817, 50.9862141146], [11.0989494314, 50.9862201756], [11.0990426596, 50.9862282023], [11.0991271846, 50.9862281435], [11.0991857231, 50.9862227337], [11.1000886565, 50.986139381], [11.100082406, 50.9861060915], [11.0999566229, 50.9854362049], [11.1006019647, 50.9853863915], [11.1006442814, 50.98538313], [11.1006410865, 50.9850174629], [11.1007708916, 50.9850014455], [11.1008954707, 50.9849860698], [11.1010024499, 50.9849728696], [11.1019299958, 50.9848583836], [11.1033566019, 50.9852774382], [11.103853587, 50.9854191437], [11.1043251755, 50.9855800676], [11.1048411615, 50.9857562486], [11.1052692329, 50.9858844675], [11.1059248489, 50.9857986091], [11.1060184596, 50.9860114908], [11.1060249957, 50.9860263512], [11.1060690793, 50.9861268288], [11.1063002424, 50.98619188], [11.1059106305, 50.9852475577], [11.1058211755, 50.9850927906], [11.1057974671, 50.9850517991], [11.1057709571, 50.9849943357], [11.1056113916, 50.9846482103], [11.105587463, 50.9845965201], [11.1053934308, 50.98425156], [11.1061188703, 50.9842521641], [11.1072560936, 50.984254731], [11.1086896817, 50.9842430272], [11.1095511101, 50.9842263989], [11.1096112867, 50.984225239], [11.109876479, 50.9842239319], [11.1101045369, 50.9841977026], [11.1101677565, 50.9841907232], [11.1102386248, 50.9844029568], [11.1102730154, 50.9844738728], [11.1103738426, 50.9846819395], [11.1104878068, 50.9848449697], [11.1106483801, 50.9849969396], [11.1107789454, 50.9850878245], [11.110918172, 50.9851733803], [11.1110656096, 50.9852534173], [11.1111199286, 50.98527936], [11.111389655, 50.9852803401], [11.1114295279, 50.9852804538], [11.1123952947, 50.985283933], [11.112388444, 50.9856434469], [11.1129482503, 50.9856454479], [11.1143940825, 50.985650745], [11.1151550871, 50.9856534507], [11.1165490908, 50.9856585087], [11.1166560197, 50.985659766], [11.1179365199, 50.9856644886], [11.1190757544, 50.9856687622], [11.1192850888, 50.9856695303], [11.1206661248, 50.9856747115], [11.1217478279, 50.985678706], [11.122700509, 50.9856826229], [11.1228457593, 50.9856832634], [11.1238788954, 50.9856874942], [11.1242057919, 50.9856845593], [11.1245324013, 50.9856741503], [11.1248581536, 50.9856562741], [11.125182762, 50.9856310158], [11.1255056594, 50.9855982843], [11.1258264176, 50.9855581638], [11.1259833701, 50.985534698], [11.1261446062, 50.9855106531], [11.126459938, 50.9854560182], [11.1267718458, 50.9853940754], [11.1270400926, 50.9853364804], [11.1272237907, 50.9853069208], [11.127494895, 50.9852631979], [11.127631759, 50.9852401292], [11.1278758939, 50.9855354451], [11.1279313587, 50.9855920496], [11.1287842446, 50.9864626138], [11.1290513018, 50.9866971512], [11.1297940739, 50.9873492694], [11.1303681792, 50.9878795578], [11.1309723223, 50.9884249427], [11.1314914869, 50.9889875636], [11.1316766392, 50.9891869789], [11.1319939948, 50.9895286744], [11.1318258417, 50.9895107024], [11.1315593162, 50.9894822088], [11.1314581304, 50.9894703114], [11.1313468651, 50.9894574385], [11.1307410006, 50.989387217], [11.1303202598, 50.9900371568], [11.1298138878, 50.9899098791], [11.1282421891, 50.9895149661], [11.1270431867, 50.9892217841], [11.1276758706, 50.9882314099], [11.1256517294, 50.9877478681], [11.1248574491, 50.9889228274], [11.1237086214, 50.9909762387], [11.1243783131, 50.9911816231], [11.1249888118, 50.9913236368], [11.1255876616, 50.9914641225], [11.1269824053, 50.9918490314], [11.1270242694, 50.9918572537], [11.1269376785, 50.9920391762], [11.1269202976, 50.9920758124], [11.1266300675, 50.9926526519], [11.1265590657, 50.9927937723], [11.1264233795, 50.9930634486], [11.126295932, 50.9933167626], [11.1260332616, 50.9938387572], [11.1259460309, 50.9940120808], [11.1258903895, 50.994117035], [11.1254663376, 50.9950238952], [11.1244274698, 50.996771325], [11.1242873675, 50.9970101053], [11.1242330219, 50.9971124439], [11.1241785167, 50.9972148798], [11.1238917613, 50.9977534275], [11.1233487819, 50.998772489], [11.1229398323, 50.9995418668], [11.1225596843, 51.0002549546], [11.1222858114, 51.0007723812], [11.1212127624, 51.000667877], [11.1201713618, 51.0005654272], [11.1198467252, 51.0005351896], [11.1198025986, 51.0005310728], [11.1189581604, 51.000452405], [11.1189997413, 51.0003923115], [11.1190832417, 51.0002716505], [11.1191857913, 51.000122817], [11.119257957, 51.0000168937], [11.1191630092, 51.0000018495], [11.118043644, 50.9998152657], [11.1168051065, 50.9996536332], [11.1160618974, 50.9995565693], [11.1163118975, 50.9991391351], [11.1163257053, 50.9991163888], [11.1163370437, 50.9990976966], [11.1164096843, 50.9989594177], [11.1165404922, 50.9986971423], [11.1164595647, 50.9986835498], [11.1150947004, 50.9984487615], [11.113657622, 50.9982029653], [11.112148719, 50.9979490098], [11.1120562394, 50.9979333405], [11.1108996606, 50.9977362031], [11.1096537828, 50.9975238481], [11.1082826047, 50.9972912603], [11.1081802949, 50.9972727264], [11.1081780822, 50.9972477466], [11.1081614552, 50.9970589474], [11.1081329293, 50.9967365592], [11.1071325674, 50.9966060261], [11.1061256418, 50.9964742196], [11.1050002177, 50.9963268911], [11.1049417519, 50.9963012379], [11.1047484172, 50.9962134079], [11.104710583, 50.9962118782], [11.1036808419, 50.996170127], [11.1027021996, 50.9961305027], [11.1026427052, 50.9961280241], [11.10262319, 50.996127236], [11.102594154, 50.9961260607], [11.1025686376, 50.9962172033], [11.102539038, 50.9963228499], [11.1025289736, 50.9963587651], [11.1025087949, 50.9964308473], [11.1014835791, 50.9963854706], [11.1004593619, 50.9963401289], [11.1004070321, 50.9964866008], [11.1003901508, 50.9965338158], [11.1002569023, 50.9965236579], [11.0991432514, 50.9964232146], [11.0978721945, 50.996308521], [11.0968630137, 50.9962174197], [11.0966379279, 50.9961810097], [11.0965358554, 50.9961653349], [11.0965052428, 50.9964950001], [11.0947334725, 50.9962029922], [11.0929053116, 50.9958958775], [11.0928949451, 50.9959593505], [11.0928174713, 50.9959496522], [11.0927346297, 50.9959406681], [11.0918511321, 50.9958415809], [11.0911558095, 50.9957636275], [11.0899579033, 50.9956293608], [11.0894133755, 50.9955683191], [11.0877020317, 50.9953733094], [11.0876678137, 50.9954177989], [11.0875670877, 50.9954114403], [11.0866420652, 50.995353519], [11.086119192, 50.9953313327], [11.0853670977, 50.9952994159], [11.0845273685, 50.9952642684], [11.0844826899, 50.9952625611], [11.0843972406, 50.995253712], [11.0827983522, 50.995097508], [11.0818740474, 50.9950044885], [11.0817925836, 50.9949979884], [11.0810930487, 50.9949314382], [11.0793797124, 50.9947652626], [11.0793797128, 50.9947652086]]]}, "properties": {"STADTTE_ID": 48, "NAME": "Azmannsdorf", "DOWNLOADLI": "https://geoportal.erfurt.de/gis/pub/downloads/thematik/stadtteile.zip", "SHAPE_AREA": 4363646.7439}}, {"type": "Feature", "geometry": {"type": "Polygon", "coordinates": [[[11.0279167106, 51.020609907], [11.0260988299, 51.0207520838], [11.0236072078, 51.0209529832], [11.0217265645, 51.0211899187], [11.0181228681, 51.0217452452], [11.0180311789, 51.021690361], [11.018004518, 51.0215999464], [11.0163477175, 51.0221653248], [11.0155857351, 51.0224253359], [11.0162882515, 51.0211364013], [11.016009297, 51.0210740805], [11.0164057947, 51.0203083725], [11.0156562362, 51.0201837239], [11.0144405867, 51.0199378971], [11.0144317513, 51.0198697654], [11.0145581602, 51.0198035021], [11.0146261824, 51.0197203071], [11.0147312657, 51.0196103544], [11.0148334031, 51.0195184379], [11.014947961, 51.0194261874], [11.0150723744, 51.0193382501], [11.0152005778, 51.0192537431], [11.0153421919, 51.0191759243], [11.0154821292, 51.0191086046], [11.015605237, 51.0190493222], [11.0158601193, 51.0189392945], [11.0159248005, 51.0189059406], [11.0159871927, 51.0188736622], [11.0159846267, 51.0187423366], [11.0158857874, 51.0187896599], [11.0158244828, 51.0188177203], [11.0155957751, 51.0189306851], [11.0158759604, 51.0187563974], [11.0157906512, 51.0187057993], [11.0157446563, 51.0186777163], [11.0152482078, 51.0183838258], [11.0151712347, 51.0184121221], [11.014941933, 51.0185532081], [11.0149497412, 51.0186084588], [11.0148679749, 51.0186006409], [11.014887782, 51.0185078421], [11.0148062332, 51.0184438651], [11.014734749, 51.018385429], [11.0146917804, 51.0183497063], [11.0144737567, 51.0181662184], [11.0144450398, 51.0181748996], [11.014390504, 51.0181301417], [11.0143546072, 51.018064958], [11.0143712353, 51.0180311034], [11.0144835018, 51.0180214103], [11.014553167, 51.0180271843], [11.0146554705, 51.0180437911], [11.0147219519, 51.0180599949], [11.014791265, 51.0180768856], [11.0148370225, 51.0180502207], [11.0148320664, 51.0180033622], [11.0147900569, 51.0179564395], [11.0147853084, 51.0179483075], [11.0147779032, 51.0179356283], [11.0148334631, 51.0178802837], [11.0150521821, 51.0178290028], [11.0150926142, 51.0178447052], [11.015196358, 51.0179030477], [11.0152818979, 51.0179390573], [11.0153621454, 51.017940352], [11.0153976396, 51.0179176117], [11.015421912, 51.0178318361], [11.0154391539, 51.0177708613], [11.015479717, 51.0177033801], [11.0155051547, 51.0176611163], [11.0155682484, 51.0175696264], [11.0156315307, 51.0174518213], [11.0155902204, 51.0174085688], [11.015498536, 51.0174066209], [11.0153641372, 51.0174143909], [11.0153160793, 51.0173940688], [11.0152772726, 51.0173457411], [11.0152126632, 51.0172683567], [11.0151640845, 51.0171915303], [11.0151835392, 51.0171491279], [11.0152994716, 51.0171170971], [11.0153939033, 51.0170778222], [11.0154220374, 51.0170268241], [11.0154295219, 51.0169751803], [11.01542829, 51.0169140278], [11.0153878207, 51.0168271569], [11.0153669245, 51.0167848885], [11.0153460931, 51.0167422045], [11.0153235548, 51.0166645322], [11.0152796639, 51.0166134997], [11.015206176, 51.0166089262], [11.0150740008, 51.0166139972], [11.0150341964, 51.0165675303], [11.0150431654, 51.0165052943], [11.0150549616, 51.0164234241], [11.0151175145, 51.0162029742], [11.0151913482, 51.0161383313], [11.0152765055, 51.0160764221], [11.0153154654, 51.0159861023], [11.0153873833, 51.0158216298], [11.0154152213, 51.0157579656], [11.0154562812, 51.0156920479], [11.0155086208, 51.0156422841], [11.0155511914, 51.0156017734], [11.0156162912, 51.0155870472], [11.0157505202, 51.0155707853], [11.0157734081, 51.015513484], [11.0157529894, 51.0154815277], [11.0157465676, 51.0154561793], [11.0157506757, 51.0154310746], [11.0157959062, 51.0153984476], [11.015838828, 51.0153487851], [11.0158470208, 51.0152945533], [11.0157746108, 51.0152163298], [11.0157003315, 51.0151360925], [11.0156268254, 51.0150567142], [11.015601931, 51.0150000225], [11.0156087823, 51.014934972], [11.0156132413, 51.014892643], [11.0156341711, 51.0146939021], [11.0156396284, 51.014642081], [11.0156337999, 51.0145953293], [11.0156038237, 51.0145126518], [11.0155851923, 51.0144604163], [11.0155577168, 51.0143814128], [11.0155378622, 51.0143243131], [11.0155384167, 51.0142766373], [11.0155506991, 51.0142324105], [11.0156642154, 51.0138550438], [11.0155859752, 51.0138462186], [11.0153775237, 51.0138156316], [11.0153185641, 51.0138069807], [11.0153018247, 51.0137727187], [11.0153263517, 51.0137012413], [11.0153712862, 51.0134487198], [11.0153752912, 51.013424295], [11.0153956669, 51.0133911715], [11.0153958628, 51.0133514972], [11.0154253127, 51.0132991632], [11.0155742404, 51.0131769142], [11.01566179, 51.0130319945], [11.0156899436, 51.0130083626], [11.0157353823, 51.0129985704], [11.0158473454, 51.0129744428], [11.0158932369, 51.0129841976], [11.0159300542, 51.0129920225], [11.0160067921, 51.0130172238], [11.0161128073, 51.0130427976], [11.0161533594, 51.0130388734], [11.0161847812, 51.0130322864], [11.0162560756, 51.0129833652], [11.0163316359, 51.0129398762], [11.0165032502, 51.0129671897], [11.0165706564, 51.0129557327], [11.0166047966, 51.0129259392], [11.016682139, 51.0128811763], [11.0170891892, 51.012963198], [11.0175101931, 51.0130339952], [11.0182647034, 51.013148562], [11.0191480168, 51.0132506753], [11.019825424, 51.0132969415], [11.0200959369, 51.0133082289], [11.0207171777, 51.0133089237], [11.0215671703, 51.0132980001], [11.0222535216, 51.0132586452], [11.0234657998, 51.0131537252], [11.0243813695, 51.0130801959], [11.0250867142, 51.0130219233], [11.0254794755, 51.012989473], [11.0258191646, 51.0129614063], [11.026985319, 51.012874074], [11.0277765454, 51.0128148127], [11.027824171, 51.0132022858], [11.0279075516, 51.0136432511], [11.0279303166, 51.0137636433], [11.0280374275, 51.0143301012], [11.0280628445, 51.0145900952], [11.0280494873, 51.0147271134], [11.0279991194, 51.0149164596], [11.0278660734, 51.0151470364], [11.0277209066, 51.0154273407], [11.0275985218, 51.0155972093], [11.0275968681, 51.0155991743], [11.0275062758, 51.0157067766], [11.0274392103, 51.0158070965], [11.0273817092, 51.0159279844], [11.0272869204, 51.0161912529], [11.027223021, 51.0169222402], [11.027213683, 51.0170330097], [11.0275533652, 51.0187776815], [11.0275582677, 51.0188024593], [11.0276452044, 51.0192417448], [11.0277462004, 51.0197506865], [11.0279167106, 51.020609907]]]}, "properties": {"STADTTE_ID": 10, "NAME": "Roter Berg", "DOWNLOADLI": "https://geoportal.erfurt.de/gis/pub/downloads/thematik/stadtteile.zip", "SHAPE_AREA": 776006.562158}}, {"type": "Feature", "geometry": {"type": "Polygon", "coordinates": [[[11.0646442363, 51.0167058872], [11.0648026463, 51.0162700778], [11.0649581756, 51.0156716574], [11.065110818, 51.0153740188], [11.0651414908, 51.0153142081], [11.0652272966, 51.0151468698], [11.0651166226, 51.014934685], [11.0650872173, 51.014936831], [11.0652945205, 51.0145228896], [11.0650897444, 51.0141592916], [11.0648304299, 51.0134545122], [11.0648132876, 51.0134079275], [11.0648239519, 51.0133791066], [11.0648550247, 51.0133902563], [11.0648242363, 51.0118712046], [11.0650885762, 51.0109002099], [11.0653104629, 51.0103428891], [11.0653239332, 51.0101197511], [11.064745947, 51.0099532188], [11.065162227, 51.0093065322], [11.0652069834, 51.0093177924], [11.0651989473, 51.0092200813], [11.0651956992, 51.0091805664], [11.065224357, 51.0088813871], [11.065228034, 51.0088429864], [11.0652444828, 51.0086709402], [11.0652580359, 51.0085290507], [11.0653103423, 51.0084178198], [11.0654019955, 51.0082229424], [11.0654829275, 51.008040317], [11.065588255, 51.0078074609], [11.0657113039, 51.0075659785], [11.0659353104, 51.0071368931], [11.0659589305, 51.0071431594], [11.0660316886, 51.0070037975], [11.0661857588, 51.006708764], [11.0662961319, 51.0064974281], [11.0662206251, 51.0064847167], [11.0640088085, 51.0061123758], [11.0644608093, 51.0053693103], [11.0649311634, 51.0045962139], [11.0649728163, 51.0045113836], [11.0650456146, 51.0043917537], [11.0650831124, 51.0043301367], [11.0657188987, 51.0032853249], [11.0664339216, 51.0024242671], [11.0668669865, 51.0019027491], [11.0676329474, 51.0009802607], [11.0676993437, 51.0008993505], [11.0677993179, 51.0008106517], [11.0679729939, 51.0006063108], [11.0680185728, 51.0005526855], [11.0682964589, 51.0001418396], [11.0685042981, 50.999653776], [11.0685991732, 50.9994255853], [11.0687554143, 50.9990783027], [11.0689960541, 50.9986798425], [11.0692754162, 50.998251127], [11.0695236512, 50.9979120461], [11.0698038795, 50.997529324], [11.0700009349, 50.9973259577], [11.0704595261, 50.9968592646], [11.0705692326, 50.9967518808], [11.0706520835, 50.9966253884], [11.0707558013, 50.9964683177], [11.0707644704, 50.9964536805], [11.0707704101, 50.9964436506], [11.0707739853, 50.9964376172], [11.0708010226, 50.9963919704], [11.0708146187, 50.9963690148], [11.0708253705, 50.9963508367], [11.0708466072, 50.9963150465], [11.0711358836, 50.9960160377], [11.0712526898, 50.9957804603], [11.0713462515, 50.9954752133], [11.071570294, 50.9951542825], [11.0717139064, 50.9949455259], [11.0718032601, 50.9948363794], [11.0720355697, 50.9945296262], [11.0720535329, 50.9945081138], [11.0726441702, 50.9938027469], [11.0726686675, 50.9938107617], [11.0726862557, 50.9938144877], [11.074186082, 50.9941314743], [11.0749753218, 50.9942681349], [11.0750649627, 50.9942844855], [11.075926536, 50.9944206873], [11.0765853128, 50.9944882495], [11.0766852606, 50.994498486], [11.0776738862, 50.9946001362], [11.078674121, 50.9946969333], [11.0787459884, 50.9947038815], [11.0793797128, 50.9947652077], [11.0793797109, 50.9947652617], [11.0810930473, 50.9949314373], [11.081792582, 50.9949979867], [11.0818740459, 50.9950044876], [11.0827983508, 50.9950975072], [11.0843972391, 50.9952537111], [11.0844826884, 50.9952625602], [11.084527367, 50.9952642675], [11.0853670962, 50.995299415], [11.0861191906, 50.9953313318], [11.0866420637, 50.9953535181], [11.0875670862, 50.9954114385], [11.0876678122, 50.995417798], [11.0877020303, 50.9953733085], [11.0894133741, 50.9955683182], [11.0899579019, 50.9956293599], [11.091155808, 50.9957636257], [11.0918511307, 50.99584158], [11.0927346282, 50.9959406672], [11.0928174699, 50.9959496514], [11.0928949436, 50.9959593496], [11.0929053101, 50.9958958766], [11.094733471, 50.9962029913], [11.0965052413, 50.9964949983], [11.0965358539, 50.996165334], [11.0966379264, 50.9961810088], [11.0968630122, 50.9962174179], [11.0978721931, 50.9963085201], [11.0991432499, 50.9964232137], [11.1002569008, 50.996523657], [11.1003901493, 50.996533815], [11.1004070306, 50.996486599], [11.1004593604, 50.996340128], [11.1014835776, 50.9963854697], [11.1025087934, 50.9964308464], [11.1025289721, 50.9963587642], [11.1025390365, 50.996322849], [11.1025686361, 50.9962172024], [11.1025941525, 50.9961260598], [11.1026231899, 50.9961272351], [11.1026427038, 50.9961280232], [11.1027021982, 50.9961305028], [11.1036808404, 50.9961701261], [11.1047105815, 50.9962118773], [11.1047484143, 50.996213407], [11.1049417505, 50.996301237], [11.1050002162, 50.9963268902], [11.1061256403, 50.9964742187], [11.1071325659, 50.9966060252], [11.1081329278, 50.9967365583], [11.1081614537, 50.9970589466], [11.1081780793, 50.9972477458], [11.1081802934, 50.9972727256], [11.1082826033, 50.9972912594], [11.1096537813, 50.9975238472], [11.1108996592, 50.9977362022], [11.1120562379, 50.9979333397], [11.1121487175, 50.9979490089], [11.1136576205, 50.9982029644], [11.115094699, 50.9984487615], [11.1164595633, 50.9986835489], [11.1165404907, 50.9986971405], [11.1164096828, 50.9989594168], [11.1163370422, 50.9990976958], [11.1163257038, 50.9991163879], [11.116311896, 50.9991391343], [11.116061896, 50.9995565693], [11.116805105, 50.9996536323], [11.1180436426, 50.9998152648], [11.1191630063, 51.0000018487], [11.1192579555, 51.0000168928], [11.1191857913, 51.0001228161], [11.1190832402, 51.0002716496], [11.1189997398, 51.0003923106], [11.118958159, 51.0004524042], [11.1198025972, 51.0005310719], [11.1198467252, 51.0005351887], [11.1201713603, 51.0005654255], [11.1212127609, 51.0006678761], [11.1222858099, 51.0007723785], [11.1222435197, 51.0008529461], [11.1222222689, 51.0008934436], [11.1230477997, 51.0010311483], [11.1233566844, 51.0010826351], [11.1244645628, 51.0012668518], [11.1252227843, 51.0013928919], [11.1252580196, 51.0013987289], [11.1252447899, 51.0014356652], [11.1249136413, 51.0023630127], [11.1247762915, 51.0027275715], [11.1248167355, 51.002735109], [11.1249600463, 51.0027623483], [11.1254160118, 51.0028479921], [11.1256780545, 51.0028969671], [11.1255247463, 51.0032838268], [11.1254372909, 51.0034440039], [11.1253982183, 51.0035204884], [11.1252156407, 51.0039112278], [11.1248494788, 51.0046873114], [11.1244492232, 51.0056948967], [11.1244408678, 51.0057158153], [11.1244840421, 51.0057207509], [11.126145034, 51.0059093811], [11.1261358634, 51.0059333114], [11.1259501647, 51.0064187672], [11.125700058, 51.0070027345], [11.1256849555, 51.0070384853], [11.1255952594, 51.007243387], [11.1251449493, 51.0080349356], [11.1239536348, 51.0078843299], [11.123913936, 51.0078793129], [11.1237567934, 51.0082379703], [11.1234711795, 51.0088889323], [11.1234617462, 51.0089101492], [11.1234515932, 51.0089325278], [11.123440403, 51.0089554827], [11.1230753358, 51.0097422317], [11.1226646161, 51.0104390421], [11.1221066099, 51.0113705662], [11.1220695392, 51.0113620005], [11.1210281284, 51.0111220786], [11.1199841661, 51.0109137168], [11.1198869417, 51.0108942338], [11.1195576922, 51.0108284184], [11.1194652802, 51.0108098523], [11.1183030039, 51.0105753426], [11.1174161335, 51.0104112352], [11.1173513144, 51.0103992578], [11.1169464381, 51.0103244327], [11.1157101447, 51.0100961072], [11.1151867374, 51.0099702826], [11.1151027127, 51.009945475], [11.1141258135, 51.0096540953], [11.1129490054, 51.0093050083], [11.1129183888, 51.0092973158], [11.1123527841, 51.0101231048], [11.1115233158, 51.0113521512], [11.110721749, 51.0125318563], [11.1106312776, 51.012648952], [11.1105830893, 51.0127016484], [11.1105253485, 51.0127650499], [11.1097541927, 51.0136111311], [11.1094396767, 51.0139725073], [11.1094068271, 51.0140098499], [11.1093266543, 51.0141007936], [11.1089430367, 51.0145378062], [11.1089115701, 51.0145736577], [11.108830306, 51.0146656353], [11.1087969689, 51.0147031269], [11.1085525585, 51.0149800066], [11.1078365727, 51.0157940833], [11.1071519565, 51.0167134502], [11.1064751677, 51.0176312822], [11.1063754321, 51.0177643857], [11.1059166446, 51.0183656208], [11.1056815517, 51.0186787679], [11.1053568606, 51.0191112547], [11.1047061682, 51.0195854392], [11.1040073409, 51.0200946856], [11.1035331527, 51.0204414021], [11.1026660953, 51.0210799443], [11.1015798274, 51.0219611384], [11.1015644623, 51.0219744413], [11.100999276, 51.0224934816], [11.1008124122, 51.0226658131], [11.1005242465, 51.0229475533], [11.0997619346, 51.023633039], [11.0996145516, 51.0237688538], [11.0995613802, 51.0238186211], [11.0991671029, 51.0241876974], [11.0990754324, 51.0242719916], [11.0987108228, 51.0246072266], [11.0979869911, 51.0252723198], [11.0977188526, 51.0255186941], [11.0970148557, 51.0262658629], [11.0966069725, 51.0268379609], [11.0957070469, 51.0266991178], [11.0949771661, 51.0265960484], [11.0939827062, 51.0264848486], [11.0938053458, 51.0264650112], [11.0936718491, 51.0264501154], [11.0934356201, 51.0264236996], [11.0920836026, 51.0262909872], [11.0906838187, 51.0261521432], [11.0889946514, 51.0260064892], [11.0889557905, 51.0260031127], [11.0890239003, 51.0251506135], [11.0889455057, 51.0251455445], [11.0875234779, 51.0250543298], [11.0860571708, 51.0249602343], [11.0859929112, 51.0249561278], [11.0860381723, 51.0247128133], [11.0859488491, 51.0247097695], [11.0849286159, 51.0246750489], [11.0836951666, 51.024611483], [11.0836521498, 51.0246092681], [11.0836073615, 51.0246051412], [11.0825060794, 51.0245036765], [11.0813994368, 51.0244017186], [11.0813759291, 51.0243983341], [11.0813070607, 51.0243923905], [11.0816620214, 51.023697354], [11.0819516928, 51.0231316159], [11.0821958631, 51.0225376448], [11.0821472752, 51.0225325624], [11.0808377345, 51.0224256622], [11.079882178, 51.022347647], [11.0786339762, 51.0222457258], [11.0785718613, 51.0222407865], [11.0785596368, 51.0222398097], [11.0781336607, 51.0221984282], [11.0780538431, 51.0221906711], [11.0773548387, 51.0221265133], [11.0760911376, 51.0220105011], [11.0755483272, 51.0219660118], [11.0754440824, 51.0219574664], [11.0754434142, 51.0219574162], [11.0753022727, 51.0219458542], [11.0747444684, 51.0219014324], [11.0746457811, 51.0218937212], [11.0743499288, 51.0218706148], [11.0733210703, 51.0217902386], [11.0714417548, 51.0215990563], [11.0712627414, 51.0215777328], [11.0711754225, 51.0215645981], [11.0702245485, 51.0214522738], [11.0685461311, 51.0212518902], [11.0685330212, 51.021250329], [11.0685070919, 51.0212489921], [11.0684328598, 51.0208940496], [11.0680585173, 51.0208548335], [11.0680406302, 51.0203906803], [11.067850375, 51.0203783519], [11.0677483546, 51.018772476], [11.0669301643, 51.0186662538], [11.0669599556, 51.0183762423], [11.0670270137, 51.0177235285], [11.0659566318, 51.0176153119], [11.0662893135, 51.0169350373], [11.0653659589, 51.016806423], [11.0646442363, 51.0167058872]]]}, "properties": {"STADTTE_ID": 29, "NAME": "Kerspleben", "DOWNLOADLI": "https://geoportal.erfurt.de/gis/pub/downloads/thematik/stadtteile.zip", "SHAPE_AREA": 10457037.7157}}, {"type": "Feature", "geometry": {"type": "Polygon", "coordinates": [[[10.9969850043, 50.9072263488], [10.9967722782, 50.9078379125], [10.9980866337, 50.9079957612], [10.9993974722, 50.9081722706], [10.9994794442, 50.9079385566], [11.0009386668, 50.9080266846], [11.0023706314, 50.9081122517], [11.0025933238, 50.9073149353], [11.0040779608, 50.907317908], [11.0056623286, 50.9073327275], [11.0056565798, 50.9073683175], [11.0055843646, 50.9079074838], [11.0055718321, 50.908012339], [11.0055385193, 50.9084000814], [11.0055267302, 50.9085275961], [11.0055087978, 50.9089436195], [11.0055063354, 50.9090010663], [11.0054913451, 50.9092370154], [11.0054854979, 50.90989053], [11.0054847823, 50.9099430434], [11.0054862462, 50.9101664152], [11.0055394325, 50.9107055552], [11.0055515646, 50.9107869355], [11.0056024244, 50.9110690871], [11.0056097137, 50.9111093898], [11.0056917477, 50.9115379278], [11.0057466087, 50.9119948871], [11.0057579129, 50.9121229664], [11.005817811, 50.9127563884], [11.0058467871, 50.9130051489], [11.0058630775, 50.9131480316], [11.0058766119, 50.9132040622], [11.0061718854, 50.9143944081], [11.0064574565, 50.915545369], [11.0064664076, 50.9155814375], [11.0064722522, 50.9156049879], [11.0081850382, 50.9154514326], [11.0083786546, 50.9157540419], [11.0085360419, 50.9159831649], [11.0085970153, 50.9160695449], [11.0086329399, 50.9161204375], [11.0087863514, 50.9163404009], [11.0088286402, 50.9164010339], [11.0088464111, 50.916418891], [11.0088609563, 50.9164462542], [11.0088866757, 50.916479164], [11.0089072797, 50.9165091201], [11.0091167899, 50.9168139297], [11.0088153554, 50.9168863472], [11.0088316092, 50.9169300533], [11.0088637097, 50.9170161098], [11.0088696491, 50.9170344286], [11.0088787228, 50.9170511591], [11.0090924476, 50.9173545345], [11.0091954053, 50.9175680603], [11.0092815656, 50.9177468866], [11.009406532, 50.9180041153], [11.0094238805, 50.9180471854], [11.0094301538, 50.918062776], [11.0095761557, 50.9184252192], [11.0097251765, 50.9190045927], [11.0097596932, 50.9191935597], [11.0097670007, 50.9192486277], [11.0097797393, 50.9195085644], [11.0097811934, 50.9195642287], [11.0104593188, 50.9195295803], [11.0106598279, 50.9195203705], [11.0110772652, 50.9195014169], [11.0114679155, 50.9194845665], [11.012212548, 50.9194499562], [11.0123280631, 50.9194449284], [11.0123393901, 50.9200268523], [11.0123506525, 50.9206045305], [11.01235414, 50.9207839732], [11.0123548209, 50.9208195713], [11.0123596226, 50.9210645837], [11.0123621255, 50.9211921574], [11.0123736977, 50.9217856978], [11.0124252348, 50.9217962988], [11.0126346963, 50.9218396752], [11.0128142112, 50.9218768421], [11.0129709902, 50.9219093085], [11.0133826249, 50.9219945486], [11.0148507994, 50.9224288613], [11.0160615062, 50.9229688546], [11.0168163967, 50.9233282479], [11.017246452, 50.923496487], [11.0172223599, 50.9235226372], [11.0177702573, 50.9237638449], [11.0183488256, 50.9240023926], [11.0195740737, 50.9242327319], [11.0203291432, 50.9242896205], [11.0215388023, 50.9243067349], [11.0228497478, 50.9243445758], [11.0231052093, 50.9243525705], [11.0232154218, 50.9243551769], [11.0237793823, 50.9243784344], [11.0240457895, 50.9243889777], [11.0241230156, 50.9240657454], [11.0241512321, 50.9239474836], [11.0241651542, 50.9238890948], [11.0241944747, 50.9237661452], [11.0245406362, 50.9238192011], [11.0245923769, 50.9238257568], [11.0249426125, 50.9239861065], [11.0251585952, 50.9240850296], [11.0252347818, 50.9241271009], [11.0251716361, 50.9244170007], [11.0251649835, 50.9244549035], [11.0251614433, 50.9244747305], [11.0250525073, 50.9250783466], [11.0250126234, 50.9254656364], [11.0250088809, 50.9255008607], [11.0249751738, 50.9258727827], [11.0247711971, 50.9263436587], [11.0247067562, 50.926434277], [11.0246855002, 50.926472326], [11.0243372001, 50.9271003485], [11.0242167091, 50.9274488445], [11.0241606943, 50.927521462], [11.0240628497, 50.9277403868], [11.0239611385, 50.9280295469], [11.0238661006, 50.9284589506], [11.0237871398, 50.9289307508], [11.0236744655, 50.9292391692], [11.0236062269, 50.9294400029], [11.0235270556, 50.9296879617], [11.0235182205, 50.929716188], [11.0234823729, 50.9298324898], [11.0234700981, 50.9298712759], [11.0234452678, 50.9299515952], [11.0234372645, 50.9299774794], [11.0227717144, 50.9297037136], [11.0226860447, 50.9301135164], [11.022590941, 50.9305287719], [11.0226506126, 50.9307468474], [11.0226658721, 50.9308135676], [11.0226959893, 50.9309451892], [11.0226794482, 50.9316522095], [11.0226773507, 50.9317369706], [11.0227552885, 50.9320073907], [11.0230132393, 50.9323203236], [11.0232414267, 50.9327484215], [11.0233247471, 50.9328549384], [11.0233899495, 50.9329507573], [11.0236204197, 50.9331543884], [11.0239928795, 50.9333571347], [11.0242513206, 50.9336359908], [11.024530585, 50.9339203599], [11.0248864788, 50.9342828103], [11.0251428648, 50.9345656484], [11.0252236445, 50.9346710019], [11.0254619024, 50.9348663387], [11.0257927679, 50.9350497972], [11.0261073217, 50.9352673004], [11.0262150811, 50.9354184263], [11.0265124883, 50.935694367], [11.0269139494, 50.9359066386], [11.0271153241, 50.936016411], [11.0273879204, 50.9362468727], [11.0273802753, 50.9363488921], [11.0273340311, 50.9366392185], [11.0270837559, 50.9370372474], [11.0268912547, 50.9372468211], [11.0267070399, 50.9374282721], [11.0264076651, 50.937577175], [11.0259011104, 50.9377579447], [11.0256946298, 50.9378762369], [11.025448225, 50.937951572], [11.024910569, 50.9380615295], [11.0232384186, 50.9384242158], [11.0226491218, 50.9384849429], [11.0215338088, 50.9386578806], [11.0205893326, 50.9388212142], [11.0203301553, 50.9389096547], [11.0200402803, 50.939103269], [11.019864962, 50.9391028616], [11.0192720768, 50.938985009], [11.0186029844, 50.9387204926], [11.0181838319, 50.9386259118], [11.01782706, 50.9384550032], [11.0175565174, 50.9383108725], [11.0174880082, 50.9381592826], [11.0173838357, 50.9378762178], [11.0172958719, 50.9377844243], [11.0171976925, 50.9377310027], [11.0168621784, 50.9376048653], [11.0165275488, 50.9375232415], [11.0162961452, 50.9374944429], [11.0159140084, 50.9374467645], [11.0154480468, 50.9373817136], [11.01518449, 50.937311165], [11.014401435, 50.9370418171], [11.013600086, 50.9368092005], [11.012686554, 50.9364709962], [11.0126379198, 50.9364579556], [11.0125418308, 50.9364339333], [11.0125257962, 50.9364299323], [11.012467718, 50.9364154365], [11.0122338301, 50.9363571597], [11.0120703771, 50.9363311927], [11.0120221508, 50.9363197106], [11.0118851137, 50.9362871075], [11.0111287689, 50.9361071167], [11.0108818324, 50.9360686397], [11.0108429428, 50.9360625805], [11.0108286762, 50.9360603592], [11.0107216475, 50.9360436874], [11.0103798203, 50.9359904256], [11.0100408824, 50.9359313365], [11.0097013172, 50.9358717705], [11.0092261239, 50.9358598323], [11.0089767806, 50.9358445039], [11.0087000192, 50.9358687919], [11.0084063439, 50.9359263755], [11.0083483558, 50.9359377402], [11.0081050137, 50.9359854561], [11.0078716653, 50.9360312099], [11.0077841736, 50.9360372817], [11.0069999935, 50.9360656116], [11.0067302517, 50.9360791023], [11.0065510072, 50.9360882911], [11.0058205719, 50.9360823107], [11.0057301646, 50.9360739242], [11.0052338279, 50.936045602], [11.0047871364, 50.9359470943], [11.0046941751, 50.9359287237], [11.0044442054, 50.9358851956], [11.0041923132, 50.9358412692], [11.0041533883, 50.9358464784], [11.0040684946, 50.9358586519], [11.0040905857, 50.9354058], [11.0042007876, 50.934671716], [11.0042998163, 50.9340823061], [11.0042370087, 50.9340696717], [11.0041507694, 50.9340524948], [11.003845, 50.9339918992], [11.003584007, 50.9339442694], [11.0032006661, 50.9338823457], [11.002625396, 50.9338083541], [11.0025473978, 50.9337936114], [11.0021902987, 50.9337254181], [11.0020044739, 50.9336679631], [11.001882695, 50.9336297255], [11.0016270126, 50.9335834663], [11.0015763224, 50.9335743047], [11.0012894111, 50.9335761058], [11.0009502167, 50.933601927], [11.0008711488, 50.933592747], [11.0006094827, 50.9335634972], [11.0004548972, 50.9335467398], [11.0002841412, 50.9335164961], [10.9999920347, 50.9334838192], [10.9994234938, 50.9334506999], [10.9991950083, 50.9334551258], [10.9987205896, 50.9334582438], [10.9986356581, 50.933459144], [10.9986459105, 50.9333979847], [10.998750011, 50.9327547627], [10.9988671658, 50.9319314226], [10.9986360407, 50.931928552], [10.9984183259, 50.9319232092], [10.9983031189, 50.9319193751], [10.998138923, 50.9319132424], [10.9980157524, 50.9319073975], [10.9978864971, 50.9319017106], [10.9978885213, 50.9318351386], [10.997922147, 50.9311762403], [10.9978417022, 50.9311648748], [10.9978002097, 50.9311590114], [10.9977016533, 50.9311450877], [10.9975152181, 50.9311187472], [10.9972938802, 50.9310874761], [10.9970767651, 50.9310568006], [10.9974328549, 50.9301809732], [10.9970996237, 50.9300990974], [10.9968814449, 50.9300449059], [10.9963948433, 50.9299381605], [10.9963743119, 50.9299338493], [10.9962026862, 50.9298976761], [10.9957407809, 50.9298003089], [10.9957632776, 50.9297463774], [10.9958673463, 50.9294635792], [10.9959659224, 50.9291911978], [10.9956977287, 50.9291503623], [10.9955576239, 50.9291282748], [10.9954711921, 50.9291142544], [10.9952855438, 50.929088755], [10.995232518, 50.9290807395], [10.9952391199, 50.929024442], [10.9952816013, 50.9286778837], [10.9953231082, 50.9283018857], [10.9951094424, 50.9282823394], [10.9949666458, 50.9282692451], [10.9947634871, 50.9282505978], [10.9942096973, 50.928223854], [10.9941620278, 50.9282207642], [10.9940947196, 50.9282161761], [10.9938401832, 50.9281850483], [10.9934930135, 50.9281424062], [10.9933557314, 50.9281255283], [10.9932376145, 50.9281110535], [10.9931093983, 50.9280953237], [10.9929871285, 50.9280801389], [10.9928566091, 50.9280636873], [10.992572469, 50.9280268808], [10.992293766, 50.9279945793], [10.99213575, 50.9279762623], [10.9919747532, 50.9279576236], [10.9918115156, 50.9279386947], [10.9916424049, 50.927919095], [10.9915908434, 50.9279131314], [10.991531426, 50.9279067568], [10.9914756365, 50.9279009903], [10.9914422534, 50.9278989849], [10.991395018, 50.9278988473], [10.9913334098, 50.9278997535], [10.9912189698, 50.9278995023], [10.9910455942, 50.9278961901], [10.9909130771, 50.9278952162], [10.9907740897, 50.9278941871], [10.9906440039, 50.9278932254], [10.9905109316, 50.9278922461], [10.9902457862, 50.9278901892], [10.9901045612, 50.9278886811], [10.9893777005, 50.9278836645], [10.9892967632, 50.9278831534], [10.9892768575, 50.9278834306], [10.9892162632, 50.9278828164], [10.9890341198, 50.9278804314], [10.9890237064, 50.9278811511], [10.9889630216, 50.9278794484], [10.9886941934, 50.9278786594], [10.9886698804, 50.9278785385], [10.9886927027, 50.9278194243], [10.988718411, 50.9277528384], [10.9887428613, 50.9276852531], [10.9887542559, 50.9276537266], [10.9887574103, 50.9276335287], [10.988776523, 50.9275148457], [10.9887954708, 50.9273736174], [10.9887641463, 50.9272438105], [10.9887662071, 50.9270962234], [10.9887987567, 50.9268871449], [10.9887910543, 50.9268422212], [10.9887624778, 50.926795679], [10.9887298539, 50.9267488316], [10.9887095063, 50.9267196204], [10.9885811374, 50.9266836308], [10.9885766335, 50.9266860009], [10.9884742391, 50.9267397875], [10.988367395, 50.9267803039], [10.9883272401, 50.9267955073], [10.9881600587, 50.9268111395], [10.9880808054, 50.9268124309], [10.9879776557, 50.9268199877], [10.9878795389, 50.9267928887], [10.9877787347, 50.9267706119], [10.9876860123, 50.9267043754], [10.987553969, 50.9266410254], [10.9873795229, 50.9265595005], [10.987294007, 50.9265013263], [10.9871215822, 50.9263725432], [10.9870115087, 50.9262728779], [10.9869374947, 50.9261835116], [10.9868675293, 50.9260721659], [10.9868561344, 50.926000152], [10.9868556938, 50.9259746191], [10.9868001873, 50.9258458511], [10.9868454055, 50.9256819191], [10.9870493648, 50.9250613835], [10.9870580578, 50.9250323971], [10.9871341687, 50.9248749345], [10.9871970849, 50.9247933264], [10.9872737674, 50.9247071543], [10.9873921762, 50.9246250294], [10.9875195631, 50.9245683324], [10.987631761, 50.9245503277], [10.9882967338, 50.9244290768], [10.9884279577, 50.9244059329], [10.9884426895, 50.9243949137], [10.9885310266, 50.924387768], [10.9886790657, 50.9243302592], [10.9888606691, 50.9242334702], [10.9889274677, 50.924189128], [10.9890848199, 50.9240555511], [10.989157417, 50.9239207194], [10.9891879597, 50.9237647495], [10.989153516, 50.923622061], [10.9890853635, 50.9234715207], [10.9888821937, 50.9230224633], [10.9887876933, 50.9228350271], [10.9887163277, 50.9226957043], [10.9886244351, 50.9225717552], [10.9882865191, 50.9223682709], [10.9883363352, 50.9223139663], [10.9883731096, 50.9222702284], [10.9879031658, 50.9221416658], [10.9872587278, 50.9218736745], [10.9868748775, 50.921716909], [10.9868148123, 50.921711893], [10.9866137731, 50.9216370667], [10.9862859497, 50.9215915236], [10.986112763, 50.921557741], [10.9854082648, 50.9215223203], [10.9849679727, 50.9215213824], [10.984829095, 50.9215436372], [10.9847286216, 50.9215597545], [10.9846752087, 50.9215758306], [10.9846093344, 50.9215973628], [10.9837672348, 50.9217940191], [10.9827936997, 50.9220443505], [10.9821895809, 50.9221724009], [10.981773615, 50.9222296256], [10.9816393803, 50.9222481517], [10.9814336877, 50.9222740002], [10.9809182511, 50.9223154867], [10.9803104595, 50.922339795], [10.9793214927, 50.9223298749], [10.9786281627, 50.9223271157], [10.9781856287, 50.9222956672], [10.9777270618, 50.9222775341], [10.9771182256, 50.922272898], [10.9765226971, 50.9222664605], [10.9764335775, 50.9222510271], [10.9763743761, 50.9222650713], [10.9745435936, 50.9225555573], [10.9738040425, 50.9227292102], [10.9735530405, 50.9227540544], [10.9734022395, 50.9227690099], [10.9733834969, 50.9227740583], [10.9732199468, 50.9227736916], [10.9730742003, 50.9227787032], [10.9729981617, 50.9227770548], [10.9729120669, 50.9227792646], [10.972766047, 50.922783096], [10.9726274573, 50.9227866505], [10.9725907252, 50.9227883865], [10.9724874173, 50.9227837027], [10.9719375042, 50.9227548634], [10.9718610897, 50.9227502455], [10.9717888261, 50.9227386331], [10.9716171756, 50.9227057592], [10.9714067001, 50.9226657018], [10.9713079685, 50.9226482918], [10.9711857454, 50.9226158884], [10.9711273989, 50.9226000474], [10.97088088, 50.9225318053], [10.9708285283, 50.9225130955], [10.9703746757, 50.9223527641], [10.9704711174, 50.922286913], [10.9703338086, 50.9222578428], [10.9700635094, 50.9222026842], [10.9682794228, 50.9218325854], [10.9682147628, 50.9218193577], [10.9678205901, 50.9217367608], [10.9672551438, 50.9216272217], [10.9670255746, 50.9215833834], [10.9666335729, 50.9215213955], [10.9662449234, 50.9214618743], [10.9661439825, 50.9213639775], [10.9660450996, 50.9212675343], [10.9659500274, 50.9211756407], [10.9659098099, 50.9211306192], [10.9658101017, 50.9210399223], [10.965850782, 50.9202115384], [10.9658513541, 50.9201580747], [10.9658676365, 50.9191408784], [10.9658951043, 50.9174247453], [10.9659090717, 50.9165521193], [10.9659075405, 50.9165332781], [10.9659047069, 50.9164984194], [10.9659023063, 50.9164688741], [10.9658981651, 50.9164179117], [10.9659072854, 50.9163900098], [10.9660410624, 50.9159807596], [10.9661475552, 50.9156549754], [10.9661811836, 50.9155520974], [10.9662263771, 50.9154273487], [10.9662891536, 50.9152482679], [10.9663846783, 50.914975767], [10.9663939496, 50.914949333], [10.9665293728, 50.9149716411], [10.9673038663, 50.9150992199], [10.9680528749, 50.9152214681], [10.9681342016, 50.9152347754], [10.9682217939, 50.9152491255], [10.9682388428, 50.9152008961], [10.9682698375, 50.9151126236], [10.9682822123, 50.9150773286], [10.968313724, 50.9149873889], [10.9683455728, 50.9148968769], [10.968457514, 50.9145807189], [10.9686461005, 50.9140488309], [10.9687442917, 50.9137712259], [10.9688680353, 50.9134192622], [10.9690682094, 50.9128469841], [10.969098992, 50.9127678786], [10.9694649757, 50.911734305], [10.969495422, 50.9116464577], [10.9696394649, 50.9116694028], [10.9711401754, 50.91189795], [10.9725132952, 50.9121080406], [10.9726508423, 50.9121291248], [10.9727696518, 50.9121473058], [10.9727989973, 50.9120751829], [10.9730219635, 50.911508155], [10.9731356892, 50.9112138581], [10.9732544438, 50.9108996827], [10.9734853656, 50.9102886388], [10.973531909, 50.91016611], [10.9736065509, 50.9099696201], [10.9736634621, 50.9098198097], [10.9736838819, 50.9097660255], [10.9737008283, 50.9097214349], [10.9737154527, 50.9096829175], [10.9737327179, 50.9096374572], [10.9737536943, 50.9095822407], [10.9738273691, 50.9093882862], [10.9738403478, 50.9093541153], [10.9738818221, 50.9092461034], [10.9739836226, 50.9089808591], [10.9741911448, 50.9084211534], [10.9742905374, 50.9083528169], [10.9744752547, 50.9082234372], [10.9745099494, 50.9081993443], [10.9745404742, 50.908177993], [10.9749414192, 50.907897538], [10.9749752939, 50.9078738428], [10.9750154289, 50.9078460493], [10.975086733, 50.9077967478], [10.9752576549, 50.9076783829], [10.9753872562, 50.9075886462], [10.9755284638, 50.9074908668], [10.9759301296, 50.9072126265], [10.9761172452, 50.9070830579], [10.9761667774, 50.9070487571], [10.9762619714, 50.9069829174], [10.9763219407, 50.9069420561], [10.9764897117, 50.9068263859], [10.9766253381, 50.9067997061], [10.9770081139, 50.9067246186], [10.9771470469, 50.9066973705], [10.9772816213, 50.9066709901], [10.9774059943, 50.9066466361], [10.9779020897, 50.9065496235], [10.9780261834, 50.9065253383], [10.9781850463, 50.9064942292], [10.9782502285, 50.9064814586], [10.978855394, 50.9063628169], [10.9789924496, 50.9063358897], [10.9795275427, 50.9062304896], [10.9795567691, 50.9062247182], [10.9798093032, 50.9061747536], [10.9798636211, 50.9061641208], [10.9799321975, 50.9061508779], [10.9799569656, 50.9061461713], [10.980110283, 50.9061174785], [10.9802171562, 50.9043349969], [10.9802170641, 50.9043276326], [10.9818623885, 50.9045684567], [10.9827605523, 50.9046980961], [10.9838066203, 50.9048353155], [10.9848923864, 50.9049985186], [10.9859469452, 50.9051220695], [10.9858167057, 50.9054408286], [10.9866697644, 50.9053880856], [10.988026894, 50.9053041479], [10.9889266722, 50.9053524126], [10.9898355705, 50.905401156], [10.9904762624, 50.9057460291], [10.9915952486, 50.9061232962], [10.9926712062, 50.9064658302], [10.9926977613, 50.9064742797], [10.992758793, 50.906493712], [10.9949767283, 50.9068432794], [10.9969850043, 50.9072263488]]]}, "properties": {"STADTTE_ID": 18, "NAME": "Möbisburg-Rhoda", "DOWNLOADLI": "https://geoportal.erfurt.de/gis/pub/downloads/thematik/stadtteile.zip", "SHAPE_AREA": 8038781.62701}}, {"type": "Feature", "geometry": {"type": "Polygon", "coordinates": [[[11.0132084657, 50.9060343225], [11.0141290094, 50.9060776908], [11.0156784698, 50.9061270899], [11.0173479475, 50.9061923537], [11.0186618279, 50.9062698632], [11.0195608795, 50.906339896], [11.0202164398, 50.9064252469], [11.0206524578, 50.9064774444], [11.0207154007, 50.9064847324], [11.0207222602, 50.9064857603], [11.0212571881, 50.9065542558], [11.0221685996, 50.9066693624], [11.0238181887, 50.9068787547], [11.0249864239, 50.907013722], [11.0252274962, 50.9070436992], [11.0265142717, 50.9072030197], [11.0275104653, 50.9073143785], [11.0282685726, 50.9074020031], [11.0286974511, 50.9074516748], [11.0295845425, 50.9075613536], [11.0297349585, 50.9075801673], [11.0305717623, 50.9076837834], [11.0315644399, 50.9078168952], [11.0325243322, 50.9079461572], [11.0335944776, 50.9080951024], [11.0349782655, 50.9083093741], [11.0357584676, 50.9084190215], [11.0362068171, 50.9084671722], [11.0365071691, 50.90849686], [11.0380067967, 50.9086264009], [11.0387245134, 50.9086536571], [11.0391742265, 50.9086774219], [11.0391692266, 50.9087084749], [11.0391630787, 50.9087232548], [11.0391467765, 50.9087819967], [11.0390692908, 50.9091101016], [11.0390606399, 50.9091465095], [11.0389960348, 50.9094207647], [11.0389123138, 50.9098011533], [11.0388346763, 50.9101893951], [11.0388315063, 50.9102229083], [11.0388274937, 50.9102482105], [11.0387871671, 50.910543283], [11.0387530809, 50.9108224722], [11.0387285043, 50.9110217796], [11.038719563, 50.9110983012], [11.0386646117, 50.9115023452], [11.0386448244, 50.9116571234], [11.0386331958, 50.9117252818], [11.0385699888, 50.9121123898], [11.0385302181, 50.9122933571], [11.0384229592, 50.9127467155], [11.0383027935, 50.9131457715], [11.0382878878, 50.9131949842], [11.0386574627, 50.9133772139], [11.0393000784, 50.9136813919], [11.0392562906, 50.9138642517], [11.0392077881, 50.9140690523], [11.0393860265, 50.9140933872], [11.0393932197, 50.9141378392], [11.0394012994, 50.91418854], [11.0394071754, 50.9142255781], [11.0392997061, 50.9143656995], [11.0394698453, 50.9144510494], [11.0394507325, 50.9144915181], [11.0394143155, 50.9145512176], [11.0398567382, 50.9149473796], [11.0391001702, 50.9156706572], [11.0382063243, 50.9165214378], [11.0381585746, 50.9165662225], [11.0382396034, 50.9166175336], [11.038384364, 50.9167038912], [11.0384691962, 50.9167566674], [11.0387054003, 50.9168995041], [11.0387588139, 50.9169317654], [11.0390965147, 50.9171353315], [11.0397520406, 50.9175137782], [11.0398050674, 50.917544318], [11.0400154825, 50.9176652496], [11.040059629, 50.9176906922], [11.0405378768, 50.9179664686], [11.0410889662, 50.9182210723], [11.0415225894, 50.918406427], [11.0415830816, 50.9184321381], [11.0416660221, 50.918472387], [11.0417041753, 50.9184838397], [11.0418320724, 50.9185218739], [11.0419121127, 50.9185455951], [11.041603311, 50.9189738743], [11.0413197062, 50.919367201], [11.041207735, 50.9195226968], [11.0411833446, 50.9195562132], [11.0411592911, 50.9195878037], [11.0411494367, 50.9196007463], [11.0409033699, 50.9199077334], [11.0408627097, 50.9199557382], [11.0394403969, 50.9217208464], [11.0391752517, 50.9220561588], [11.0391276379, 50.922112744], [11.0389106566, 50.9224062197], [11.0386234254, 50.9228082197], [11.0385783407, 50.9228712288], [11.0383661382, 50.9231556937], [11.0384017787, 50.9233639807], [11.0385450666, 50.9243332997], [11.038605542, 50.9247345309], [11.0386181556, 50.9248093583], [11.0386599488, 50.9250827984], [11.0386428266, 50.9251292292], [11.0383142218, 50.9260200639], [11.0380343015, 50.9267380126], [11.0380141906, 50.9267860937], [11.0380013931, 50.9268190743], [11.0379775051, 50.9268751916], [11.0378284105, 50.9272214523], [11.0376268372, 50.9276719682], [11.0372424251, 50.9284115124], [11.0372725084, 50.9284214777], [11.0373687784, 50.9284533739], [11.0372707027, 50.928625122], [11.0369833861, 50.9291322496], [11.0366669518, 50.9297099145], [11.0364697738, 50.9301525566], [11.0374726555, 50.930186288], [11.0382812612, 50.9303797224], [11.0389142358, 50.9305655362], [11.0394340197, 50.9307262045], [11.0394591324, 50.930734255], [11.0396020608, 50.930779029], [11.03974576, 50.9308240457], [11.0398256688, 50.9308487861], [11.0399395767, 50.9308890843], [11.0400219376, 50.9310015961], [11.0400567988, 50.9310491098], [11.0403541147, 50.9314873999], [11.040378677, 50.9315234395], [11.0405226859, 50.9317252481], [11.0407064316, 50.9322280132], [11.0407182309, 50.9322618717], [11.0407326432, 50.932303206], [11.0407405332, 50.9323258538], [11.0407585762, 50.932377624], [11.0408918651, 50.932760033], [11.0409078568, 50.9328058995], [11.0409980667, 50.9337385253], [11.0404750266, 50.9337817061], [11.0403042725, 50.9328562681], [11.0400258719, 50.9324462826], [11.0399885722, 50.9323788462], [11.0399428519, 50.9322853392], [11.039921598, 50.9322444751], [11.0395910972, 50.9315994986], [11.0384547141, 50.9314018217], [11.0381956396, 50.9313617249], [11.0378008098, 50.9312942973], [11.0374480711, 50.9312406802], [11.0365488268, 50.9310135398], [11.0358820865, 50.9308115691], [11.0355907969, 50.9307271836], [11.0349873493, 50.9306614866], [11.0347700536, 50.9306367077], [11.0345887826, 50.9306025918], [11.0344238567, 50.9305728684], [11.0341334436, 50.9305224982], [11.0339063512, 50.9304852126], [11.0340087754, 50.9302592258], [11.0340303916, 50.9302118909], [11.0331990329, 50.9300005931], [11.0329315095, 50.9299315972], [11.0325671566, 50.9298373666], [11.0318050704, 50.9298380563], [11.0312070517, 50.9298431253], [11.0311583256, 50.9298436134], [11.0310344588, 50.9298450312], [11.0308751901, 50.9298474066], [11.0306303748, 50.9298516315], [11.0303865619, 50.9298562261], [11.0299150076, 50.9298027625], [11.0292853915, 50.9299189071], [11.0283441606, 50.9302328329], [11.0275134242, 50.9305162308], [11.0273374295, 50.9305288866], [11.027279475, 50.9305330787], [11.0269200842, 50.9305592922], [11.026677594, 50.9305143319], [11.0266029997, 50.9305000282], [11.0264573026, 50.9304711011], [11.0263894624, 50.9304576369], [11.0258851636, 50.9303625429], [11.0253758666, 50.9302555403], [11.0252768289, 50.930234687], [11.0251386334, 50.9302056227], [11.0250150526, 50.9301796728], [11.0240967438, 50.930056962], [11.0239364735, 50.9300374383], [11.0234374076, 50.9299774976], [11.0234452678, 50.9299515952], [11.02346966, 50.9298712151], [11.0234823729, 50.9298324898], [11.0235182219, 50.9297161879], [11.023527057, 50.9296879617], [11.0236062284, 50.9294400037], [11.0236744655, 50.9292391701], [11.0237871398, 50.9289307517], [11.0238660991, 50.9284589506], [11.02396114, 50.9280295478], [11.0240628512, 50.9277403867], [11.0241606929, 50.9275214629], [11.0242167105, 50.9274488454], [11.0243372015, 50.9271003485], [11.0246855016, 50.926472326], [11.0247067576, 50.926434277], [11.0247711971, 50.9263436587], [11.0249751724, 50.9258727836], [11.0250088823, 50.9255008606], [11.0250126249, 50.9254656373], [11.0250525087, 50.9250783475], [11.0251614433, 50.9244747305], [11.0251649835, 50.9244549035], [11.0251716375, 50.9244169998], [11.0252347818, 50.9241271018], [11.0251585953, 50.9240850314], [11.024942614, 50.9239861074], [11.0245923783, 50.9238257567], [11.0245406362, 50.9238192011], [11.0241944762, 50.9237661461], [11.0241651556, 50.9238890957], [11.0241512321, 50.9239474836], [11.0241230156, 50.9240657463], [11.0240457909, 50.9243889777], [11.0237793824, 50.9243784362], [11.0232154233, 50.9243551778], [11.0231052093, 50.9243525705], [11.0228497478, 50.9243445758], [11.0215388024, 50.9243067358], [11.0203291418, 50.9242896214], [11.0195740737, 50.9242327328], [11.0183488256, 50.9240023926], [11.0177702587, 50.9237638457], [11.0172223613, 50.9235226372], [11.0172464535, 50.923496487], [11.0168163967, 50.9233282488], [11.0160615077, 50.9229688554], [11.0148507994, 50.9224288613], [11.0133826249, 50.9219945486], [11.0129709917, 50.9219093094], [11.0128142112, 50.9218768421], [11.0126346978, 50.9218396761], [11.0124252363, 50.9217963006], [11.0123736992, 50.9217856978], [11.0123621269, 50.9211921574], [11.0123596226, 50.9210645837], [11.0123548224, 50.9208195722], [11.0123541413, 50.9207839722], [11.0123506525, 50.9206045314], [11.0123393916, 50.9200268532], [11.0123280631, 50.9194449293], [11.012212548, 50.9194499571], [11.0114679169, 50.9194845665], [11.0110772653, 50.9195014178], [11.0106598294, 50.9195203714], [11.0104593203, 50.9195295812], [11.0097811934, 50.9195642287], [11.0097797408, 50.9195085662], [11.0097670021, 50.9192486277], [11.0097596947, 50.9191935597], [11.0097251765, 50.9190045936], [11.0095761571, 50.9184252192], [11.0094301552, 50.918062776], [11.0094238805, 50.9180471863], [11.009406532, 50.9180041153], [11.0092815643, 50.9177468876], [11.0091954054, 50.9175680612], [11.0090924476, 50.9173545354], [11.0088787228, 50.9170511591], [11.0088696506, 50.9170344286], [11.0088637111, 50.9170161098], [11.0088316106, 50.9169300542], [11.0088153569, 50.9168863472], [11.0091167899, 50.9168139297], [11.0089072797, 50.9165091201], [11.0088866757, 50.916479164], [11.0088609578, 50.916446255], [11.0088464111, 50.916418891], [11.0088286389, 50.9164010348], [11.0087863528, 50.9163404009], [11.0086329414, 50.9161204384], [11.0085970167, 50.9160695448], [11.0085360433, 50.9159831658], [11.008378656, 50.9157540428], [11.0081850396, 50.9154514326], [11.0064722523, 50.9156049888], [11.0064664076, 50.9155814375], [11.006457458, 50.9155453708], [11.0061718841, 50.9143944099], [11.0058766134, 50.913204063], [11.0058630775, 50.9131480325], [11.0058467871, 50.9130051489], [11.005817811, 50.9127563884], [11.0057579143, 50.9121229663], [11.0057466102, 50.911994888], [11.0056917477, 50.9115379278], [11.0056097151, 50.9111093906], [11.0056024258, 50.911069088], [11.0055515646, 50.9107869355], [11.0055394339, 50.9107055561], [11.0054862462, 50.9101664152], [11.0054847823, 50.9099430434], [11.005485498, 50.9098905309], [11.0054913466, 50.9092370163], [11.0055063369, 50.9090010663], [11.0055088007, 50.9089436204], [11.0055267316, 50.908527597], [11.0055385207, 50.9084000814], [11.0055718336, 50.9080123399], [11.005584366, 50.9079074838], [11.0056565798, 50.9073683184], [11.0056623301, 50.9073327284], [11.0040779637, 50.9073179097], [11.0040821715, 50.9073044035], [11.0043632408, 50.906381225], [11.0046370589, 50.9056539673], [11.0046881099, 50.9055118532], [11.004709588, 50.9054627839], [11.0050696856, 50.9046323027], [11.0051143833, 50.9045358663], [11.0055957819, 50.9036669194], [11.0056055389, 50.9036492058], [11.0056152978, 50.9036316702], [11.0059013334, 50.9037458031], [11.0069231305, 50.9041505096], [11.0076454766, 50.9044383637], [11.0078170501, 50.9045063415], [11.0082316898, 50.904670242], [11.0083729044, 50.9047265918], [11.0090193351, 50.9049845417], [11.0090386212, 50.9049922357], [11.0094561991, 50.9051588613], [11.0094523903, 50.9051795793], [11.0094509593, 50.9051883306], [11.0093608727, 50.9056771985], [11.0092943514, 50.9060394987], [11.0092922689, 50.9060508271], [11.0098649429, 50.9059701054], [11.0101540501, 50.9059331822], [11.0104372015, 50.9059222765], [11.0107429348, 50.9059326866], [11.0109958185, 50.9059413893], [11.0116031615, 50.9059622598], [11.0120670393, 50.9059836911], [11.0123665061, 50.9059978888], [11.013164223, 50.9060325198], [11.0132084124, 50.9060342731], [11.0132084657, 50.9060343225]]]}, "properties": {"STADTTE_ID": 36, "NAME": "Waltersleben", "DOWNLOADLI": "https://geoportal.erfurt.de/gis/pub/downloads/thematik/stadtteile.zip", "SHAPE_AREA": 4859964.40037}}, {"type": "Feature", "geometry": {"type": "Polygon", "coordinates": [[[11.0922636659, 50.9361985607], [11.091369855, 50.9365331273], [11.0911785042, 50.93660603], [11.0911010063, 50.9366350069], [11.0908480575, 50.9367554287], [11.0902561985, 50.9370336728], [11.0901903681, 50.9370642649], [11.089433419, 50.9373070526], [11.0882953149, 50.9376720823], [11.0880558864, 50.9377487709], [11.0879835181, 50.9377719464], [11.0877885057, 50.9378354709], [11.0873395651, 50.9380158048], [11.0869485741, 50.9381434008], [11.0867080343, 50.9382025578], [11.0862051966, 50.9383719852], [11.0860013545, 50.9384660806], [11.08564183, 50.938661239], [11.085698803, 50.9387144151], [11.0858568922, 50.9388350917], [11.0856146796, 50.939041774], [11.0853908037, 50.9392521871], [11.08534226, 50.9392978129], [11.0850895221, 50.9394975617], [11.0847940806, 50.9397619592], [11.0846764897, 50.9398963169], [11.0844447083, 50.9400936232], [11.0840354683, 50.9404084293], [11.0834598584, 50.940863546], [11.0830709315, 50.9411181035], [11.0823747496, 50.941531712], [11.0822218653, 50.9418537993], [11.0819687046, 50.9419420632], [11.0811277997, 50.9430841244], [11.0810393054, 50.9432047188], [11.0810406328, 50.9432466477], [11.0810443301, 50.9433669782], [11.0809462375, 50.9434432045], [11.080365063, 50.9431692175], [11.0801709533, 50.9431537544], [11.080026036, 50.9428044216], [11.0797860528, 50.9426026808], [11.0796467019, 50.9424540692], [11.0795083185, 50.9421835724], [11.0793905504, 50.9419866886], [11.0792384761, 50.9418516284], [11.0792121406, 50.9418282414], [11.0790222257, 50.9417226611], [11.0789719018, 50.9416675754], [11.0789246421, 50.9415919203], [11.0788713103, 50.9412532909], [11.0784439071, 50.9412116999], [11.0780690464, 50.9409204879], [11.0775245015, 50.9398367223], [11.0770682125, 50.9392781521], [11.0764065888, 50.9386912849], [11.0761669186, 50.937878875], [11.0762595234, 50.9376250101], [11.0764464698, 50.9365145632], [11.0767556766, 50.9359598322], [11.0770748632, 50.9354633753], [11.0771655916, 50.9342160989], [11.0771858177, 50.9341296664], [11.0773806696, 50.9339945151], [11.0774981041, 50.9338879575], [11.0775908624, 50.9337386381], [11.0775883462, 50.9334145035], [11.0774028665, 50.9330437743], [11.0773185041, 50.9325756249], [11.0773266235, 50.9325105963], [11.0775915388, 50.9324172736], [11.0776624912, 50.9323359333], [11.0776816087, 50.9320172425], [11.077743611, 50.9318261221], [11.078080422, 50.9314197243], [11.0773616227, 50.9312093704], [11.0772121175, 50.9311349818], [11.0766330348, 50.9309332507], [11.076336405, 50.9308837012], [11.0756267656, 50.9308503465], [11.0754194101, 50.9308330176], [11.0741372383, 50.9304949613], [11.0736438959, 50.9303674728], [11.0735062068, 50.9303385978], [11.0723510099, 50.9300935181], [11.0712742476, 50.9298716], [11.0703442917, 50.9296770824], [11.0701882749, 50.9296433014], [11.0700924461, 50.9295549962], [11.0693075174, 50.9293444086], [11.0684659509, 50.9291223143], [11.0676870761, 50.9289207913], [11.0674984837, 50.9288719839], [11.0669352704, 50.9287258825], [11.0665694201, 50.9286309955], [11.0661595727, 50.9285251303], [11.0660599258, 50.9284995098], [11.0658393517, 50.9284430473], [11.0657779556, 50.9284273784], [11.0657149862, 50.9284113371], [11.0655192582, 50.9283615026], [11.0654278755, 50.9283381807], [11.0649567722, 50.9282175913], [11.0644897987, 50.9280975871], [11.0641495793, 50.9280095305], [11.0640466513, 50.9279827791], [11.0640119527, 50.9279737351], [11.0637847795, 50.927914359], [11.0635815292, 50.9278611215], [11.0633811074, 50.9278085999], [11.0631465628, 50.9277472312], [11.0630972851, 50.9277343965], [11.062789231, 50.9276545275], [11.0625526525, 50.9275934049], [11.0616998784, 50.9273726924], [11.060620236, 50.9270926914], [11.0605134936, 50.9271235025], [11.0602538108, 50.9275254792], [11.0600813589, 50.9277913992], [11.059907218, 50.9280590395], [11.0597347066, 50.9283245697], [11.0595655099, 50.9285865065], [11.0593298633, 50.9289528138], [11.0592250486, 50.9291139521], [11.0592121684, 50.9291336842], [11.0588770239, 50.9296459011], [11.0584697646, 50.9302752485], [11.0582621759, 50.9305973507], [11.0580323924, 50.9309526234], [11.0579575026, 50.9310678753], [11.057709857, 50.9314473156], [11.057473502, 50.9318101778], [11.057447054, 50.9318508021], [11.0574355504, 50.931868478], [11.0565740714, 50.9331978156], [11.0565341426, 50.9332454802], [11.0560273793, 50.9337686288], [11.0559778225, 50.9337492449], [11.0552699265, 50.9344882192], [11.0549145389, 50.9351434126], [11.0547384473, 50.9354226342], [11.0541609114, 50.9363457414], [11.0522652767, 50.9378235709], [11.0509351202, 50.9386960867], [11.0504744245, 50.9385057735], [11.0498331867, 50.9382409747], [11.0493804346, 50.9389648402], [11.0492899898, 50.9391094497], [11.0489258047, 50.939724075], [11.0484788873, 50.9404875247], [11.0484288085, 50.9405731976], [11.0483236339, 50.9405879923], [11.0465583727, 50.9397602133], [11.0461885609, 50.9396278673], [11.0456518446, 50.9394366452], [11.0454157176, 50.9393349621], [11.0444754113, 50.9389248406], [11.0437190384, 50.9385949322], [11.0429650942, 50.9382027], [11.0425698307, 50.9380374581], [11.0425376463, 50.9380250585], [11.0423703097, 50.9379744715], [11.0423452694, 50.9379668773], [11.0419394536, 50.9378432395], [11.0414599499, 50.9376722066], [11.0414341884, 50.937664453], [11.0412796755, 50.937617781], [11.0405527408, 50.9373895832], [11.040543279, 50.9370368035], [11.0405249378, 50.9366446406], [11.0405149015, 50.9364097144], [11.0405321568, 50.9362556436], [11.0405519563, 50.9362130367], [11.0408163498, 50.9356402424], [11.0410186768, 50.9352090827], [11.0411647357, 50.9347081507], [11.041156953, 50.9343026605], [11.0409980667, 50.9337385253], [11.0409078568, 50.9328058995], [11.0408918651, 50.932760033], [11.0407585762, 50.932377624], [11.0407405332, 50.9323258538], [11.0407326432, 50.932303206], [11.0407182309, 50.9322618717], [11.0407064316, 50.9322280132], [11.0405226859, 50.9317252481], [11.040378677, 50.9315234395], [11.0403541147, 50.9314873999], [11.0400567988, 50.9310491098], [11.0400219376, 50.9310015961], [11.0399395767, 50.9308890843], [11.0398256688, 50.9308487861], [11.03974576, 50.9308240457], [11.0396020608, 50.930779029], [11.0394591324, 50.930734255], [11.0394340197, 50.9307262045], [11.0389142358, 50.9305655362], [11.0382812612, 50.9303797224], [11.0374726555, 50.930186288], [11.0364697738, 50.9301525566], [11.0366669518, 50.9297099145], [11.0369833861, 50.9291322496], [11.0372707027, 50.928625122], [11.0373687784, 50.9284533739], [11.0372725084, 50.9284214777], [11.0372424251, 50.9284115124], [11.0376268372, 50.9276719682], [11.0378284105, 50.9272214523], [11.0379775051, 50.9268751916], [11.0380013931, 50.9268190743], [11.0380141906, 50.9267860937], [11.0380343015, 50.9267380126], [11.0383142218, 50.9260200639], [11.0386428266, 50.9251292292], [11.0386599488, 50.9250827984], [11.0386181556, 50.9248093583], [11.038605542, 50.9247345309], [11.0385450666, 50.9243332997], [11.0384017787, 50.9233639807], [11.0383661382, 50.9231556937], [11.0385783407, 50.9228712288], [11.0386234254, 50.9228082197], [11.0389106566, 50.9224062197], [11.0391276379, 50.922112744], [11.0391752517, 50.9220561588], [11.0394403969, 50.9217208464], [11.0408627097, 50.9199557382], [11.0409033699, 50.9199077334], [11.0411494367, 50.9196007463], [11.0411592911, 50.9195878037], [11.0411833446, 50.9195562132], [11.041207735, 50.9195226968], [11.0413197062, 50.919367201], [11.041603311, 50.9189738743], [11.0419121127, 50.9185455951], [11.0418320724, 50.9185218739], [11.0417041753, 50.9184838397], [11.0416660221, 50.918472387], [11.0415830816, 50.9184321381], [11.0415225894, 50.918406427], [11.0410889662, 50.9182210723], [11.0405378768, 50.9179664686], [11.040059629, 50.9176906922], [11.0400154825, 50.9176652496], [11.0398050674, 50.917544318], [11.0397520406, 50.9175137782], [11.0390965147, 50.9171353315], [11.0387588139, 50.9169317654], [11.0387054003, 50.9168995041], [11.0384691962, 50.9167566674], [11.038384364, 50.9167038912], [11.0382396034, 50.9166175336], [11.0381585746, 50.9165662225], [11.0382063243, 50.9165214378], [11.0391001702, 50.9156706572], [11.0398567382, 50.9149473796], [11.0394143155, 50.9145512176], [11.0394507325, 50.9144915181], [11.0394698453, 50.9144510494], [11.0392997061, 50.9143656995], [11.0394071754, 50.9142255781], [11.0394012994, 50.91418854], [11.0393932197, 50.9141378392], [11.0393860265, 50.9140933872], [11.0392077881, 50.9140690523], [11.0392562906, 50.9138642517], [11.0393000784, 50.9136813919], [11.0386574627, 50.9133772139], [11.0382878878, 50.9131949842], [11.0383027935, 50.9131457715], [11.0384229592, 50.9127467155], [11.0385302181, 50.9122933571], [11.0385699888, 50.9121123898], [11.0386331958, 50.9117252818], [11.0386448244, 50.9116571234], [11.0386646117, 50.9115023452], [11.038719563, 50.9110983012], [11.0387285043, 50.9110217796], [11.0387530809, 50.9108224722], [11.0387871671, 50.910543283], [11.0388274937, 50.9102482105], [11.0388315063, 50.9102229083], [11.0388346763, 50.9101893951], [11.0389123138, 50.9098011533], [11.0389960348, 50.9094207647], [11.0390606399, 50.9091465095], [11.0390692908, 50.9091101016], [11.0391467765, 50.9087819967], [11.0391630787, 50.9087232548], [11.0391692266, 50.9087084749], [11.0391742265, 50.9086774219], [11.0411667024, 50.9087646175], [11.0414353296, 50.9087758219], [11.0421081188, 50.9088039098], [11.0441981718, 50.9089075776], [11.0461330426, 50.9089877217], [11.0477915151, 50.9091182581], [11.0480688826, 50.9091432146], [11.0482879325, 50.9091628928], [11.0484031807, 50.9091732429], [11.0485776955, 50.9091888007], [11.0487871578, 50.909207469], [11.0495531293, 50.9092684126], [11.0509350414, 50.9093178959], [11.0517893923, 50.9093437976], [11.0530823258, 50.9093809395], [11.0546391592, 50.9094762812], [11.0555793362, 50.9095036131], [11.0556703912, 50.9095089625], [11.0557833905, 50.9095197083], [11.0565717664, 50.9095934618], [11.0566835204, 50.909604637], [11.0568212594, 50.9096185065], [11.0569932215, 50.9096349763], [11.057217289, 50.9096600653], [11.0579053938, 50.909740129], [11.0583440639, 50.9097934011], [11.0585408665, 50.9098189963], [11.0591423797, 50.9098883971], [11.0607857917, 50.9100672352], [11.061342646, 50.9101119723], [11.0615107819, 50.9101261511], [11.0619843283, 50.9101646804], [11.0632728389, 50.9102680146], [11.0633914821, 50.910273865], [11.0647806802, 50.9103720954], [11.0656666704, 50.9104573005], [11.0666470868, 50.9105731292], [11.0673926687, 50.910638428], [11.0682119556, 50.9107228599], [11.0688612422, 50.9107897668], [11.0695685379, 50.9108652351], [11.0702956804, 50.9109460394], [11.0704491469, 50.9109632023], [11.0706030937, 50.9109805752], [11.0722601554, 50.9111680649], [11.0735107477, 50.9113125883], [11.0736717455, 50.9113361617], [11.0739351384, 50.9113773762], [11.0746191154, 50.9114926673], [11.0751989743, 50.9115923999], [11.0754800516, 50.9116303502], [11.0758809753, 50.9116696011], [11.0760147197, 50.9116827204], [11.0764739272, 50.9117278191], [11.0773571568, 50.9118106077], [11.0780516708, 50.9118845156], [11.078156192, 50.9118869122], [11.0797576569, 50.911786281], [11.0806484782, 50.9117207386], [11.0819755218, 50.911641638], [11.0825348714, 50.9116707755], [11.0827644392, 50.9116827132], [11.0839915279, 50.9117551704], [11.0853265732, 50.9118260385], [11.0864602523, 50.9118911773], [11.0867655829, 50.9119249416], [11.0887253049, 50.9119764129], [11.0887642663, 50.9119777491], [11.0899503168, 50.9120205312], [11.0908687925, 50.9121412979], [11.0917863034, 50.9122985582], [11.0928200895, 50.9125767805], [11.0935751422, 50.9127763815], [11.0948311603, 50.9129282398], [11.0960161571, 50.9130553578], [11.0971855448, 50.9131731569], [11.0984198075, 50.9132893048], [11.0987305972, 50.9132850423], [11.0994735043, 50.9132693469], [11.1000647263, 50.9132596806], [11.1009328506, 50.9132422336], [11.1017407623, 50.9132436858], [11.1023643336, 50.9132549125], [11.1029717219, 50.913271304], [11.1036504606, 50.9132789351], [11.1043080827, 50.9132876634], [11.1050077746, 50.9132967975], [11.1058311645, 50.91329849], [11.1066951763, 50.9132708662], [11.1075514832, 50.9132435506], [11.1083564898, 50.913176807], [11.1093552342, 50.913090606], [11.1102098072, 50.913026572], [11.1105541843, 50.9130144368], [11.110361761, 50.9135675711], [11.1098761143, 50.9143868583], [11.1094154333, 50.9152072948], [11.108980934, 50.9160644872], [11.1089692552, 50.9161320848], [11.1089617655, 50.9161822639], [11.1088370357, 50.9170178118], [11.1086525108, 50.9174662588], [11.1084257279, 50.9180162955], [11.1082536237, 50.9185104086], [11.1082286944, 50.9185802502], [11.108084183, 50.9190003505], [11.1080722071, 50.9190349774], [11.1078502163, 50.9203979198], [11.1079009887, 50.9214086691], [11.1079757678, 50.9224911235], [11.1079825975, 50.9233276148], [11.1073369855, 50.9244832779], [11.1076831052, 50.9245122753], [11.1072507623, 50.9255448133], [11.1070564594, 50.9260092752], [11.1071123602, 50.9265733143], [11.10711739, 50.9266229847], [11.1072842961, 50.9283551709], [11.1065375703, 50.929577403], [11.1064151306, 50.9295768515], [11.105945166, 50.9295750389], [11.1058805667, 50.9295523122], [11.10570285, 50.9294897535], [11.1052466873, 50.9293302922], [11.1051064079, 50.9292814942], [11.1047933095, 50.9298836217], [11.1043827969, 50.9302687129], [11.1042395786, 50.9304595442], [11.1040341153, 50.9307961346], [11.1036241902, 50.9312464979], [11.1036813248, 50.9312794775], [11.1028165299, 50.9317884551], [11.1027475567, 50.9318296456], [11.102441836, 50.9313086258], [11.1019557733, 50.931305075], [11.1010312051, 50.9313106401], [11.1008539713, 50.9315162914], [11.1015117233, 50.9318357486], [11.1021851308, 50.932167464], [11.1013955536, 50.932349052], [11.1005657669, 50.9326569842], [11.1004813947, 50.932688121], [11.0989050507, 50.9333563815], [11.0986300219, 50.9334554704], [11.0987173125, 50.9335378018], [11.0989981051, 50.9334238709], [11.0990822156, 50.9334977726], [11.0989640055, 50.93354472], [11.0987512129, 50.9336312544], [11.0986273997, 50.9336862221], [11.098076498, 50.9339270987], [11.0974349194, 50.9341618079], [11.0964159983, 50.9345918891], [11.0960114869, 50.9347423873], [11.0959393143, 50.9347669088], [11.095728572, 50.934846901], [11.0953582865, 50.93498184], [11.095261966, 50.9350183813], [11.0951530595, 50.9350590546], [11.0950325689, 50.9351043624], [11.0949992054, 50.9351170129], [11.0948098744, 50.9351879904], [11.0947333507, 50.9352166581], [11.0944958763, 50.935306832], [11.0941875378, 50.935432278], [11.0937181391, 50.9356144023], [11.0936736861, 50.9356310558], [11.0936469882, 50.9357099806], [11.0935643575, 50.9357182574], [11.0926863484, 50.9360422655], [11.0922637182, 50.9361984896], [11.0922636659, 50.9361985607]]]}, "properties": {"STADTTE_ID": 35, "NAME": "Egstedt", "DOWNLOADLI": "https://geoportal.erfurt.de/gis/pub/downloads/thematik/stadtteile.zip", "SHAPE_AREA": 12608756.8531}}, {"type": "Feature", "geometry": {"type": "Polygon", "coordinates": [[[11.111748638, 50.9315942147], [11.1117485673, 50.931594224], [11.1117384945, 50.9317990741], [11.1117309267, 50.9319642483], [11.1117003862, 50.9321330938], [11.1116598183, 50.9323736255], [11.1115839135, 50.9328215131], [11.1115009628, 50.9332723394], [11.1114649085, 50.9334616746], [11.1113805314, 50.9341067471], [11.1112484125, 50.9348069644], [11.1112277222, 50.9349148485], [11.1111309463, 50.9354703556], [11.1110544748, 50.9358963842], [11.1110472631, 50.9359717491], [11.1106978235, 50.9364502749], [11.1101968669, 50.9369726182], [11.110115209, 50.9370844515], [11.1100375282, 50.9372046932], [11.1096531939, 50.9374321869], [11.1094483431, 50.9375559901], [11.1093842903, 50.9376250925], [11.1093405442, 50.9376722876], [11.1092171426, 50.9377929538], [11.1091392609, 50.9378707097], [11.1089683845, 50.9380702352], [11.1089366107, 50.9381085114], [11.1085106188, 50.9386034636], [11.1083939476, 50.9387410075], [11.1082615153, 50.9388946299], [11.1082175648, 50.9389461984], [11.1081718593, 50.9390001622], [11.1079922328, 50.9392119796], [11.1078919857, 50.9393303662], [11.1076903673, 50.9395656395], [11.1076515785, 50.9396120151], [11.1073408776, 50.9398695302], [11.106674128, 50.940420625], [11.1063216189, 50.9407047042], [11.1062096783, 50.9407958978], [11.1056919879, 50.9413059133], [11.1056864358, 50.941311229], [11.1055994006, 50.941392451], [11.1055544579, 50.9414367928], [11.1051680675, 50.9418137993], [11.1047289536, 50.942240526], [11.1041112539, 50.9428487584], [11.1040590728, 50.9429001723], [11.1040425691, 50.9429164329], [11.1039712967, 50.9430024709], [11.1037637948, 50.9432533413], [11.1036533166, 50.9433885821], [11.1035877972, 50.9434698007], [11.1035525739, 50.9435139278], [11.1034289862, 50.9436700482], [11.1033874104, 50.9437226215], [11.1033244435, 50.9440589553], [11.10328849, 50.9442542844], [11.1028018102, 50.9448120065], [11.1024659047, 50.9451873883], [11.102516434, 50.9451922172], [11.1028524965, 50.9452266867], [11.1028800782, 50.9454424033], [11.1029213134, 50.9458282638], [11.1029262192, 50.9458741546], [11.1028037565, 50.9460727291], [11.1028423741, 50.9462186895], [11.1029624468, 50.9464427591], [11.1030865263, 50.9465647583], [11.103121301, 50.9465988156], [11.1031056735, 50.9466049072], [11.1030304894, 50.9466440609], [11.1029940807, 50.9467030219], [11.1029726767, 50.9468162117], [11.102927183, 50.9469479948], [11.1029204519, 50.9469576495], [11.102867616, 50.9470341107], [11.1028599899, 50.9470451001], [11.1027224147, 50.9471555211], [11.1025041698, 50.9472421088], [11.1022374935, 50.9473478697], [11.1022155231, 50.9473565828], [11.1021470341, 50.9473876873], [11.1015063802, 50.9476783316], [11.1014215233, 50.9477167914], [11.1009527976, 50.9479455486], [11.1007726648, 50.9479740161], [11.1005804557, 50.9479870082], [11.1004378757, 50.9479939941], [11.1003760645, 50.9479976532], [11.1002679748, 50.9480239774], [11.1001567576, 50.9480801921], [11.1000294256, 50.9481671515], [11.0997894751, 50.9483310414], [11.0997846971, 50.9483491716], [11.1002265437, 50.9483860046], [11.1000695358, 50.9484622826], [11.0998875509, 50.9484473167], [11.0997164187, 50.9485255534], [11.099598121, 50.9485796546], [11.0993165786, 50.9487084601], [11.0988029173, 50.9489122412], [11.0987264843, 50.9489425745], [11.0983135595, 50.9491028137], [11.0981271669, 50.9491751751], [11.0978405007, 50.9492741809], [11.0973787698, 50.9494336821], [11.0971945384, 50.9494973421], [11.0966984895, 50.9496798553], [11.096565916, 50.9497285409], [11.0964273217, 50.9497795173], [11.096363964, 50.949802939], [11.0962784009, 50.949834459], [11.0962468645, 50.9498460786], [11.0960499684, 50.9497039672], [11.0958857685, 50.9495853881], [11.0958106807, 50.9495314115], [11.0951577361, 50.9494683696], [11.0951479449, 50.9494300986], [11.094909537, 50.9494100046], [11.0949607, 50.9496115786], [11.0949675883, 50.9496386811], [11.0948901447, 50.9496472874], [11.0948078767, 50.9496773442], [11.094614829, 50.949747874], [11.0945947438, 50.9497269442], [11.0940119235, 50.9499511223], [11.0939726422, 50.9499512674], [11.0938217217, 50.9500064595], [11.0936486899, 50.9499985561], [11.0936054465, 50.9499537249], [11.0931064381, 50.9494311771], [11.0930249928, 50.9493458668], [11.0929834042, 50.9493037426], [11.0928329316, 50.9491458044], [11.0927553873, 50.9490647491], [11.09268393, 50.9489927305], [11.092667301, 50.9489770501], [11.0926143314, 50.948927378], [11.0925104967, 50.9488372199], [11.0924404785, 50.9487866058], [11.0923662058, 50.9487421621], [11.0923044723, 50.9487051392], [11.0922677472, 50.9486902489], [11.0922099493, 50.9486622033], [11.0920929436, 50.948612753], [11.0919486408, 50.9485621009], [11.0918314236, 50.9485299979], [11.0916662879, 50.9484976119], [11.0909934786, 50.9483887357], [11.090998754, 50.9484174528], [11.0910146221, 50.9485130058], [11.0910301181, 50.9485970317], [11.0908879023, 50.9486072515], [11.0908911836, 50.9486213904], [11.0903916661, 50.9485475748], [11.0902196106, 50.9485511726], [11.0901025565, 50.9485342608], [11.0900488337, 50.9485264357], [11.0898405921, 50.948496445], [11.089525146, 50.9484509292], [11.089231813, 50.9484016434], [11.0890909877, 50.9483779708], [11.089067649, 50.948370777], [11.0888888237, 50.9483195904], [11.0888162847, 50.9483053381], [11.0885640151, 50.9482559237], [11.0883343896, 50.9481879732], [11.088136186, 50.9480995911], [11.0879692627, 50.9479955558], [11.0878193989, 50.947868164], [11.0877774056, 50.947832598], [11.0877485694, 50.9478081927], [11.0876481456, 50.9476378543], [11.0876372422, 50.9476142355], [11.0876279593, 50.9475941169], [11.0875998389, 50.9475331309], [11.0875545933, 50.9473801404], [11.0875396339, 50.9473298636], [11.087528422, 50.947292112], [11.0875289284, 50.9472081566], [11.087469015, 50.9470048023], [11.0874604741, 50.9469758843], [11.0875302641, 50.9469652873], [11.0875927486, 50.946955758], [11.087606244, 50.9469536991], [11.0877490223, 50.9469319188], [11.0878927675, 50.9469210441], [11.087971631, 50.9469177017], [11.088102494, 50.9469122133], [11.0881746073, 50.946913054], [11.0883050723, 50.94691479], [11.0885076957, 50.9469289478], [11.0885535678, 50.9469335396], [11.0885521909, 50.9467926564], [11.0884079689, 50.9467909141], [11.0883050304, 50.9467866496], [11.0882018354, 50.946784541], [11.0881887309, 50.9467824559], [11.0881759397, 50.946779705], [11.0881635436, 50.946776305], [11.088151629, 50.9467722766], [11.0881402728, 50.946767651], [11.0881295517, 50.9467624554], [11.0881195355, 50.9467567248], [11.0881154479, 50.946753132], [11.0881118649, 50.9467493287], [11.0881088176, 50.9467453441], [11.088106323, 50.9467412084], [11.0881044053, 50.9467369527], [11.0881030759, 50.9467326082], [11.0881023435, 50.9467282089], [11.0881022163, 50.9467237826], [11.0881026918, 50.946719369], [11.088104737, 50.9467073796], [11.0881083378, 50.9466955378], [11.0881134764, 50.946683923], [11.0881201152, 50.9466726178], [11.088128209, 50.9466616957], [11.0883014071, 50.9464202122], [11.088465835, 50.9461948322], [11.0884702222, 50.9461887531], [11.0884735892, 50.9462130508], [11.0885411597, 50.9461193703], [11.0885913014, 50.9461166133], [11.0887219248, 50.9461094537], [11.0886974049, 50.9459303769], [11.0886803678, 50.9458038564], [11.0887021172, 50.9457255503], [11.0887137183, 50.9456772762], [11.0887105138, 50.945659273], [11.088695604, 50.9456428886], [11.0886820956, 50.9456280405], [11.0886778103, 50.9456141615], [11.0886789584, 50.9454973113], [11.0886704431, 50.9453795782], [11.0886567051, 50.9452815783], [11.0886316176, 50.9451746806], [11.0885978207, 50.9450691538], [11.0885806072, 50.9450690193], [11.088565158, 50.9450236997], [11.0885519761, 50.9449984732], [11.0885183333, 50.9449519871], [11.0884480001, 50.9448918284], [11.0883413963, 50.9448047102], [11.0882077851, 50.9446956373], [11.0881697042, 50.944659701], [11.0881604832, 50.9446427337], [11.0882424925, 50.9442836826], [11.0881902682, 50.9440662731], [11.088184162, 50.9440583535], [11.0882186653, 50.9440486535], [11.088142059, 50.9439520686], [11.0881101276, 50.9439197287], [11.0883301818, 50.9439095992], [11.0884263719, 50.9438843291], [11.0884478699, 50.9438666763], [11.0884553985, 50.9438422341], [11.088424231, 50.9436716277], [11.0883948828, 50.9435109881], [11.0883326064, 50.9431797276], [11.0883559338, 50.9431587496], [11.0882943035, 50.9431353188], [11.0883508403, 50.943058476], [11.0883857652, 50.9429852415], [11.088402934, 50.9429185537], [11.0884307866, 50.9427561685], [11.0884368535, 50.9427176015], [11.0884469252, 50.9426535725], [11.0885207587, 50.9426556503], [11.0885220522, 50.9426384886], [11.0887562569, 50.9426445422], [11.0889366045, 50.9426507299], [11.0886322503, 50.9412674333], [11.0892722295, 50.9413478943], [11.0899509382, 50.9414330278], [11.0899791429, 50.9413426773], [11.0899375359, 50.9406013601], [11.0898940593, 50.9397918151], [11.0899701309, 50.9389753701], [11.0899736127, 50.9389300463], [11.0899761605, 50.9388926224], [11.0900244247, 50.9386584702], [11.0900721581, 50.9384322664], [11.0901015, 50.9382879046], [11.0895148038, 50.937907128], [11.0895738451, 50.9378713703], [11.0898535104, 50.93770527], [11.0896551164, 50.9374646843], [11.0895452706, 50.9373314618], [11.0895392252, 50.9373241231], [11.089433419, 50.9373070526], [11.0901903681, 50.9370642649], [11.0902561985, 50.9370336728], [11.0908480575, 50.9367554287], [11.0911010063, 50.9366350069], [11.0911785042, 50.93660603], [11.091369855, 50.9365331273], [11.0922636659, 50.9361985607], [11.0922637182, 50.9361984896], [11.0926863484, 50.9360422655], [11.0935643575, 50.9357182574], [11.0936469882, 50.9357099806], [11.0936736861, 50.9356310558], [11.0937181391, 50.9356144023], [11.0941875378, 50.935432278], [11.0944958763, 50.935306832], [11.0947333507, 50.9352166581], [11.0948098744, 50.9351879904], [11.0949992054, 50.9351170129], [11.0950325689, 50.9351043624], [11.0951530595, 50.9350590546], [11.095261966, 50.9350183813], [11.0953582865, 50.93498184], [11.095728572, 50.934846901], [11.0959393143, 50.9347669088], [11.0960114869, 50.9347423873], [11.0964159983, 50.9345918891], [11.0974349194, 50.9341618079], [11.098076498, 50.9339270987], [11.0986273997, 50.9336862221], [11.0987512129, 50.9336312544], [11.0989640055, 50.93354472], [11.0990822156, 50.9334977726], [11.0989981051, 50.9334238709], [11.0987173125, 50.9335378018], [11.0986300219, 50.9334554704], [11.0989050507, 50.9333563815], [11.1004813947, 50.932688121], [11.1005657669, 50.9326569842], [11.1013955536, 50.932349052], [11.1021851308, 50.932167464], [11.1015117233, 50.9318357486], [11.1008539713, 50.9315162914], [11.1010312051, 50.9313106401], [11.1019557733, 50.931305075], [11.102441836, 50.9313086258], [11.1027475567, 50.9318296456], [11.1028165299, 50.9317884551], [11.1036813248, 50.9312794775], [11.1036241902, 50.9312464979], [11.1040341153, 50.9307961346], [11.1042395786, 50.9304595442], [11.1043827969, 50.9302687129], [11.1047933095, 50.9298836217], [11.1051064079, 50.9292814942], [11.1052466873, 50.9293302922], [11.10570285, 50.9294897535], [11.1058805667, 50.9295523122], [11.105945166, 50.9295750389], [11.1064151306, 50.9295768515], [11.1065375703, 50.929577403], [11.1072842961, 50.9283551709], [11.10711739, 50.9266229847], [11.1073394325, 50.9269344312], [11.1075519821, 50.927236034], [11.1075917577, 50.9272900579], [11.1076339409, 50.9273192349], [11.1081948418, 50.9277045251], [11.108268269, 50.9277549846], [11.1083691845, 50.9278243428], [11.108498278, 50.9279130531], [11.1086795973, 50.9280376604], [11.1089024299, 50.9282104601], [11.1093649036, 50.9285690961], [11.1095777134, 50.9287341171], [11.1096438713, 50.9287854194], [11.1096796538, 50.9288131681], [11.1097096841, 50.9288364222], [11.109718862, 50.9288435305], [11.1104522258, 50.9292630649], [11.1104837384, 50.9292754436], [11.110547194, 50.9293030109], [11.1106172141, 50.9293324535], [11.1107138741, 50.9293731099], [11.1107855313, 50.9294032476], [11.1108580198, 50.9294337337], [11.1109306686, 50.9294640495], [11.1112486209, 50.9295980069], [11.1113026658, 50.92962073], [11.1113491496, 50.9296402837], [11.1113874755, 50.9296564053], [11.1114332106, 50.9296756397], [11.1114585688, 50.9296862956], [11.1114889923, 50.929699094], [11.1115933037, 50.9297429633], [11.1116263693, 50.9297605183], [11.1116600551, 50.9298373541], [11.11171431, 50.9299686939], [11.1117471351, 50.9299510279], [11.111800482, 50.9299223266], [11.1117852259, 50.9304885403], [11.1117764132, 50.931079652], [11.1117731636, 50.93132949], [11.111748638, 50.9315942147]]]}, "properties": {"STADTTE_ID": 34, "NAME": "Windischholzhausen", "DOWNLOADLI": "https://geoportal.erfurt.de/gis/pub/downloads/thematik/stadtteile.zip", "SHAPE_AREA": 2265049.55766}}, {"type": "Feature", "geometry": {"type": "Polygon", "coordinates": [[[11.1249078414, 50.9488635653], [11.1241426932, 50.9492541685], [11.1234983333, 50.9496288531], [11.1232827368, 50.9495753272], [11.1229332603, 50.94949165], [11.12251941, 50.9493927104], [11.1219445565, 50.94928562], [11.1218747877, 50.9492726815], [11.1214449941, 50.9491930624], [11.1200070108, 50.9489886276], [11.1188907573, 50.9488406346], [11.1188382172, 50.9488339192], [11.1187071285, 50.9487970546], [11.118678098, 50.9487888179], [11.1178811063, 50.9485624989], [11.1179048404, 50.9485294989], [11.1183122464, 50.9480462212], [11.1183345766, 50.9480197096], [11.1183691983, 50.9479775235], [11.1185659962, 50.9476861853], [11.1190469451, 50.9470896562], [11.1190663401, 50.9470655856], [11.1192078414, 50.9468898432], [11.1194874817, 50.9465415334], [11.1195786226, 50.946428399], [11.1198354102, 50.946502893], [11.1198812489, 50.9464603507], [11.1208669733, 50.945544713], [11.1209347171, 50.9454807745], [11.1213565019, 50.9456811869], [11.1215515497, 50.9455386136], [11.1213039455, 50.9454075786], [11.1217749846, 50.945064875], [11.1218378841, 50.9450191789], [11.1219777749, 50.9449176202], [11.1220098785, 50.9448943784], [11.122100681, 50.9448306855], [11.1221320089, 50.9448086675], [11.1225991255, 50.9450245159], [11.1230129625, 50.9447602259], [11.123253614, 50.9446063335], [11.1233686195, 50.944532879], [11.1237008975, 50.9447713776], [11.1242604476, 50.9443131392], [11.1243479619, 50.9442360558], [11.1243635441, 50.9442225531], [11.1244517788, 50.9441454781], [11.1249010898, 50.9437531449], [11.1250138166, 50.9436546752], [11.1250922107, 50.9435868402], [11.1251818541, 50.9435093955], [11.1253164094, 50.9434716368], [11.1259709225, 50.9432871231], [11.1261521878, 50.9432353395], [11.1265490467, 50.9431219121], [11.1271945352, 50.9429889846], [11.1273467726, 50.9429565909], [11.1280869945, 50.9427979633], [11.1287464675, 50.9425325668], [11.1288986505, 50.9424709654], [11.128970123, 50.94244027], [11.1290507204, 50.9424100737], [11.1289549137, 50.9420987913], [11.1289283309, 50.9420136815], [11.1288761159, 50.9418039705], [11.1286631748, 50.9414692482], [11.1285984104, 50.9413511237], [11.1284296578, 50.9410431992], [11.1283791518, 50.9409493355], [11.1281487746, 50.9405352193], [11.1282011226, 50.9404656562], [11.1282186479, 50.9403066777], [11.1282285279, 50.9402165274], [11.1282378122, 50.9401322862], [11.1282448877, 50.9400498633], [11.1282488852, 50.9400026824], [11.1283277899, 50.9395906396], [11.1283353746, 50.9395273491], [11.1283925289, 50.9390306001], [11.1283977312, 50.9389851806], [11.1284396989, 50.9385945447], [11.1284482694, 50.9385211487], [11.1285380775, 50.9385047027], [11.1285486848, 50.9384616607], [11.1285718726, 50.9383688223], [11.1286273456, 50.9381492517], [11.1287204222, 50.9377932544], [11.1287270554, 50.9377708817], [11.1287703736, 50.9376247822], [11.1288049016, 50.937483036], [11.1288587296, 50.9372634862], [11.1288610719, 50.9372468651], [11.1288508121, 50.9372513549], [11.1288066918, 50.9372702561], [11.1282869446, 50.9371855578], [11.1276968298, 50.9370954744], [11.1276141678, 50.9370815746], [11.1268358981, 50.936910257], [11.1266530397, 50.9368713641], [11.1265208644, 50.9368416801], [11.1263997005, 50.9368151762], [11.1263118221, 50.9367963978], [11.1262779759, 50.9367889846], [11.1261476127, 50.9367604157], [11.1258879471, 50.9367054617], [11.1256657417, 50.9366569454], [11.125442821, 50.936607528], [11.1253472156, 50.936586588], [11.1252594714, 50.9365667082], [11.1251890209, 50.9365507802], [11.1241767763, 50.9362458239], [11.1238097995, 50.9361374833], [11.123703126, 50.936106073], [11.123371083, 50.9360054993], [11.1233484709, 50.9359677155], [11.1233980474, 50.9359291509], [11.1234385263, 50.9358976583], [11.1242439629, 50.936137568], [11.1247458738, 50.9362970915], [11.1252377197, 50.9359446494], [11.125622425, 50.9356765851], [11.125924115, 50.93546113], [11.1260747879, 50.935353457], [11.1268951786, 50.9347682356], [11.1275906991, 50.9342739944], [11.1278544818, 50.9341877422], [11.1285096954, 50.9339720896], [11.128332902, 50.9338820198], [11.1282792566, 50.9338546879], [11.1281451884, 50.9339123717], [11.12802423, 50.9339530383], [11.1281730569, 50.933802839], [11.1283384063, 50.9335027242], [11.1283610572, 50.933401908], [11.1283666662, 50.9333035954], [11.1282112983, 50.9328008609], [11.1285234142, 50.9327711157], [11.1287810463, 50.9326940474], [11.1288411419, 50.93267606], [11.1288995214, 50.9327998707], [11.1289382414, 50.9327807702], [11.1294701469, 50.9325220741], [11.1295412211, 50.9324882646], [11.129577692, 50.9323821604], [11.1297237305, 50.9322921672], [11.129792065, 50.9322282474], [11.1299792852, 50.9320517207], [11.1300286421, 50.9318764386], [11.1302694514, 50.9315339434], [11.1307393132, 50.9311430142], [11.1310354768, 50.9308225726], [11.1314254575, 50.9304741091], [11.1319716529, 50.9301390673], [11.1323159188, 50.9298770709], [11.1325034383, 50.9296803054], [11.1328393968, 50.929278679], [11.1329568423, 50.92905913], [11.1330522861, 50.9285544243], [11.1330565601, 50.9281856733], [11.1331207475, 50.9279354586], [11.1341944852, 50.9278212719], [11.1344491677, 50.9277948335], [11.1345410218, 50.9277658492], [11.1348455703, 50.9276697173], [11.1349304565, 50.9276429098], [11.1350095468, 50.9276179487], [11.1351608039, 50.9275702025], [11.1353076837, 50.927523835], [11.1354835339, 50.9274683148], [11.1356577105, 50.9274133304], [11.1364130016, 50.9271748841], [11.1364229129, 50.9271727276], [11.1364700444, 50.9271583516], [11.1365146607, 50.9271416644], [11.1369277332, 50.9269481664], [11.1369389826, 50.9269428564], [11.1370401761, 50.9268954928], [11.1371486015, 50.9268447131], [11.1372158343, 50.9268132176], [11.1372822357, 50.9267821195], [11.1374009194, 50.9267265252], [11.1374873487, 50.9266860466], [11.1375705218, 50.926647089], [11.1376305655, 50.9266189645], [11.1376926162, 50.926590073], [11.1377430641, 50.9265662641], [11.1379509026, 50.9264689064], [11.1384777891, 50.9266986278], [11.1387692869, 50.9268256806], [11.1385350948, 50.9270030925], [11.1384954365, 50.9270325725], [11.1374449058, 50.9278130168], [11.1373977373, 50.9278539735], [11.136992904, 50.9282061669], [11.1368100535, 50.9283701642], [11.1369820749, 50.9283279806], [11.1371450952, 50.9282879509], [11.1373560534, 50.928236157], [11.137783663, 50.9279059741], [11.1387646975, 50.9271484225], [11.1388757005, 50.9270627201], [11.138999198, 50.9269673459], [11.1396609831, 50.9268086248], [11.1400670365, 50.9267127139], [11.1402835122, 50.9266627624], [11.1408475906, 50.9265232896], [11.1409496676, 50.9264917689], [11.1411682399, 50.9264243912], [11.141461904, 50.9263296845], [11.1427955937, 50.9258949635], [11.1447254395, 50.9251634642], [11.1446657511, 50.9251172], [11.1451957096, 50.9248717703], [11.145606496, 50.9252641149], [11.1458012496, 50.9252237837], [11.1469653128, 50.9249264102], [11.1476718391, 50.9247468898], [11.1488235535, 50.9246675852], [11.1496196039, 50.9244566492], [11.149946567, 50.9243451168], [11.1501963552, 50.9242914878], [11.1508067794, 50.9243249596], [11.1511172435, 50.9244260067], [11.1515288592, 50.9245748997], [11.151700298, 50.9246806799], [11.1523028516, 50.9252093033], [11.1528850622, 50.9249971273], [11.1528907982, 50.9250462767], [11.1529076106, 50.9251200378], [11.1529236501, 50.9252032864], [11.1529003726, 50.9258374612], [11.1528699096, 50.9264326216], [11.1529986606, 50.9269719178], [11.1531175131, 50.9275159968], [11.1531103636, 50.9280041492], [11.1528486604, 50.928426633], [11.1526626767, 50.92872858], [11.152687991, 50.9288818596], [11.1527620374, 50.9293607993], [11.1528868647, 50.9295428299], [11.1520079156, 50.9308981187], [11.1517318926, 50.9314551031], [11.151514611, 50.932434652], [11.15092792, 50.9329813438], [11.1507985406, 50.9330454503], [11.1505607972, 50.9331648159], [11.1501950662, 50.9333070368], [11.1498092541, 50.9335038623], [11.1497577408, 50.9335282087], [11.149249978, 50.9336483846], [11.1491275708, 50.9338549645], [11.1490976561, 50.9342473048], [11.1490831017, 50.9348427332], [11.1490747713, 50.9352762216], [11.1489748687, 50.9358476569], [11.1488937595, 50.9361686097], [11.1486272072, 50.9368288125], [11.1483232876, 50.9374157501], [11.1480504365, 50.9377343165], [11.1479007067, 50.9380651059], [11.1476360821, 50.9384158224], [11.1473399843, 50.9388304017], [11.1472180432, 50.9390336574], [11.1470981974, 50.9393401225], [11.1468706763, 50.9396140725], [11.1466832983, 50.9398397701], [11.1456697491, 50.9399013136], [11.1449094074, 50.9399882527], [11.1434355928, 50.9402281706], [11.1434528165, 50.9402949721], [11.1436455946, 50.9409574113], [11.1436749003, 50.9410607858], [11.1436621035, 50.9410796768], [11.1433559355, 50.9417048235], [11.1433029249, 50.9418100314], [11.1432452682, 50.9419179733], [11.1431899707, 50.9420214738], [11.1430378956, 50.9423060134], [11.1428368372, 50.9425801971], [11.14280049, 50.9426271414], [11.1425057122, 50.9430364959], [11.1424658365, 50.9431623218], [11.1422926089, 50.9436930756], [11.1422695753, 50.9437625911], [11.1422038836, 50.9439884475], [11.1421899926, 50.9440559622], [11.1421415559, 50.9442913574], [11.1420918541, 50.9445328106], [11.1420596671, 50.9446892103], [11.1420332577, 50.9447743425], [11.1419570541, 50.9450200145], [11.1419000439, 50.9452037936], [11.141842837, 50.9453882274], [11.1417893502, 50.9455606878], [11.1417590404, 50.9456056538], [11.1416307375, 50.9458158858], [11.1414959455, 50.9460307885], [11.1413230829, 50.9463116624], [11.1413158034, 50.9463283833], [11.1411663496, 50.9465171278], [11.1411046077, 50.9465890097], [11.1401599938, 50.9461754751], [11.1399972473, 50.9463586733], [11.1398866452, 50.9464889669], [11.138929002, 50.9473586674], [11.1388395877, 50.9474362058], [11.1382150264, 50.9479625307], [11.1375880886, 50.9482709958], [11.1361976053, 50.948672095], [11.1351537652, 50.9490837283], [11.1342025078, 50.949410086], [11.1338750852, 50.9494827204], [11.1334657707, 50.949573462], [11.1323761091, 50.950166989], [11.1323309796, 50.9501642005], [11.1322312256, 50.9501579496], [11.131240898, 50.950114097], [11.1301594389, 50.9500626281], [11.1290818915, 50.9500113665], [11.1284470808, 50.9503534383], [11.1275447065, 50.9504757014], [11.1277283491, 50.9501677633], [11.1275662509, 50.9501074944], [11.127250549, 50.9499522315], [11.1268288562, 50.949748489], [11.1263589972, 50.9494892715], [11.1259677305, 50.9493177993], [11.1255016034, 50.9491484714], [11.1249078414, 50.9488635653]]]}, "properties": {"STADTTE_ID": 49, "NAME": "Rohda (Haarberg)", "DOWNLOADLI": "https://geoportal.erfurt.de/gis/pub/downloads/thematik/stadtteile.zip", "SHAPE_AREA": 3606099.35397}}, {"type": "Feature", "geometry": {"type": "Polygon", "coordinates": [[[11.0947890808, 50.9736574797], [11.0946870348, 50.9736555213], [11.0927065798, 50.9736174178], [11.0910522834, 50.973596028], [11.0904497528, 50.9735721413], [11.0894125805, 50.9735310145], [11.0893258834, 50.9735275788], [11.0877792453, 50.973483169], [11.086309561, 50.973449893], [11.0862281861, 50.9734480444], [11.0862063833, 50.9734475499], [11.0861533411, 50.9734463535], [11.0861472988, 50.9734090176], [11.0856752635, 50.9723790177], [11.0851932637, 50.9711182075], [11.0848301188, 50.9694897913], [11.0847349032, 50.9687134678], [11.0847279207, 50.9686526794], [11.0846213639, 50.9677243718], [11.0844997982, 50.9666742225], [11.0834110338, 50.9634940445], [11.0833570439, 50.9633658023], [11.0830720673, 50.962793899], [11.0826460403, 50.9621447966], [11.082206192, 50.9615344045], [11.0817524157, 50.9609017325], [11.0814059047, 50.960253029], [11.0811800489, 50.9595883368], [11.0811787412, 50.9595607654], [11.0811364735, 50.9595612157], [11.0802688527, 50.9595704813], [11.0793904832, 50.9595837739], [11.0793857099, 50.9595429885], [11.0793657419, 50.9593713174], [11.0793461768, 50.959199452], [11.07932747, 50.9590214474], [11.0793080603, 50.9588539781], [11.0792985687, 50.9587522629], [11.0792843627, 50.9585951903], [11.0783903724, 50.9577434844], [11.0776584664, 50.9570185131], [11.0775238413, 50.9568882927], [11.0814939275, 50.9554869185], [11.0814968941, 50.9554728155], [11.0815209416, 50.9553586513], [11.081574227, 50.9553369841], [11.0818353668, 50.9552411523], [11.0820593646, 50.9551574153], [11.0821982178, 50.9551051277], [11.08233797, 50.9550526666], [11.0828629155, 50.9548727604], [11.0832288435, 50.9547442171], [11.0834058115, 50.9546830852], [11.0836049551, 50.9546159335], [11.0839746422, 50.9544816556], [11.0841960952, 50.9544093109], [11.0843540731, 50.954357701], [11.0845026475, 50.9543036173], [11.0845734024, 50.9542778603], [11.0847241988, 50.9542229749], [11.0849580651, 50.9541557647], [11.0850558992, 50.9541011528], [11.085093185, 50.9540874297], [11.0854597802, 50.9539496992], [11.0857817261, 50.9538323015], [11.085829043, 50.9538150524], [11.0861992694, 50.9536806012], [11.0865693629, 50.9535462196], [11.0869398869, 50.9534123085], [11.0870803774, 50.953360189], [11.087253983, 50.9532957441], [11.0873040145, 50.9532771678], [11.0876306714, 50.9532757268], [11.0882076051, 50.9532719851], [11.088430509, 50.9532707932], [11.0894810519, 50.9532606703], [11.0905463424, 50.9532532949], [11.091702057, 50.9532452646], [11.0917452412, 50.9532449622], [11.0918523053, 50.9532442212], [11.0926736617, 50.9532384996], [11.093702186, 50.9532313227], [11.0946397155, 50.9532247809], [11.0956647854, 50.9532189088], [11.0957121554, 50.9532178372], [11.0957474375, 50.9532184333], [11.0957882711, 50.9532182003], [11.0959030925, 50.9535514561], [11.095988992, 50.9538188388], [11.0959967706, 50.9538792383], [11.0960036541, 50.9539456617], [11.0960095463, 50.9540013544], [11.0960180889, 50.9540800587], [11.0960283516, 50.9541719252], [11.0960344179, 50.9542245866], [11.0960411188, 50.954281192], [11.0960569986, 50.9544293713], [11.0963439775, 50.954459343], [11.0968098998, 50.9545084535], [11.0968872121, 50.9544228775], [11.0969312431, 50.9543822486], [11.0969847667, 50.9543194035], [11.0970053476, 50.95424074], [11.0970237635, 50.9541703493], [11.0970436532, 50.9540943316], [11.0970685333, 50.9539992356], [11.0970776506, 50.953917864], [11.0971212657, 50.9540239855], [11.0976251591, 50.9541554964], [11.0978510855, 50.9541976372], [11.0992851578, 50.9544642499], [11.0993773872, 50.9544800898], [11.0996138944, 50.9545227493], [11.0996633204, 50.9545317239], [11.0996876948, 50.954502499], [11.1002482112, 50.954692415], [11.1008210644, 50.9548872409], [11.1015140733, 50.9551201934], [11.101618452, 50.9551127977], [11.1023344118, 50.955270278], [11.1026799849, 50.9553470387], [11.1031485321, 50.9554486878], [11.1034002456, 50.9555032955], [11.1041662207, 50.9556716661], [11.1042707074, 50.9556312786], [11.1068615784, 50.956674395], [11.106899807, 50.9566870834], [11.1067701775, 50.9568697694], [11.1065310461, 50.9572067621], [11.1061671629, 50.9577195459], [11.1054911431, 50.9586721632], [11.1053100696, 50.95892732], [11.1048037105, 50.9596408147], [11.104245653, 50.9604271478], [11.103844817, 50.961064743], [11.1035985281, 50.9615415284], [11.103432443, 50.9618576626], [11.1033478641, 50.9620293276], [11.103162289, 50.9623906178], [11.1028428833, 50.9630919295], [11.1028385871, 50.9631014342], [11.1028119935, 50.9631800558], [11.1027947881, 50.9632389378], [11.1026919307, 50.9637173612], [11.1025985805, 50.964436094], [11.102515848, 50.9650556307], [11.1024812876, 50.9654162893], [11.102431593, 50.9659456312], [11.1022604684, 50.9668001762], [11.1021731354, 50.9676292959], [11.1021152568, 50.9681781259], [11.1021342825, 50.9687893174], [11.1020784284, 50.9687851399], [11.1002012885, 50.9686568498], [11.0997392061, 50.968625274], [11.0993131815, 50.9686307113], [11.0986435714, 50.9686392592], [11.0985399774, 50.9686405726], [11.0974603765, 50.9686543116], [11.0963215618, 50.9687425075], [11.0963143329, 50.9687430717], [11.096649475, 50.969400918], [11.0965920345, 50.9694065875], [11.0954146247, 50.9695230703], [11.0953386543, 50.9695305818], [11.0952171874, 50.9695423885], [11.0951381908, 50.9695503256], [11.0950538131, 50.9695583287], [11.0947748045, 50.9695847812], [11.0949583948, 50.9700373518], [11.0943205492, 50.9700551377], [11.0940298873, 50.9700598428], [11.0942728876, 50.9711656593], [11.0945347782, 50.9724088842], [11.0946464407, 50.9729623128], [11.0946578158, 50.9730194908], [11.0947890808, 50.9736574797]]]}, "properties": {"STADTTE_ID": 46, "NAME": "Urbich", "DOWNLOADLI": "https://geoportal.erfurt.de/gis/pub/downloads/thematik/stadtteile.zip", "SHAPE_AREA": 2857966.72998}}, {"type": "Feature", "geometry": {"type": "Polygon", "coordinates": [[[11.1098323343, 50.9821808934], [11.1098153487, 50.9819675501], [11.1098040336, 50.9818368428], [11.109795765, 50.981740425], [11.1097957294, 50.9815261243], [11.1095648225, 50.9815218483], [11.1094242218, 50.9813762327], [11.1095668233, 50.9807847945], [11.1097166657, 50.9801633065], [11.1100004768, 50.9789557076], [11.1100521293, 50.9789628606], [11.1101769908, 50.9789801441], [11.1102005332, 50.978918748], [11.1104778701, 50.9781969618], [11.1105432077, 50.9780272138], [11.1107669009, 50.9774446203], [11.1101780466, 50.9773896033], [11.1100735634, 50.9773798364], [11.1100821734, 50.9773399867], [11.1103438921, 50.9765042725], [11.1103926428, 50.9763485982], [11.1104268888, 50.9762392452], [11.110451977, 50.976159131], [11.1104532176, 50.9761551675], [11.1096849479, 50.9760337194], [11.109435531, 50.9759939751], [11.1097011531, 50.9754083776], [11.1097879, 50.9752171733], [11.1098019473, 50.9751862137], [11.1098188798, 50.9751487589], [11.1098654377, 50.975044444], [11.1085775402, 50.9749300583], [11.1083054081, 50.9749255558], [11.1075820951, 50.9749649916], [11.1072613759, 50.9750052955], [11.1067579431, 50.9750781099], [11.1066363448, 50.9750797516], [11.1065841621, 50.9750864275], [11.1063455846, 50.9750909869], [11.1063381065, 50.9750725919], [11.1063261178, 50.9750429164], [11.1063209726, 50.9750302065], [11.1062965592, 50.9747370679], [11.1057744695, 50.974810113], [11.1052121767, 50.9747805339], [11.1051296852, 50.9747773129], [11.104816926, 50.9747449847], [11.1047965926, 50.9747428249], [11.104670831, 50.9747293401], [11.1044404969, 50.9747058762], [11.1037182514, 50.9746268727], [11.1036299885, 50.9746172971], [11.1019267737, 50.9744325865], [11.1018838251, 50.9744278158], [11.1018968425, 50.9743100947], [11.1020106107, 50.9733433126], [11.1020888819, 50.9726837946], [11.1021679641, 50.9720220268], [11.1022579545, 50.9712697487], [11.1023317602, 50.9706532273], [11.1022613993, 50.9699777893], [11.1021910599, 50.9693028375], [11.1021342825, 50.9687893174], [11.1021152568, 50.9681781259], [11.1021731354, 50.9676292959], [11.1022604684, 50.9668001762], [11.102431593, 50.9659456312], [11.1024812876, 50.9654162893], [11.102515848, 50.9650556307], [11.1025985805, 50.964436094], [11.1026919307, 50.9637173612], [11.1027947881, 50.9632389378], [11.1028119935, 50.9631800558], [11.1028385871, 50.9631014342], [11.1028428833, 50.9630919295], [11.103162289, 50.9623906178], [11.1033478641, 50.9620293276], [11.103432443, 50.9618576626], [11.1035985281, 50.9615415284], [11.103844817, 50.961064743], [11.104245653, 50.9604271478], [11.1048037105, 50.9596408147], [11.1053100696, 50.95892732], [11.1054911431, 50.9586721632], [11.1061671629, 50.9577195459], [11.1065310461, 50.9572067621], [11.1067701775, 50.9568697694], [11.106899807, 50.9566870834], [11.1071701767, 50.9563060572], [11.1074758346, 50.9557497396], [11.1076711146, 50.955394315], [11.1077175201, 50.9553098382], [11.1093404992, 50.952355675], [11.1094912974, 50.9520811434], [11.1098257665, 50.9514722906], [11.1107466632, 50.951662113], [11.1123115178, 50.9519846466], [11.1128340955, 50.9511536981], [11.1128462757, 50.9511342839], [11.1129255201, 50.9510082275], [11.1129363762, 50.9509911406], [11.1130362665, 50.9508322419], [11.1131202935, 50.9506985809], [11.1132416086, 50.9505056131], [11.1132524677, 50.9504883463], [11.1135513961, 50.9500132039], [11.113704281, 50.9500361079], [11.1144343035, 50.9499711474], [11.1145541919, 50.9498513582], [11.114569957, 50.9498357282], [11.1145931902, 50.9498127661], [11.1146614228, 50.9497454417], [11.1147885152, 50.9496202135], [11.1153320912, 50.9490588281], [11.1153618796, 50.9490263234], [11.1159739848, 50.9483885415], [11.1161842119, 50.9481253728], [11.1163687121, 50.9481414557], [11.1164219164, 50.9481460197], [11.117232866, 50.9483806972], [11.1178811063, 50.9485624989], [11.118678098, 50.9487888179], [11.1187071285, 50.9487970546], [11.1188382172, 50.9488339192], [11.1188907573, 50.9488406346], [11.1200070108, 50.9489886276], [11.1214449941, 50.9491930624], [11.1218747877, 50.9492726815], [11.1219445565, 50.94928562], [11.12251941, 50.9493927104], [11.1229332603, 50.94949165], [11.1232827368, 50.9495753272], [11.1234983333, 50.9496288531], [11.1241426932, 50.9492541685], [11.1249078414, 50.9488635653], [11.1255016034, 50.9491484714], [11.1259677305, 50.9493177993], [11.1263589972, 50.9494892715], [11.1268288562, 50.949748489], [11.127250549, 50.9499522315], [11.1275662509, 50.9501074944], [11.1277283491, 50.9501677633], [11.1275447065, 50.9504757014], [11.1284470808, 50.9503534383], [11.1290818915, 50.9500113665], [11.1301594389, 50.9500626281], [11.131240898, 50.950114097], [11.1322312256, 50.9501579496], [11.1323309796, 50.9501642005], [11.1323761091, 50.950166989], [11.1334657707, 50.949573462], [11.1338750852, 50.9494827204], [11.1342025078, 50.949410086], [11.1351537652, 50.9490837283], [11.1361976053, 50.948672095], [11.1362676287, 50.9487406573], [11.1362896707, 50.9487644888], [11.1361461247, 50.9490630199], [11.1358127153, 50.9497578549], [11.1357960495, 50.9497894279], [11.1357841451, 50.9498136467], [11.1357529738, 50.9498793514], [11.1357442725, 50.9498973194], [11.1356448958, 50.9500996061], [11.1351760203, 50.9513912737], [11.1350378146, 50.9520485911], [11.1349540777, 50.9525373962], [11.1348408646, 50.9536200874], [11.1347905845, 50.9542053952], [11.1346414682, 50.9553663764], [11.134516213, 50.9563294474], [11.1346131859, 50.9563366737], [11.1352749259, 50.9563818517], [11.1352575197, 50.9565077152], [11.1353984799, 50.9565199355], [11.1353802406, 50.9566439274], [11.1353393581, 50.9568998793], [11.1352795841, 50.9572750583], [11.1351417708, 50.957944892], [11.1349852788, 50.9587075705], [11.1348462158, 50.9594841051], [11.1346715989, 50.9605024605], [11.1345266805, 50.9612487743], [11.1343796337, 50.962004519], [11.1344648855, 50.9620166383], [11.134348026, 50.9623783153], [11.1342486977, 50.9626857374], [11.1342361298, 50.9627294038], [11.1354813331, 50.9628941035], [11.1367372105, 50.963060155], [11.1367025007, 50.9632357628], [11.136631789, 50.9635936565], [11.136499932, 50.9642615573], [11.1364646826, 50.9644400907], [11.1368807577, 50.9644868692], [11.136220082, 50.9657977231], [11.1358561265, 50.9665196492], [11.1355197575, 50.9671489474], [11.1352468913, 50.9676597253], [11.1347306695, 50.9686264813], [11.1346886098, 50.9686866213], [11.135390373, 50.968906007], [11.136087697, 50.9691240163], [11.1358651091, 50.9694097995], [11.1352293274, 50.9702260958], [11.1355139094, 50.9703149001], [11.1362472302, 50.9705437371], [11.1361492588, 50.970680098], [11.1355989084, 50.9714461035], [11.1354947224, 50.971591092], [11.1352365151, 50.9717524166], [11.134603577, 50.972147885], [11.1337799066, 50.97257615], [11.1331680741, 50.9728942718], [11.132813435, 50.9730264156], [11.1326468078, 50.9730901891], [11.1323170254, 50.9732162518], [11.1322794402, 50.9732344806], [11.1319947723, 50.9732083362], [11.1316043007, 50.9739898615], [11.1310288777, 50.9741012748], [11.1304568615, 50.9742192658], [11.129888307, 50.9743438589], [11.12958901, 50.9744132749], [11.1293234592, 50.9744749318], [11.1287623166, 50.9746125197], [11.1282054921, 50.9747565098], [11.1276526454, 50.9749069092], [11.1271043888, 50.9750636242], [11.1269876286, 50.975102044], [11.1268857661, 50.9751431728], [11.1267897989, 50.9751896488], [11.1267004148, 50.9752411188], [11.1266182052, 50.9752972167], [11.1265438921, 50.9753574374], [11.1264778938, 50.9754214863], [11.1264161586, 50.9754950063], [11.1261417663, 50.975844602], [11.126142869, 50.9759308245], [11.126156312, 50.9770362307], [11.126190588, 50.9774709306], [11.1262262775, 50.9774963673], [11.1262583659, 50.9775240235], [11.1262860138, 50.9775530854], [11.1263135177, 50.9775822363], [11.1263451753, 50.9776101594], [11.1263805689, 50.9776362229], [11.126411666, 50.977655961], [11.1264408451, 50.9776717309], [11.1264721921, 50.9776858083], [11.1265054253, 50.9776980121], [11.126540117, 50.9777083392], [11.1265762705, 50.9777166099], [11.1266180061, 50.9777233938], [11.1266660652, 50.9777270783], [11.1266357523, 50.9778849619], [11.1265800477, 50.9778866222], [11.1265253898, 50.9778938548], [11.1264730419, 50.9779063094], [11.1264245862, 50.9779237549], [11.1263810267, 50.9779459021], [11.1260857141, 50.9781202328], [11.1261062765, 50.9797950727], [11.126108599, 50.9799748725], [11.1261201276, 50.9809096905], [11.1261252645, 50.9813260652], [11.1260168854, 50.981326693], [11.1255752187, 50.9813006488], [11.1255841425, 50.9815308367], [11.1255893595, 50.9816625667], [11.1256116906, 50.981906789], [11.1256354213, 50.9820839622], [11.1256445511, 50.9821514492], [11.1256556292, 50.9822136475], [11.1254614519, 50.9822255886], [11.1250906678, 50.9822464564], [11.1248066094, 50.9822596121], [11.1245223132, 50.9822703377], [11.124237773, 50.9822788141], [11.1239531378, 50.9822847724], [11.1236685468, 50.9822883926], [11.1233837151, 50.9822896736], [11.1230668922, 50.9822882861], [11.1218810119, 50.9822774077], [11.1185706947, 50.9822471054], [11.1178479777, 50.9822404857], [11.1177378336, 50.9822394749], [11.113590704, 50.9822013658], [11.1112447295, 50.9821797819], [11.1112395969, 50.982179738], [11.1098323343, 50.9821808934]]]}, "properties": {"STADTTE_ID": 32, "NAME": "Büßleben", "DOWNLOADLI": "https://geoportal.erfurt.de/gis/pub/downloads/thematik/stadtteile.zip", "SHAPE_AREA": 6873362.5141}}, {"type": "Feature", "geometry": {"type": "Polygon", "coordinates": [[[11.069138348, 50.9496681074], [11.0692517133, 50.9501815102], [11.0686584228, 50.950313401], [11.0681735646, 50.9505180126], [11.0678656855, 50.9508022124], [11.0677212238, 50.9511572068], [11.0687610478, 50.9513652849], [11.0695260149, 50.9515798543], [11.0702901253, 50.9518378424], [11.0705181788, 50.951930877], [11.0709850516, 50.9521213343], [11.0714576366, 50.9525333554], [11.0715729506, 50.9529512245], [11.071453906, 50.9534106625], [11.0711631781, 50.9537322109], [11.0712943314, 50.9537882079], [11.0710191175, 50.9540018944], [11.070623628, 50.9541973587], [11.0700554497, 50.9544610895], [11.0696324311, 50.9546047451], [11.0690341368, 50.9547418444], [11.0683467808, 50.9548446999], [11.0678109474, 50.9549178072], [11.066887732, 50.9550547455], [11.0666472719, 50.9540278193], [11.0679557583, 50.9538558439], [11.0684865198, 50.9538434204], [11.0683561607, 50.9537547974], [11.0676031606, 50.9536271823], [11.0672608264, 50.9535723324], [11.0671655491, 50.9535281385], [11.0671126945, 50.9534234803], [11.067010806, 50.9530230871], [11.0668887564, 50.9529439343], [11.0663407483, 50.9528700656], [11.0657221587, 50.9528911818], [11.0630496235, 50.9525831353], [11.0601860621, 50.9522126859], [11.0594806194, 50.9517726864], [11.0598063182, 50.9512888622], [11.0582729821, 50.951033296], [11.0578611302, 50.9510212908], [11.0554565788, 50.9510540029], [11.0556406077, 50.9507846263], [11.0554312391, 50.95027043], [11.0548382127, 50.9503872476], [11.0538468932, 50.9505008385], [11.0537506945, 50.9502490002], [11.0534211182, 50.9493860988], [11.0533643192, 50.9492373948], [11.0552229454, 50.9490265833], [11.0552798162, 50.948931492], [11.0547089868, 50.9486315348], [11.0562029318, 50.9481137293], [11.0573517559, 50.9476799883], [11.0577178175, 50.9479174756], [11.059715862, 50.9496448085], [11.0601511465, 50.9498567865], [11.0605879815, 50.9499905887], [11.0607156357, 50.9497918323], [11.0609110589, 50.9496370454], [11.0611471576, 50.9495086435], [11.0614228822, 50.9494587398], [11.0616741801, 50.9485747326], [11.0646068936, 50.9489109539], [11.064663536, 50.9489174467], [11.0646762594, 50.9488767631], [11.0648523814, 50.9483135498], [11.0663870583, 50.9484995484], [11.066398987, 50.9486405046], [11.0683455699, 50.9487844546], [11.0683629747, 50.9492884097], [11.0685957556, 50.949325011], [11.0689777024, 50.9494583514], [11.069138348, 50.9496681074]]]}, "properties": {"STADTTE_ID": 14, "NAME": "Wiesenhügel", "DOWNLOADLI": "https://geoportal.erfurt.de/gis/pub/downloads/thematik/stadtteile.zip", "SHAPE_AREA": 453160.246981}}, {"type": "Feature", "geometry": {"type": "Polygon", "coordinates": [[[11.0532790214, 50.9582899481], [11.0532002193, 50.95788102], [11.0531842694, 50.9577952753], [11.0529521128, 50.9565858196], [11.0529250468, 50.9564468995], [11.0529230738, 50.9564320523], [11.0529221693, 50.9564274589], [11.0532816377, 50.9563236605], [11.0533518638, 50.9563033821], [11.0533972658, 50.956290272], [11.0533875303, 50.9562403426], [11.0531381896, 50.954961547], [11.0531497461, 50.954882018], [11.0531860978, 50.9546318487], [11.0533268016, 50.9544679443], [11.0535613572, 50.9544177249], [11.0539739434, 50.9543950049], [11.0543483175, 50.9542243043], [11.0546806054, 50.9540966948], [11.0560970837, 50.9540212773], [11.0568118387, 50.9540009869], [11.0572371017, 50.9540304774], [11.0574307974, 50.9539625474], [11.0574883716, 50.9538327142], [11.0574084191, 50.953710458], [11.0572034458, 50.9536566852], [11.0547395918, 50.9532198344], [11.0544522145, 50.9531653908], [11.0536329347, 50.9528958243], [11.0520240524, 50.9523889735], [11.0512364636, 50.9521277704], [11.0497132917, 50.9516060254], [11.04864356, 50.9512527767], [11.0486525176, 50.9510950228], [11.0486389875, 50.9510263635], [11.0486140486, 50.9508994315], [11.0485885385, 50.9507687007], [11.0485686034, 50.9506639854], [11.0485629527, 50.9506347245], [11.0485357755, 50.9505003327], [11.0484992885, 50.9503170875], [11.0484835496, 50.9502376565], [11.0483690376, 50.9496579925], [11.0483604857, 50.9496121575], [11.0483506766, 50.9495942971], [11.0481672109, 50.9494390963], [11.0484218787, 50.9486955677], [11.048633698, 50.9480654301], [11.0485699847, 50.9478724789], [11.0485500153, 50.947810659], [11.0485056877, 50.9476712259], [11.0483615328, 50.9472167795], [11.0483340717, 50.9471301694], [11.0482847329, 50.9471366894], [11.0482721898, 50.9470497968], [11.0481711208, 50.9463515531], [11.0480340478, 50.9458718768], [11.0479806716, 50.9456837832], [11.0479527882, 50.9455851952], [11.0479029994, 50.9447548955], [11.0478501727, 50.9438226137], [11.0478703968, 50.9431754281], [11.047889671, 50.9428766031], [11.0478945033, 50.9428273539], [11.047998443, 50.9420303248], [11.0482066598, 50.9413447309], [11.0483745401, 50.9407699794], [11.0483713424, 50.9406582078], [11.0483236324, 50.9405879915], [11.048428807, 50.9405731968], [11.0484788858, 50.9404875238], [11.0489258032, 50.9397240742], [11.0492899869, 50.9391094488], [11.0493804374, 50.9389648401], [11.0498331852, 50.9382409738], [11.0504744245, 50.9385057726], [11.0509351202, 50.9386960867], [11.0522652752, 50.9378235701], [11.05416091, 50.9363457406], [11.0547384458, 50.9354226333], [11.0549145389, 50.9351434117], [11.0552699264, 50.9344882183], [11.0559778224, 50.933749244], [11.0560273793, 50.9337686279], [11.0565341411, 50.9332454802], [11.0565740729, 50.9331978156], [11.0574355503, 50.9318684762], [11.0574470526, 50.9318508012], [11.0574735034, 50.9318101768], [11.0577098584, 50.9314473156], [11.0579575011, 50.9310678754], [11.058032391, 50.9309526234], [11.0582621759, 50.9305973507], [11.0584697631, 50.9302752476], [11.0588770224, 50.9296459011], [11.0592121683, 50.9291336833], [11.0592250472, 50.9291139521], [11.0593298619, 50.9289528138], [11.0595655099, 50.9285865065], [11.0597347052, 50.9283245688], [11.059907218, 50.9280590395], [11.0600813575, 50.9277913992], [11.0602538107, 50.9275254783], [11.0605134936, 50.9271235025], [11.060620236, 50.9270926914], [11.0616998784, 50.9273726924], [11.062552651, 50.9275934041], [11.0627892295, 50.9276545266], [11.0630972851, 50.9277343965], [11.0631465628, 50.9277472312], [11.0633811074, 50.927808599], [11.0635815292, 50.9278611215], [11.0637847795, 50.927914359], [11.0640119527, 50.9279737351], [11.0640466513, 50.9279827782], [11.0641495779, 50.9280095305], [11.0644897972, 50.9280975862], [11.0649567707, 50.9282175904], [11.0654278741, 50.9283381807], [11.0655192553, 50.9283615017], [11.0657149848, 50.9284113363], [11.0657779556, 50.9284273775], [11.0658393517, 50.9284430473], [11.0660599258, 50.9284995089], [11.0661595713, 50.9285251304], [11.0665694201, 50.9286309955], [11.066935269, 50.9287258816], [11.0674984837, 50.9288719839], [11.0676870747, 50.9289207913], [11.0684659508, 50.9291223126], [11.0693075174, 50.9293444086], [11.0700924461, 50.9295549953], [11.0701882735, 50.9296433014], [11.0703442902, 50.9296770816], [11.0712742475, 50.9298715991], [11.0723510084, 50.9300935172], [11.0735062068, 50.9303385969], [11.0736438959, 50.9303674719], [11.0741372368, 50.9304949613], [11.0754194087, 50.9308330176], [11.0756267655, 50.9308503447], [11.0763364036, 50.9308837003], [11.0766330334, 50.9309332507], [11.0772121175, 50.9311349818], [11.0773616213, 50.9312093713], [11.078080422, 50.9314197243], [11.077743611, 50.9318261221], [11.0776816073, 50.9320172417], [11.0776624898, 50.9323359325], [11.0775915387, 50.9324172727], [11.0773266234, 50.9325105954], [11.0773185027, 50.932575624], [11.0774028665, 50.9330437743], [11.0775883448, 50.9334145035], [11.0775908609, 50.9337386363], [11.0774981027, 50.9338879566], [11.077380671, 50.9339945142], [11.0771858163, 50.9341296665], [11.0771655901, 50.9342160981], [11.0770748618, 50.9354633753], [11.0767556766, 50.9359598313], [11.0764464684, 50.9365145623], [11.0762595234, 50.9376250101], [11.07616692, 50.9378788741], [11.0764065888, 50.9386912849], [11.0770682125, 50.9392781512], [11.0775245014, 50.9398367214], [11.0780690449, 50.940920487], [11.0784439056, 50.9412116999], [11.0788713089, 50.9412532909], [11.0789246421, 50.9415919203], [11.0789719004, 50.9416675746], [11.0790222256, 50.9417226603], [11.0792121406, 50.9418282405], [11.0792384746, 50.9418516275], [11.0793905504, 50.9419866877], [11.0795083171, 50.9421835724], [11.0796467019, 50.9424540683], [11.0797860527, 50.9426026799], [11.080026036, 50.9428044216], [11.0801709532, 50.9431537535], [11.080365063, 50.9431692175], [11.0809462361, 50.9434432046], [11.08104433, 50.9433669764], [11.0810406328, 50.9432466468], [11.081039304, 50.9432047188], [11.0811277996, 50.9430841235], [11.0819687045, 50.9419420623], [11.0822218638, 50.9418537985], [11.0823747482, 50.941531712], [11.0830709315, 50.9411181026], [11.083459857, 50.940863546], [11.0840354668, 50.9404084275], [11.0844447069, 50.9400936223], [11.0846764897, 50.9398963169], [11.0847940805, 50.9397619583], [11.0850895207, 50.9394975617], [11.0853422586, 50.939297812], [11.0853908022, 50.9392521871], [11.0856146781, 50.9390417731], [11.0858568907, 50.9388350908], [11.0856988015, 50.9387144142], [11.0856418299, 50.9386612372], [11.0860013545, 50.9384660806], [11.0862051936, 50.9383719825], [11.0867080329, 50.9382025569], [11.0869485726, 50.9381434], [11.0873395636, 50.9380158039], [11.0877885042, 50.93783547], [11.0879835152, 50.9377719456], [11.0880558849, 50.93774877], [11.0882953148, 50.9376720814], [11.0894334189, 50.9373070517], [11.0895392238, 50.9373241222], [11.0895452692, 50.9373314609], [11.0896551149, 50.9374646835], [11.0898535076, 50.9377052701], [11.0895738436, 50.9378713703], [11.0895148023, 50.937907128], [11.0901014999, 50.9382879037], [11.0900721567, 50.9384322664], [11.0900244232, 50.9386584684], [11.0899761605, 50.9388926224], [11.0899736112, 50.9389300455], [11.0899701295, 50.9389753701], [11.0898940593, 50.9397918142], [11.089937533, 50.9406013593], [11.0899791415, 50.9413426773], [11.0899509382, 50.9414330278], [11.0892722281, 50.9413478934], [11.0886322488, 50.9412674324], [11.0889366045, 50.942650729], [11.0887562555, 50.9426445413], [11.0885220508, 50.9426384877], [11.0885207572, 50.9426556485], [11.0884469238, 50.9426535716], [11.088436852, 50.9427176016], [11.0884307851, 50.9427561677], [11.0884029326, 50.9429185537], [11.0883857638, 50.9429852415], [11.0883508389, 50.9430584751], [11.088294302, 50.9431353179], [11.0883559309, 50.9431587487], [11.0883326049, 50.9431797277], [11.0883948828, 50.9435109881], [11.0884242295, 50.9436716268], [11.0884553985, 50.9438422332], [11.0884478685, 50.9438666764], [11.0884263704, 50.9438843282], [11.0883301818, 50.9439096001], [11.0881101262, 50.9439197287], [11.0881420576, 50.9439520677], [11.0882186666, 50.9440486526], [11.0881841619, 50.9440583527], [11.0881902669, 50.944066274], [11.088242491, 50.9442836826], [11.0881604831, 50.9446427328], [11.0881697027, 50.9446597002], [11.088207785, 50.9446956364], [11.0883413948, 50.9448047093], [11.0884479987, 50.9448918275], [11.0885183318, 50.9449519853], [11.0885519746, 50.9449984723], [11.0885651565, 50.9450236989], [11.0885806071, 50.9450690175], [11.0885978206, 50.945069152], [11.0886316162, 50.9451746806], [11.088656705, 50.9452815774], [11.0886704416, 50.9453795773], [11.0886789584, 50.9454973113], [11.0886778103, 50.9456141615], [11.0886820941, 50.9456280396], [11.0886956054, 50.9456428877], [11.0887105109, 50.9456592731], [11.0887137169, 50.9456772762], [11.0887021157, 50.9457255494], [11.0886803678, 50.9458038555], [11.0886974034, 50.945930376], [11.088721922, 50.9461094529], [11.0885913, 50.9461166133], [11.0885411582, 50.9461193694], [11.0884735878, 50.9462130499], [11.0884702207, 50.9461887522], [11.0884658336, 50.9461948313], [11.0883014042, 50.9464202113], [11.0881282075, 50.9466616948], [11.0881201151, 50.9466726169], [11.0881134764, 50.946683923], [11.0881083378, 50.9466955369], [11.0881047342, 50.9467073788], [11.0881026904, 50.9467193681], [11.0881022148, 50.9467237827], [11.088102342, 50.9467282071], [11.0881030745, 50.9467326082], [11.0881044039, 50.9467369527], [11.088106323, 50.9467412084], [11.0881088162, 50.9467453442], [11.0881118648, 50.9467493269], [11.0881154464, 50.9467531302], [11.088119534, 50.9467567239], [11.0881295502, 50.9467624546], [11.0881402714, 50.9467676501], [11.0881516276, 50.9467722766], [11.0881635435, 50.9467763041], [11.0881759382, 50.9467797042], [11.0881887295, 50.9467824559], [11.088201834, 50.9467845401], [11.0883050289, 50.9467866488], [11.0884079674, 50.9467909123], [11.0885521909, 50.9467926564], [11.0885535663, 50.9469335378], [11.0885076943, 50.9469289478], [11.0883050708, 50.9469147891], [11.0881746074, 50.9469130549], [11.0881024925, 50.9469122133], [11.0879716296, 50.9469177017], [11.087892766, 50.9469210432], [11.0877490237, 50.9469319188], [11.0876062425, 50.9469536973], [11.0875927485, 50.9469557562], [11.087438126, 50.9469210637], [11.0861015786, 50.9474900135], [11.0851004557, 50.9482079395], [11.0834405362, 50.9493982322], [11.0819198577, 50.9499066126], [11.080847495, 50.9507573471], [11.0801367668, 50.9512729458], [11.0794837062, 50.9516500104], [11.0787501142, 50.9519308857], [11.078128794, 50.95209103], [11.0765012268, 50.9524256429], [11.0756417568, 50.9526385552], [11.0756301803, 50.9526371062], [11.0747342182, 50.9528633669], [11.073534797, 50.953079715], [11.0729251086, 50.9533441622], [11.0719129463, 50.9538138879], [11.0716784117, 50.9538641439], [11.0714588226, 50.9538537132], [11.0712943314, 50.9537882079], [11.0711631781, 50.9537322109], [11.071453906, 50.9534106625], [11.0715729506, 50.9529512245], [11.0714576366, 50.9525333554], [11.0709850516, 50.9521213343], [11.0705181788, 50.951930877], [11.0702901253, 50.9518378424], [11.0695260149, 50.9515798543], [11.0687610478, 50.9513652849], [11.0677212238, 50.9511572068], [11.0678656855, 50.9508022124], [11.0681735646, 50.9505180126], [11.0686584228, 50.950313401], [11.0692517133, 50.9501815102], [11.069138348, 50.9496681074], [11.0689777024, 50.9494583514], [11.0685957556, 50.949325011], [11.0683629747, 50.9492884097], [11.0683455699, 50.9487844546], [11.066398987, 50.9486405046], [11.0663870583, 50.9484995484], [11.0648523814, 50.9483135498], [11.0646762594, 50.9488767631], [11.064663536, 50.9489174467], [11.0646068936, 50.9489109539], [11.0616741801, 50.9485747326], [11.0614228822, 50.9494587398], [11.0611471576, 50.9495086435], [11.0609110589, 50.9496370454], [11.0607156357, 50.9497918323], [11.0605879815, 50.9499905887], [11.0601511465, 50.9498567865], [11.059715862, 50.9496448085], [11.0577178175, 50.9479174756], [11.0573517559, 50.9476799883], [11.0562029318, 50.9481137293], [11.0547089868, 50.9486315348], [11.0552798162, 50.948931492], [11.0552229454, 50.9490265833], [11.0533643192, 50.9492373948], [11.0534211182, 50.9493860988], [11.0537506945, 50.9502490002], [11.0538468932, 50.9505008385], [11.0548382127, 50.9503872476], [11.0554312391, 50.95027043], [11.0556406077, 50.9507846263], [11.0554565788, 50.9510540029], [11.0578611302, 50.9510212908], [11.0582729821, 50.951033296], [11.0598063182, 50.9512888622], [11.0594806194, 50.9517726864], [11.0601860621, 50.9522126859], [11.0630496235, 50.9525831353], [11.0657221587, 50.9528911818], [11.0663407483, 50.9528700656], [11.0668887564, 50.9529439343], [11.067010806, 50.9530230871], [11.0671126945, 50.9534234803], [11.0671655491, 50.9535281385], [11.0672608264, 50.9535723324], [11.0676031606, 50.9536271823], [11.0683561607, 50.9537547974], [11.0684865198, 50.9538434204], [11.0679557583, 50.9538558439], [11.0666472719, 50.9540278193], [11.066887732, 50.9550547455], [11.0659838625, 50.9552717428], [11.0656677459, 50.9553476335], [11.0665308471, 50.9567892406], [11.0664364727, 50.9568132228], [11.0664888595, 50.9569323768], [11.0657578435, 50.9571303917], [11.063678323, 50.9576936625], [11.0629407228, 50.9578934408], [11.0621729876, 50.9563833106], [11.0593895992, 50.9569664828], [11.0590617265, 50.9570237784], [11.0584018838, 50.9571520412], [11.0576007184, 50.9573038984], [11.0569112583, 50.9574466312], [11.0561181073, 50.9575886479], [11.0532790214, 50.9582899481]]]}, "properties": {"STADTTE_ID": 13, "NAME": "Melchendorf", "DOWNLOADLI": "https://geoportal.erfurt.de/gis/pub/downloads/thematik/stadtteile.zip", "SHAPE_AREA": 5658404.26074}}, {"type": "Feature", "geometry": {"type": "Polygon", "coordinates": [[[11.0526423348, 50.9585430592], [11.0526423126, 50.9585430075], [11.0530697145, 50.9584031332], [11.0532873911, 50.9583334359], [11.0532790229, 50.958289949], [11.0561181088, 50.9575886479], [11.0569112598, 50.957446632], [11.0576007199, 50.9573038984], [11.0584018853, 50.9571520421], [11.0590617294, 50.9570237793], [11.0593895992, 50.9569664837], [11.0621729876, 50.9563833115], [11.0629407228, 50.9578934408], [11.0636783231, 50.9576936634], [11.0657578464, 50.9571303925], [11.0664888596, 50.9569323777], [11.0664364728, 50.9568132246], [11.0665308485, 50.9567892415], [11.0656677474, 50.9553476343], [11.0659838625, 50.9552717428], [11.0668877335, 50.9550547472], [11.0678109474, 50.9549178072], [11.0683467823, 50.9548447008], [11.0690341368, 50.9547418444], [11.0696324311, 50.954604746], [11.0700554497, 50.9544610895], [11.0706236295, 50.9541973605], [11.0710191175, 50.9540018944], [11.0712943328, 50.9537882088], [11.0714588226, 50.9538537132], [11.0716784132, 50.9538641448], [11.0719129477, 50.9538138879], [11.0729251101, 50.9533441631], [11.0735347984, 50.9530797141], [11.0747342182, 50.9528633669], [11.0756301803, 50.9526371062], [11.0756417568, 50.9526385552], [11.0765012268, 50.9524256438], [11.078128794, 50.95209103], [11.0787501156, 50.9519308866], [11.0794837076, 50.9516500113], [11.0801367682, 50.9512729458], [11.0808474951, 50.950757348], [11.0819198578, 50.9499066143], [11.0834405377, 50.9493982331], [11.0851004557, 50.9482079404], [11.08610158, 50.9474900135], [11.0874381275, 50.9469210637], [11.0875927486, 50.946955758], [11.0875302641, 50.9469652873], [11.0874604741, 50.9469758843], [11.087469015, 50.9470048023], [11.0875289284, 50.9472081566], [11.087528422, 50.947292112], [11.0875396339, 50.9473298636], [11.0875545933, 50.9473801404], [11.0875998389, 50.9475331309], [11.0876279593, 50.9475941169], [11.0876372422, 50.9476142355], [11.0876481456, 50.9476378543], [11.0877485694, 50.9478081927], [11.0877774056, 50.947832598], [11.0878193989, 50.947868164], [11.0879692627, 50.9479955558], [11.088136186, 50.9480995911], [11.0883343896, 50.9481879732], [11.0885640151, 50.9482559237], [11.0888162847, 50.9483053381], [11.0888888237, 50.9483195904], [11.089067649, 50.948370777], [11.0890909877, 50.9483779708], [11.089231813, 50.9484016434], [11.089525146, 50.9484509292], [11.0898405921, 50.948496445], [11.0900488337, 50.9485264357], [11.0901025565, 50.9485342608], [11.0902196106, 50.9485511726], [11.0903916661, 50.9485475748], [11.0908911836, 50.9486213904], [11.0908879023, 50.9486072515], [11.0910301181, 50.9485970317], [11.0910146221, 50.9485130058], [11.090998754, 50.9484174528], [11.0909934786, 50.9483887357], [11.0916662879, 50.9484976119], [11.0918314236, 50.9485299979], [11.0919486408, 50.9485621009], [11.0920929436, 50.948612753], [11.0922099493, 50.9486622033], [11.0922677472, 50.9486902489], [11.0923044723, 50.9487051392], [11.0923662058, 50.9487421621], [11.0924404785, 50.9487866058], [11.0925104967, 50.9488372199], [11.0926143314, 50.948927378], [11.092667301, 50.9489770501], [11.09268393, 50.9489927305], [11.0927553873, 50.9490647491], [11.0928329316, 50.9491458044], [11.0929834042, 50.9493037426], [11.0930249928, 50.9493458668], [11.0931064381, 50.9494311771], [11.0936054465, 50.9499537249], [11.0936486899, 50.9499985561], [11.0938217217, 50.9500064595], [11.0939726422, 50.9499512674], [11.0940119235, 50.9499511223], [11.0945947438, 50.9497269442], [11.094614829, 50.949747874], [11.0948078767, 50.9496773442], [11.0948901447, 50.9496472874], [11.0949675883, 50.9496386811], [11.0949607, 50.9496115786], [11.094909537, 50.9494100046], [11.0951479449, 50.9494300986], [11.0951577361, 50.9494683696], [11.0958106807, 50.9495314115], [11.0958857685, 50.9495853881], [11.0960499684, 50.9497039672], [11.0962468645, 50.9498460786], [11.0962784009, 50.949834459], [11.096363964, 50.949802939], [11.0964273217, 50.9497795173], [11.096565916, 50.9497285409], [11.0966984895, 50.9496798553], [11.0971945384, 50.9494973421], [11.0973787698, 50.9494336821], [11.0978405007, 50.9492741809], [11.0981271669, 50.9491751751], [11.0983135595, 50.9491028137], [11.0987264843, 50.9489425745], [11.0988029173, 50.9489122412], [11.0993165786, 50.9487084601], [11.099598121, 50.9485796546], [11.0997164187, 50.9485255534], [11.0998875509, 50.9484473167], [11.1000695358, 50.9484622826], [11.1001375862, 50.9484680295], [11.1004609537, 50.9484946993], [11.1001686464, 50.9486505697], [11.0999771532, 50.9487449204], [11.0997350547, 50.9488642214], [11.0995203386, 50.9489528283], [11.0995066939, 50.9489584655], [11.0993853542, 50.9490085001], [11.0991079334, 50.9491229614], [11.0986095598, 50.9493372782], [11.0984560298, 50.9494033428], [11.0983349235, 50.9495140543], [11.0982436559, 50.94959748], [11.0990571162, 50.9495871234], [11.0990955763, 50.9495925521], [11.0991795876, 50.949604436], [11.0994550524, 50.9496430459], [11.100114963, 50.9498326857], [11.1001458358, 50.9498484658], [11.1003111653, 50.949967865], [11.1004443464, 50.9500640852], [11.1005803662, 50.950368328], [11.1006476274, 50.950518705], [11.1006599677, 50.9507709467], [11.1006482418, 50.9507895545], [11.1005445972, 50.9509533378], [11.1004383966, 50.9510512315], [11.0999811443, 50.9514723519], [11.0998904124, 50.9515649636], [11.0996156111, 50.9518165309], [11.0995390743, 50.9518590892], [11.0992520622, 50.9520123912], [11.0991526443, 50.9521052025], [11.0991172007, 50.952186821], [11.0992006469, 50.9524049127], [11.0991793985, 50.9525103722], [11.0989583857, 50.9526579772], [11.0987377151, 50.9528986247], [11.0983578098, 50.9532989518], [11.0983150884, 50.9534179092], [11.0981787272, 50.9534191853], [11.0980973621, 50.9534473862], [11.0980308517, 50.9534704517], [11.0979252093, 50.9535492715], [11.0978892223, 50.9535894631], [11.0978445803, 50.9536666327], [11.0978281217, 50.9537324591], [11.0976683598, 50.9537145864], [11.0975073622, 50.9537915413], [11.0971324749, 50.9539670008], [11.0971212672, 50.9540239864], [11.0970776521, 50.9539178649], [11.0970685348, 50.9539992365], [11.0970436518, 50.9540943316], [11.0970237636, 50.9541703502], [11.0970053477, 50.9542407409], [11.0969847682, 50.9543194044], [11.0969312431, 50.9543822486], [11.0968872121, 50.9544228766], [11.0968099012, 50.9545084535], [11.0963439775, 50.9544593439], [11.0960570001, 50.9544293722], [11.0960411202, 50.954281192], [11.0960344179, 50.9542245875], [11.0960283516, 50.9541719261], [11.0960180889, 50.9540800578], [11.0960095464, 50.9540013553], [11.096003657, 50.9539456625], [11.095996772, 50.9538792382], [11.0959889935, 50.9538188397], [11.0959030939, 50.9535514561], [11.0957882741, 50.9532182021], [11.095747439, 50.9532184342], [11.0957121568, 50.9532178381], [11.0956647869, 50.9532189096], [11.094639717, 50.9532247818], [11.0937021875, 50.9532313236], [11.0926736632, 50.9532385005], [11.0918523068, 50.953244222], [11.0917452427, 50.953244963], [11.0917020585, 50.9532452655], [11.0905463425, 50.9532532967], [11.0894810533, 50.9532606712], [11.0884305105, 50.953270794], [11.0882076065, 50.953271986], [11.0876306729, 50.9532757277], [11.087304016, 50.9532771686], [11.087253983, 50.953295745], [11.0870803774, 50.9533601899], [11.0869398883, 50.9534123085], [11.0865693644, 50.9535462214], [11.0861992694, 50.9536806021], [11.0858290445, 50.9538150533], [11.0857817276, 50.9538323024], [11.0854597817, 50.9539497001], [11.0850931865, 50.9540874306], [11.0850559006, 50.9541011537], [11.084958068, 50.9541557664], [11.0847242003, 50.9542229767], [11.0845734039, 50.9542778612], [11.084502649, 50.9543036182], [11.0843540746, 50.9543577019], [11.0841960981, 50.9544093117], [11.0839746451, 50.9544816564], [11.0836049565, 50.9546159343], [11.083405813, 50.9546830861], [11.083228845, 50.9547442189], [11.082862917, 50.9548727603], [11.0823379715, 50.9550526684], [11.0821982193, 50.9551051277], [11.0820593661, 50.9551574162], [11.0818353683, 50.9552411532], [11.0815742284, 50.9553369849], [11.0815209431, 50.9553586531], [11.0814968941, 50.9554728155], [11.081493929, 50.9554869194], [11.0775238442, 50.9568882927], [11.0774823099, 50.9568998324], [11.0769122428, 50.9570453718], [11.0769029576, 50.9570478151], [11.0762426869, 50.9572202256], [11.0757831736, 50.9573327333], [11.0756115476, 50.9573747043], [11.0755652304, 50.9573842265], [11.0753793164, 50.9574224795], [11.0752551114, 50.9574481044], [11.0750949092, 50.9574809956], [11.0749322748, 50.9575144974], [11.074776054, 50.9575546203], [11.074677062, 50.9575798964], [11.0745812125, 50.957604496], [11.0743918205, 50.9576530666], [11.0742745112, 50.9576832402], [11.0740476868, 50.9577374372], [11.0737010344, 50.9578202767], [11.0736093807, 50.9578421945], [11.0735514901, 50.9578538713], [11.0730820614, 50.9579489409], [11.0729291398, 50.9579799101], [11.0726220916, 50.9580321289], [11.072462139, 50.958059355], [11.0723848762, 50.9580725847], [11.0722302232, 50.9580988737], [11.0720017212, 50.9581377719], [11.0718596219, 50.958161912], [11.0716446858, 50.9581984994], [11.0715172816, 50.9582201316], [11.07141761, 50.9582371472], [11.0713583254, 50.9582471847], [11.0711094037, 50.9582894321], [11.0706805317, 50.9583622612], [11.0705440105, 50.95839201], [11.07028441, 50.9584486434], [11.0701634705, 50.9584751008], [11.0700020754, 50.9585103058], [11.0699995153, 50.9585109214], [11.0698018911, 50.9585622791], [11.0696006234, 50.9586146212], [11.0694125503, 50.958663467], [11.0693860119, 50.9586703598], [11.0693457964, 50.9586808281], [11.0691719481, 50.9587273475], [11.0688296592, 50.9588190079], [11.0686901385, 50.9588563687], [11.068509502, 50.9589068971], [11.0681419384, 50.9590097634], [11.0680418887, 50.9590377281], [11.067892843, 50.9590825057], [11.0676468253, 50.9591558495], [11.0674969614, 50.9592019389], [11.0674081324, 50.9592301919], [11.0673483644, 50.9592499806], [11.0672008339, 50.9593006888], [11.0667696721, 50.9594525704], [11.0667437951, 50.9594649515], [11.0666150322, 50.9595265312], [11.0664869185, 50.9595876963], [11.0663603768, 50.9596479988], [11.0662513588, 50.9596998463], [11.0661905495, 50.9597287033], [11.0661065321, 50.9597684802], [11.065960443, 50.9598375239], [11.0658144513, 50.9599064622], [11.0656688405, 50.9599781232], [11.0656209425, 50.9600023877], [11.0654038933, 50.9601160468], [11.0652878959, 50.9601777365], [11.06519696, 50.9602264355], [11.0650759898, 50.9602914155], [11.0649757682, 50.9603419424], [11.0645605002, 50.9605512979], [11.0645154899, 50.9605740377], [11.0643960035, 50.9606405027], [11.0642546618, 50.9607191933], [11.0641810887, 50.9607601349], [11.0640396055, 50.9608389267], [11.0639781399, 50.9608731221], [11.0638935061, 50.9609197381], [11.0635765398, 50.9610940745], [11.0634310621, 50.9611742024], [11.0633584151, 50.9612254053], [11.063001514, 50.961477025], [11.0629515584, 50.961512128], [11.0628780103, 50.9615666427], [11.0627882838, 50.9616329866], [11.0624906341, 50.9618530735], [11.0623839546, 50.9619413062], [11.0622148823, 50.9620811704], [11.0620586988, 50.9622103523], [11.062045369, 50.9622218407], [11.0618150121, 50.962422338], [11.0616430335, 50.9625720675], [11.0615856378, 50.9626303082], [11.061480022, 50.9627375628], [11.0612859962, 50.9629346105], [11.0612506817, 50.9629774785], [11.0609582751, 50.963332269], [11.0608708193, 50.9634551673], [11.0606685103, 50.9637395779], [11.0604289775, 50.9641612242], [11.0602416455, 50.9645780762], [11.0602361295, 50.9645904365], [11.0601042209, 50.9649197292], [11.0600812792, 50.964977345], [11.0600430126, 50.9649900538], [11.0597424903, 50.9650898621], [11.0597459495, 50.9650735313], [11.0597388991, 50.9650278074], [11.0596986818, 50.9650104943], [11.0595497842, 50.9650033626], [11.0593633429, 50.9649943126], [11.0593226689, 50.9649923661], [11.0591204729, 50.9650163578], [11.0590927992, 50.9650195278], [11.0590717303, 50.9649596574], [11.0583184571, 50.9635089895], [11.0582436499, 50.9634364641], [11.058489897, 50.9632553993], [11.0583880509, 50.9628736401], [11.0578853051, 50.9629685329], [11.0577330285, 50.9629755346], [11.0569295551, 50.9630201946], [11.05629049, 50.9632772434], [11.0560084175, 50.9632947544], [11.0552647012, 50.9631754325], [11.0551138992, 50.9629466616], [11.0550892602, 50.9628633275], [11.0553651249, 50.9623537531], [11.0559284767, 50.9626384689], [11.0560816313, 50.9625906387], [11.0564155377, 50.9625076358], [11.0564409081, 50.9624815253], [11.056458927, 50.9624647349], [11.0564748105, 50.9624331938], [11.056556911, 50.9621449684], [11.0566299842, 50.9619510882], [11.0566184156, 50.9619385388], [11.0570905654, 50.9615500381], [11.0570797109, 50.9615436603], [11.0565782954, 50.9612842692], [11.0564688444, 50.9612660475], [11.0555112334, 50.9607973116], [11.0556707169, 50.9606500587], [11.0537118875, 50.9596363541], [11.0526423348, 50.9585430592]]]}, "properties": {"STADTTE_ID": 15, "NAME": "Herrenberg", "DOWNLOADLI": "https://geoportal.erfurt.de/gis/pub/downloads/thematik/stadtteile.zip", "SHAPE_AREA": 1697136.49162}}, {"type": "Feature", "geometry": {"type": "Polygon", "coordinates": [[[11.1703900595, 51.018414263], [11.1701233926, 51.0179592959], [11.1699498824, 51.0176629177], [11.1699031707, 51.0175820254], [11.1697605649, 51.0173380841], [11.1696266235, 51.0173370431], [11.1683334941, 51.0173265789], [11.1678915113, 51.0173226075], [11.1670503311, 51.0173151097], [11.1669831397, 51.0173141817], [11.1669061896, 51.0173130676], [11.1662520037, 51.0173085226], [11.165876904, 51.0172971738], [11.16551949, 51.0172851047], [11.1639081574, 51.0172378017], [11.1638899772, 51.0172375458], [11.1638208486, 51.0172365304], [11.1623249229, 51.0172115063], [11.1608943726, 51.0172478235], [11.1593911867, 51.0172996915], [11.1586925952, 51.0173037659], [11.1585970438, 51.0173044355], [11.1575853765, 51.0173058724], [11.1558578368, 51.0172818923], [11.1555453348, 51.0172435994], [11.1554830415, 51.0172359045], [11.1544282507, 51.0171071189], [11.1535599764, 51.0170765948], [11.1531575111, 51.0173546884], [11.1525342571, 51.0173184426], [11.1516780273, 51.0173119658], [11.1516066401, 51.0173152586], [11.1515455788, 51.0173181147], [11.1502171632, 51.017380812], [11.1498219919, 51.0174425175], [11.1488373851, 51.0175980314], [11.1475383089, 51.0177812857], [11.147074223, 51.0179287303], [11.1468518216, 51.0180527936], [11.1467019978, 51.0180387919], [11.1463015803, 51.0180029696], [11.1462683583, 51.0179999943], [11.1460191827, 51.0179777524], [11.145841761, 51.017961795], [11.1455682077, 51.0179369916], [11.1449032795, 51.0179194572], [11.1447389034, 51.0179125114], [11.1446219438, 51.0178969862], [11.1446009137, 51.0178765347], [11.1445636305, 51.0178402431], [11.1449158591, 51.0177312462], [11.1453107693, 51.0176213834], [11.1458815615, 51.0174690175], [11.1461193721, 51.0174052235], [11.1466444873, 51.0172682874], [11.1470963032, 51.0171525132], [11.1473776124, 51.0170750928], [11.147615646, 51.0169934723], [11.1477267834, 51.0169432418], [11.1478292532, 51.0168970568], [11.1480026127, 51.0168116017], [11.1482754526, 51.0166470663], [11.1484663311, 51.0165052336], [11.1486394793, 51.0163634236], [11.1488486262, 51.0161086133], [11.1489746166, 51.0159255336], [11.1490219279, 51.0158452722], [11.1494380193, 51.0151209661], [11.1493271866, 51.0151041592], [11.1492574716, 51.0150964609], [11.1491579357, 51.0150853899], [11.1478084554, 51.0149364228], [11.1468272942, 51.0148280429], [11.1464050724, 51.0147813742], [11.1457787559, 51.0147122594], [11.1456833314, 51.0147016658], [11.1450018394, 51.0146263996], [11.1435912968, 51.0144719029], [11.142186685, 51.0143169118], [11.1407967429, 51.0141636917], [11.1394587414, 51.0140156646], [11.1393892857, 51.0140079808], [11.1394878094, 51.0132744411], [11.139569088, 51.0125740436], [11.1396986545, 51.0117611152], [11.1398537441, 51.0107897088], [11.1398677332, 51.0107027344], [11.1404549801, 51.0107606988], [11.1421274543, 51.0109740203], [11.1439607576, 51.0112030306], [11.1439774138, 51.0111845179], [11.1441899052, 51.0112244123], [11.1446494025, 51.0113065], [11.1446663128, 51.0112640868], [11.1444520292, 51.0111828583], [11.1442455307, 51.0110874472], [11.1440699856, 51.0109895662], [11.1439070369, 51.0108886216], [11.1437635039, 51.0107709643], [11.143599229, 51.0106298549], [11.1434570461, 51.0104961797], [11.1433207267, 51.0103444253], [11.1432093181, 51.0101863272], [11.143119193, 51.0100090765], [11.1430576609, 51.0098600263], [11.1430208521, 51.0096861682], [11.1429914351, 51.0095132007], [11.1430010411, 51.0091880814], [11.1430791883, 51.0086652468], [11.1431210635, 51.0085175027], [11.1431948414, 51.0083766183], [11.1433187694, 51.0082785296], [11.1435377463, 51.0081611891], [11.1439675015, 51.007968401], [11.1441111749, 51.0079446694], [11.1441626815, 51.0079361564], [11.1447405974, 51.0078388612], [11.1460115501, 51.0076160422], [11.1468507425, 51.0074711419], [11.1468922505, 51.0074639834], [11.1470752049, 51.0074324092], [11.1468817923, 51.0070527552], [11.1470786653, 51.0070413636], [11.1471065529, 51.0070395351], [11.1481639186, 51.0069689474], [11.1491193375, 51.0069076576], [11.1491932835, 51.0069029818], [11.149761674, 51.0068671592], [11.1512306574, 51.006767472], [11.1512848212, 51.0067607992], [11.1513241631, 51.0067558708], [11.1545419298, 51.0063613476], [11.1562176082, 51.0061560848], [11.1563422826, 51.006140813], [11.1563987517, 51.006133409], [11.1564664381, 51.0056823391], [11.1565570585, 51.005034052], [11.1565929456, 51.0046283997], [11.1566413838, 51.0046277696], [11.1566586675, 51.0046268155], [11.1580545972, 51.0046125316], [11.1589682444, 51.0046076719], [11.15998568, 51.0046021662], [11.1601023163, 51.0046016467], [11.1609118838, 51.0045986213], [11.1609083681, 51.0045604284], [11.1608377362, 51.0037713898], [11.1607529043, 51.0029765862], [11.1608787207, 51.0029890756], [11.1610341545, 51.0030039534], [11.161458942, 51.0030422639], [11.1615653494, 51.0030582003], [11.1618836088, 51.0031055536], [11.1620031398, 51.0031237137], [11.1628038741, 51.0032428019], [11.1632869536, 51.003389491], [11.1634572721, 51.0033737572], [11.1634872086, 51.0034900918], [11.1635741923, 51.0035087911], [11.1637000425, 51.0035361095], [11.1637268449, 51.0046018047], [11.163762604, 51.0058090251], [11.1637615734, 51.0061059275], [11.1637662178, 51.006281239], [11.1637790915, 51.0069517821], [11.163809492, 51.0080766955], [11.1638308596, 51.008886792], [11.1638476476, 51.0095044974], [11.1640660767, 51.0095760838], [11.1641967674, 51.0096283724], [11.1642639526, 51.0096599369], [11.1644480485, 51.0096908088], [11.1645909968, 51.0096897532], [11.164715255, 51.0096669911], [11.1647846265, 51.0097578263], [11.165744897, 51.0094469436], [11.1671520625, 51.0092903967], [11.1681038947, 51.0091854459], [11.1682291291, 51.0091772579], [11.1683693791, 51.0091668304], [11.1694084384, 51.0091088727], [11.1705856051, 51.0091756566], [11.1712016379, 51.0092135353], [11.171303694, 51.009217153], [11.1715451998, 51.0102038509], [11.1719912909, 51.0119851569], [11.1722155729, 51.0128731299], [11.1724410942, 51.0137658865], [11.1726594028, 51.0146548861], [11.1728794059, 51.015540445], [11.1730987253, 51.0164328119], [11.1733218789, 51.0173248641], [11.1735271169, 51.0181460452], [11.1735436368, 51.0182124926], [11.1724630238, 51.0183119925], [11.1711504657, 51.0184362398], [11.1704438454, 51.0185061444], [11.1703900595, 51.018414263]]]}, "properties": {"STADTTE_ID": 53, "NAME": "Wallichen", "DOWNLOADLI": "https://geoportal.erfurt.de/gis/pub/downloads/thematik/stadtteile.zip", "SHAPE_AREA": 2381369.75965}}, {"type": "Feature", "geometry": {"type": "Polygon", "coordinates": [[[11.1321074797, 50.9895909918], [11.1319939919, 50.9895286736], [11.1316766378, 50.989186978], [11.1314914854, 50.9889875627], [11.1309723208, 50.9884249418], [11.1303681777, 50.9878795561], [11.1297940725, 50.9873492686], [11.1290513003, 50.9866971503], [11.1287842431, 50.986462613], [11.1279313572, 50.9855920488], [11.1278758924, 50.9855354443], [11.1276317575, 50.9852401274], [11.12754709, 50.9851308169], [11.1274402508, 50.9849871735], [11.1273540464, 50.984868692], [11.1271860391, 50.9846233824], [11.127033779, 50.9843814273], [11.1268928229, 50.9841366795], [11.1267635921, 50.983889412], [11.1267230484, 50.9838035328], [11.1266457995, 50.9836398027], [11.126540012, 50.9833880364], [11.1264457909, 50.9831345575], [11.126389954, 50.9829606502], [11.1263637107, 50.9828792817], [11.1262936179, 50.982622658], [11.1262356515, 50.9823648654], [11.1262302483, 50.9823340827], [11.1261898096, 50.9821060858], [11.1261560875, 50.9818464973], [11.1261368994, 50.9816244118], [11.1261294081, 50.9814847547], [11.1261252645, 50.9813260652], [11.1261201276, 50.9809096905], [11.126108599, 50.9799748725], [11.1261062765, 50.9797950727], [11.1260857141, 50.9781202328], [11.1263810267, 50.9779459021], [11.1264245862, 50.9779237549], [11.1264730419, 50.9779063094], [11.1265253898, 50.9778938548], [11.1265800477, 50.9778866222], [11.1266357523, 50.9778849619], [11.1266660652, 50.9777270783], [11.1266180061, 50.9777233938], [11.1265762705, 50.9777166099], [11.126540117, 50.9777083392], [11.1265054253, 50.9776980121], [11.1264721921, 50.9776858083], [11.1264408451, 50.9776717309], [11.126411666, 50.977655961], [11.1263805689, 50.9776362229], [11.1263451753, 50.9776101594], [11.1263135177, 50.9775822363], [11.1262860138, 50.9775530854], [11.1262583659, 50.9775240235], [11.1262262775, 50.9774963673], [11.126190588, 50.9774709306], [11.126156312, 50.9770362307], [11.126142869, 50.9759308245], [11.1261417663, 50.975844602], [11.1264161586, 50.9754950063], [11.1264778938, 50.9754214863], [11.1265438921, 50.9753574374], [11.1266182052, 50.9752972167], [11.1267004148, 50.9752411188], [11.1267897989, 50.9751896488], [11.1268857661, 50.9751431728], [11.1269876286, 50.975102044], [11.1271043888, 50.9750636242], [11.1276526454, 50.9749069092], [11.1282054921, 50.9747565098], [11.1287623166, 50.9746125197], [11.1293234592, 50.9744749318], [11.12958901, 50.9744132749], [11.129888307, 50.9743438589], [11.1304568615, 50.9742192658], [11.1310288777, 50.9741012748], [11.1316043007, 50.9739898615], [11.1319947723, 50.9732083362], [11.1322794402, 50.9732344806], [11.1323170254, 50.9732162518], [11.1326468078, 50.9730901891], [11.132813435, 50.9730264156], [11.1331680741, 50.9728942718], [11.1337799066, 50.97257615], [11.1343668606, 50.9727998769], [11.1345115102, 50.9728521508], [11.1348352457, 50.9729677739], [11.1352817552, 50.9731178431], [11.1358207544, 50.9732963975], [11.1359190621, 50.9733157311], [11.1363029331, 50.9733912897], [11.1370518075, 50.9735387588], [11.1371217363, 50.9735522099], [11.137878492, 50.973698032], [11.1390929291, 50.9739238892], [11.1396938708, 50.9740570369], [11.1408249282, 50.9743272075], [11.1410203767, 50.9743756487], [11.1413808015, 50.9744650502], [11.1417232258, 50.9745499943], [11.1433800391, 50.9749950624], [11.1435047371, 50.9750275543], [11.1439285402, 50.9743917283], [11.1440147701, 50.9744178801], [11.1441128207, 50.9744476148], [11.1447517288, 50.9746412416], [11.1455488305, 50.9749184879], [11.1467988743, 50.9753520118], [11.1474474812, 50.975537407], [11.1476862342, 50.9755822867], [11.1477409772, 50.9755925823], [11.1478608353, 50.9756151115], [11.1482971238, 50.9756971064], [11.1487965616, 50.9754804382], [11.1488231551, 50.9754650622], [11.1495314241, 50.9758067608], [11.1505218415, 50.9763952071], [11.1510873678, 50.9765461702], [11.1513799419, 50.9766580876], [11.1514603428, 50.9766888122], [11.1515097763, 50.9767077517], [11.1532083637, 50.9768581922], [11.1548981628, 50.9770180204], [11.1550011838, 50.9770280684], [11.1560988608, 50.9771351736], [11.1561440747, 50.9771395812], [11.1559087552, 50.9776313408], [11.1554422576, 50.9786447225], [11.1551967551, 50.9792645285], [11.1547427543, 50.9803080314], [11.1559990785, 50.9804751178], [11.1566002099, 50.9805546677], [11.156671, 50.9805655064], [11.1575498129, 50.9807640555], [11.1582652991, 50.9809908276], [11.1583073341, 50.9809536786], [11.1583713961, 50.9809690917], [11.1581809377, 50.9811375178], [11.1581726356, 50.9811448583], [11.1572496003, 50.9819611061], [11.1563156419, 50.9827871579], [11.1553773545, 50.9836172274], [11.1544387402, 50.984447716], [11.1543699256, 50.9844368539], [11.1539844403, 50.9843759979], [11.1528123576, 50.9841938006], [11.1514524159, 50.9839782177], [11.151002578, 50.9839201808], [11.1506894956, 50.9838715241], [11.1506407679, 50.9838649926], [11.1499939175, 50.9844242267], [11.1490482611, 50.985252708], [11.1481057478, 50.986075577], [11.1471680365, 50.986900483], [11.146231848, 50.9877243873], [11.1453159362, 50.9885307871], [11.1445927077, 50.9891676014], [11.1445340653, 50.9891631895], [11.1435563892, 50.9890895964], [11.1434842567, 50.989084167], [11.1434505599, 50.9890816287], [11.1435329371, 50.9894003011], [11.1436618323, 50.9898988484], [11.1438395548, 50.9905862805], [11.1437418448, 50.9905785003], [11.1435904224, 50.9905664519], [11.1434587965, 50.9905559771], [11.1433062083, 50.9905438292], [11.1432282414, 50.9905376667], [11.1431906238, 50.9905346768], [11.1422793055, 50.9904619973], [11.1409862475, 50.9903595039], [11.1397292927, 50.9902491406], [11.1384573802, 50.9901465034], [11.1379149875, 50.990103917], [11.1372030507, 50.9900517635], [11.1359449015, 50.9899461255], [11.1359200554, 50.9899440869], [11.135766507, 50.9899318235], [11.1347410917, 50.9898436979], [11.1336605356, 50.9897420288], [11.1334689592, 50.9897204732], [11.1333371339, 50.9897079374], [11.1321074797, 50.9895909918]]]}, "properties": {"STADTTE_ID": 43, "NAME": "Hochstedt", "DOWNLOADLI": "https://geoportal.erfurt.de/gis/pub/downloads/thematik/stadtteile.zip", "SHAPE_AREA": 2974152.19683}}, {"type": "Feature", "geometry": {"type": "Polygon", "coordinates": [[[11.1753583713, 50.989100776], [11.1752207693, 50.9894143469], [11.1751728399, 50.9895356773], [11.1751123818, 50.9896839862], [11.1750842133, 50.9897871074], [11.1750754002, 50.9898036385], [11.1749793834, 50.9899837742], [11.1749703729, 50.989999317], [11.1749266469, 50.9900669639], [11.1748226565, 50.9902280011], [11.1743358636, 50.9910338299], [11.1737562839, 50.9919356717], [11.1734378038, 50.9924312286], [11.173035395, 50.9930825], [11.1726168189, 50.9937483637], [11.1722732459, 50.9943213811], [11.1719299856, 50.994893977], [11.1713386433, 50.99571549], [11.1709573501, 50.9962450439], [11.1706740364, 50.9965070396], [11.1698460103, 50.9972727272], [11.1695398298, 50.9977285781], [11.1693329608, 50.9980437959], [11.1692262042, 50.9983202529], [11.1688671869, 50.99923989], [11.1686309727, 50.9998542152], [11.1684133045, 51.0004210679], [11.1683946443, 51.0004692472], [11.1680425819, 51.0004616776], [11.1676683862, 51.0011774539], [11.1676111231, 51.0012880049], [11.167538229, 51.0014012735], [11.167226765, 51.0019050828], [11.1669414521, 51.002288913], [11.1666599105, 51.0026774546], [11.1666306471, 51.0027169812], [11.1663441941, 51.0026534897], [11.1658725325, 51.00242791], [11.1655579666, 51.0023014433], [11.1650299604, 51.0022149764], [11.1646002486, 51.002241122], [11.1642545314, 51.0023029231], [11.1635904083, 51.0024348978], [11.163456468, 51.0024838322], [11.1634572721, 51.0033737572], [11.1632869536, 51.003389491], [11.1628038741, 51.0032428019], [11.1620031398, 51.0031237137], [11.1618836088, 51.0031055536], [11.1615653494, 51.0030582003], [11.161458942, 51.0030422639], [11.1610341545, 51.0030039534], [11.1608787207, 51.0029890756], [11.1607529043, 51.0029765862], [11.1608377362, 51.0037713898], [11.1609083681, 51.0045604284], [11.1609118838, 51.0045986213], [11.1601023163, 51.0046016467], [11.15998568, 51.0046021662], [11.1589682444, 51.0046076719], [11.1580545972, 51.0046125316], [11.1566586675, 51.0046268155], [11.1566413838, 51.0046277696], [11.1565929456, 51.0046283997], [11.1565570585, 51.005034052], [11.1564664381, 51.0056823391], [11.1563987517, 51.006133409], [11.1563422826, 51.006140813], [11.1562176082, 51.0061560848], [11.1545419298, 51.0063613476], [11.1513241631, 51.0067558708], [11.1512848212, 51.0067607992], [11.1512306574, 51.006767472], [11.149761674, 51.0068671592], [11.1491932835, 51.0069029818], [11.1491193375, 51.0069076576], [11.1481639186, 51.0069689474], [11.1471065529, 51.0070395351], [11.1470786653, 51.0070413636], [11.1468817923, 51.0070527552], [11.1470752049, 51.0074324092], [11.1468922505, 51.0074639834], [11.1468507425, 51.0074711419], [11.1460115501, 51.0076160422], [11.1447405974, 51.0078388612], [11.1441626815, 51.0079361564], [11.1441111749, 51.0079446694], [11.1439675015, 51.007968401], [11.1435377463, 51.0081611891], [11.1433187694, 51.0082785296], [11.1431948414, 51.0083766183], [11.1431210635, 51.0085175027], [11.1430791883, 51.0086652468], [11.1430010411, 51.0091880814], [11.1429914351, 51.0095132007], [11.1430208521, 51.0096861682], [11.1430576609, 51.0098600263], [11.143119193, 51.0100090765], [11.1432093181, 51.0101863272], [11.1433207267, 51.0103444253], [11.1434570461, 51.0104961797], [11.143599229, 51.0106298549], [11.1437635039, 51.0107709643], [11.1439070369, 51.0108886216], [11.1440699856, 51.0109895662], [11.1442455307, 51.0110874472], [11.1444520292, 51.0111828583], [11.1446663128, 51.0112640868], [11.1446494025, 51.0113065], [11.1441899052, 51.0112244123], [11.1439774138, 51.0111845179], [11.1439607576, 51.0112030306], [11.1421274543, 51.0109740203], [11.1404549801, 51.0107606988], [11.1398677332, 51.0107027344], [11.1394992057, 51.0106682197], [11.1393044964, 51.0106502651], [11.1392672488, 51.0106464936], [11.1355066378, 51.0103225737], [11.1338453695, 51.0100987674], [11.132263921, 51.0098529503], [11.1310176708, 51.0097607806], [11.1295438567, 51.0096749227], [11.1281512716, 51.009548338], [11.1267539226, 51.0094300061], [11.1253152975, 51.009227814], [11.1239117593, 51.0089872769], [11.1234617462, 51.0089101492], [11.1234711795, 51.0088889323], [11.1237567934, 51.0082379703], [11.123913936, 51.0078793129], [11.1239536348, 51.0078843299], [11.1251449259, 51.008034829], [11.1255952594, 51.007243387], [11.1256849555, 51.0070384853], [11.125700058, 51.0070027345], [11.1259501647, 51.0064187672], [11.1261358634, 51.0059333114], [11.126145034, 51.0059093811], [11.1244840421, 51.0057207509], [11.1244408678, 51.0057158153], [11.1244492232, 51.0056948967], [11.1248494788, 51.0046873114], [11.1252156407, 51.0039112278], [11.1253982183, 51.0035204884], [11.1254372909, 51.0034440039], [11.1255247463, 51.0032838268], [11.1256780545, 51.0028969671], [11.1254160118, 51.0028479921], [11.1249600463, 51.0027623483], [11.1248167355, 51.002735109], [11.1247762915, 51.0027275715], [11.1249136413, 51.0023630127], [11.1252447899, 51.0014356652], [11.1252580196, 51.0013987289], [11.1252227843, 51.0013928919], [11.1244645628, 51.0012668518], [11.1233566844, 51.0010826351], [11.1230477997, 51.0010311483], [11.1222222689, 51.0008934436], [11.1222435197, 51.0008529461], [11.1222858099, 51.0007723785], [11.1225596814, 51.0002549529], [11.1229398308, 50.999541866], [11.1233487806, 50.9987724899], [11.1238917598, 50.9977534257], [11.1241785138, 50.9972148798], [11.1242330204, 50.9971124421], [11.1242873661, 50.9970101044], [11.1244274683, 50.9967713242], [11.1254663362, 50.9950238944], [11.1258903881, 50.9941170341], [11.1259460294, 50.9940120799], [11.1260332587, 50.9938387564], [11.1262959306, 50.9933167617], [11.126423378, 50.9930634469], [11.1265590656, 50.9927937714], [11.1266300661, 50.992652651], [11.1269202962, 50.9920758115], [11.126937677, 50.9920391753], [11.127024268, 50.9918572528], [11.1269824038, 50.9918490305], [11.1255876615, 50.9914641216], [11.1249888103, 50.9913236359], [11.1243783117, 50.9911816223], [11.1237086199, 50.9909762378], [11.1248574491, 50.9889228266], [11.1256517279, 50.9877478663], [11.1276758691, 50.988231409], [11.1270431852, 50.9892217832], [11.1282421861, 50.9895149644], [11.1298138863, 50.9899098782], [11.1303202598, 50.9900371559], [11.1307409991, 50.9893872161], [11.1313468651, 50.9894574376], [11.1314581289, 50.9894703096], [11.1315593148, 50.9894822079], [11.1318258388, 50.9895107006], [11.1319939919, 50.9895286736], [11.1321074797, 50.9895909918], [11.1333371339, 50.9897079374], [11.1334689592, 50.9897204732], [11.1336605356, 50.9897420288], [11.1347410917, 50.9898436979], [11.135766507, 50.9899318235], [11.1359200554, 50.9899440869], [11.1359449015, 50.9899461255], [11.1372030507, 50.9900517635], [11.1379149875, 50.990103917], [11.1384573802, 50.9901465034], [11.1397292927, 50.9902491406], [11.1409862475, 50.9903595039], [11.1422793055, 50.9904619973], [11.1431906238, 50.9905346768], [11.1432282414, 50.9905376667], [11.1433062083, 50.9905438292], [11.1434587965, 50.9905559771], [11.1435904224, 50.9905664519], [11.1437418448, 50.9905785003], [11.1438395548, 50.9905862805], [11.1436618323, 50.9898988484], [11.1435330598, 50.9894002421], [11.1434505599, 50.9890816287], [11.1434842567, 50.989084167], [11.1435563892, 50.9890895964], [11.1445340653, 50.9891631895], [11.1445927077, 50.9891676014], [11.1453159362, 50.9885307871], [11.146231848, 50.9877243873], [11.1471680365, 50.986900483], [11.1481057478, 50.986075577], [11.1490482611, 50.985252708], [11.1499939175, 50.9844242267], [11.1506407679, 50.9838649926], [11.1506894956, 50.9838715241], [11.151002578, 50.9839201808], [11.1514524159, 50.9839782177], [11.1528123576, 50.9841938006], [11.1539844403, 50.9843759979], [11.1543699256, 50.9844368539], [11.1544387402, 50.984447716], [11.1553773545, 50.9836172274], [11.1563156419, 50.9827871579], [11.1572496003, 50.9819611061], [11.1581726356, 50.9811448583], [11.1581809377, 50.9811375178], [11.1583713961, 50.9809690917], [11.1583073341, 50.9809536786], [11.1582652991, 50.9809908276], [11.1575498129, 50.9807640555], [11.1575629319, 50.9807440527], [11.1577429388, 50.9803709966], [11.1585092606, 50.9805045671], [11.1586765129, 50.980533719], [11.1591433246, 50.9800017333], [11.159643591, 50.9794315065], [11.1597662662, 50.9794646004], [11.161038591, 50.9797825169], [11.161093422, 50.9797963123], [11.1611839589, 50.9798190936], [11.1619677016, 50.9800162877], [11.1625430234, 50.9801408432], [11.1626038829, 50.980154019], [11.1636204083, 50.980375553], [11.1642086785, 50.9805037511], [11.1650760127, 50.9806908148], [11.1651590772, 50.9807108571], [11.164955308, 50.981280196], [11.1648625438, 50.9815393911], [11.1665075782, 50.9817943637], [11.1680163142, 50.9820282135], [11.1679625924, 50.9821115902], [11.1680514664, 50.9821301592], [11.167785507, 50.9825522447], [11.1675142796, 50.9833510693], [11.1672412652, 50.984154819], [11.1672092703, 50.9842489678], [11.1684613799, 50.9844166683], [11.1698265117, 50.9845994694], [11.1705850716, 50.984701036], [11.17063889, 50.9847082434], [11.1705583781, 50.9847907621], [11.1705021278, 50.9848713403], [11.1704468749, 50.9849504889], [11.1704194835, 50.9850372959], [11.170392856, 50.9851216675], [11.1702276491, 50.9856452431], [11.1701917129, 50.9857412387], [11.1701377317, 50.9858376622], [11.1700476802, 50.9859282769], [11.1699469828, 50.9860100289], [11.1698232878, 50.9860923179], [11.1696969995, 50.9861640422], [11.169845046, 50.9861832939], [11.1706372272, 50.9862863005], [11.170960469, 50.9863283356], [11.1716333718, 50.9864158459], [11.1723147341, 50.9865044532], [11.171928637, 50.9875147407], [11.1715536321, 50.9884961012], [11.1715249234, 50.9885712301], [11.1718697733, 50.9886141498], [11.1719769849, 50.9886274929], [11.1725821264, 50.9887079794], [11.1739855511, 50.9888946422], [11.1753775493, 50.9890702515], [11.1753583713, 50.9891007751], [11.1753583713, 50.989100776]]]}, "properties": {"STADTTE_ID": 30, "NAME": "Vieselbach", "DOWNLOADLI": "https://geoportal.erfurt.de/gis/pub/downloads/thematik/stadtteile.zip", "SHAPE_AREA": 7633685.03314}}, {"type": "Feature", "geometry": {"type": "Polygon", "coordinates": [[[11.0754440838, 51.0219574673], [11.0755483287, 51.0219660126], [11.076091139, 51.022010502], [11.0773548402, 51.0221265142], [11.0780538446, 51.0221906719], [11.0781336622, 51.0221984291], [11.0785596382, 51.0222398106], [11.0785718628, 51.0222407874], [11.0786339777, 51.0222457267], [11.0798821795, 51.0223476479], [11.080837736, 51.0224256631], [11.0821472767, 51.0225325633], [11.0821958632, 51.0225376457], [11.0819516943, 51.0231316168], [11.0816620214, 51.0236973549], [11.0813070622, 51.0243923914], [11.0813759306, 51.0243983349], [11.0813994382, 51.0244017195], [11.0825060809, 51.0245036773], [11.083607363, 51.024605142], [11.0836521512, 51.024609269], [11.0836951681, 51.0246114839], [11.0849286173, 51.0246750497], [11.0859488505, 51.0247097704], [11.0860381738, 51.0247128151], [11.0859929126, 51.0249561286], [11.0860571722, 51.0249602352], [11.0875234793, 51.0250543306], [11.0889455058, 51.0251455454], [11.0890239018, 51.0251506153], [11.088955792, 51.0260031136], [11.0889946528, 51.0260064901], [11.0906838202, 51.0261521441], [11.092083604, 51.0262909881], [11.0934356216, 51.0264237005], [11.0936718506, 51.0264501163], [11.0938053472, 51.0264650121], [11.0939827076, 51.0264848495], [11.0949771676, 51.0265960493], [11.0957070498, 51.0266991195], [11.096606974, 51.0268379618], [11.0965816381, 51.0268830443], [11.0964246486, 51.0271623807], [11.0963355286, 51.0273209699], [11.0962359712, 51.0274981393], [11.0961765573, 51.0276038599], [11.0961046429, 51.027755759], [11.0958190921, 51.0283588222], [11.0948706467, 51.0282470605], [11.0938914017, 51.0281316531], [11.0935156507, 51.0288266268], [11.0931403134, 51.0295203272], [11.0923411518, 51.0293977997], [11.0922938034, 51.0294960973], [11.0919949224, 51.0301165854], [11.0916407729, 51.0308251149], [11.0916282338, 51.0308503401], [11.0921638033, 51.0309995016], [11.0931624517, 51.0313491741], [11.0938028163, 51.0315702436], [11.0938708707, 51.0315937016], [11.094005849, 51.0316402141], [11.0950144269, 51.0319977964], [11.0959824937, 51.0323398029], [11.0960291321, 51.0323562898], [11.0956449511, 51.0329568101], [11.0954010916, 51.0333332756], [11.0952543656, 51.0335598784], [11.0952306294, 51.0335965146], [11.0953512393, 51.0336285588], [11.09514846, 51.0339077278], [11.0950140752, 51.0340926004], [11.0950723425, 51.0341063635], [11.0964699888, 51.0344401377], [11.0975112234, 51.0346595818], [11.0978039844, 51.0347068354], [11.0979995322, 51.0347383982], [11.0980767276, 51.0347518388], [11.0983889791, 51.0348059251], [11.0992530761, 51.0349282989], [11.1000947837, 51.0350145292], [11.1009231255, 51.0350680112], [11.1009612866, 51.0350703629], [11.1010130904, 51.0350735477], [11.1010037585, 51.0351425569], [11.1009252883, 51.0357214343], [11.1008988281, 51.0359175529], [11.1008844218, 51.0360211757], [11.1008546971, 51.0361501197], [11.1006505242, 51.0372343399], [11.1005085638, 51.0383081611], [11.1003666197, 51.039385911], [11.1003173951, 51.0398054114], [11.1002450363, 51.0404764541], [11.1002109743, 51.0408580476], [11.1001302449, 51.0415223838], [11.1001240862, 51.0415613671], [11.1000763179, 51.0418642458], [11.0999772606, 51.0424873964], [11.0999511261, 51.0425933739], [11.0999175381, 51.0427564919], [11.0999082993, 51.0427910643], [11.0998859841, 51.0428764864], [11.0998735925, 51.0429464516], [11.0998125158, 51.0432133257], [11.0997773247, 51.0433664085], [11.0997418492, 51.0435217268], [11.0997112257, 51.0436569209], [11.0997001066, 51.0436832987], [11.0996413916, 51.0438229054], [11.0995167325, 51.0441205265], [11.0993315377, 51.0445625219], [11.0992712851, 51.0447055592], [11.0992330094, 51.044790391], [11.0991382448, 51.0449998247], [11.0988004501, 51.0457440426], [11.098765498, 51.0458294037], [11.0986695597, 51.0460646267], [11.0985277927, 51.0464099191], [11.0984177933, 51.0467714383], [11.0984089263, 51.0467970425], [11.0982715977, 51.0472822829], [11.098255311, 51.0473624565], [11.0981688127, 51.0478046709], [11.0981609931, 51.0478365042], [11.0981572153, 51.0478731601], [11.0981043625, 51.0484642228], [11.0980734579, 51.0487854242], [11.097866768, 51.0492764747], [11.0978485396, 51.0493222049], [11.0975779915, 51.0499657121], [11.0977770883, 51.0500122106], [11.0975411531, 51.0506649739], [11.0974914373, 51.0508078686], [11.0974079151, 51.0510479488], [11.0974864601, 51.0510641636], [11.098095758, 51.0511899417], [11.0978899137, 51.0517479321], [11.0978414818, 51.0520645482], [11.0977829318, 51.0524445761], [11.0977742985, 51.0525058153], [11.0977158442, 51.0524996564], [11.0974591206, 51.0524718577], [11.0966088371, 51.0523797825], [11.095717342, 51.0522836332], [11.0948495526, 51.0521934133], [11.0930697124, 51.0520305897], [11.0930762402, 51.0518787962], [11.0930816585, 51.0517444524], [11.0930869839, 51.0515928307], [11.093090311, 51.0515415287], [11.0930910651, 51.0515247429], [11.0929882714, 51.0515209166], [11.0927612186, 51.0515149227], [11.0920141616, 51.0514837328], [11.091614156, 51.0514681685], [11.0905019528, 51.0514307434], [11.0889047318, 51.0513923979], [11.0884564975, 51.0513753053], [11.0880051178, 51.0513607936], [11.0879864744, 51.0513601986], [11.0878636196, 51.0513562479], [11.0876626359, 51.0508392031], [11.0874285606, 51.0501155378], [11.0873598072, 51.0499010368], [11.0873781494, 51.0498838109], [11.0881558218, 51.0482201157], [11.0881047136, 51.0482171268], [11.0880786873, 51.0482135079], [11.084506318, 51.0477035195], [11.0844272512, 51.0476922932], [11.0812645028, 51.0472407838], [11.0806213223, 51.0471489873], [11.0805207532, 51.0471435222], [11.0791644901, 51.0470697501], [11.0765723753, 51.0464603471], [11.0764953018, 51.0464423015], [11.0759477084, 51.0463134767], [11.0745299385, 51.045928412], [11.0744359058, 51.0459027688], [11.073642926, 51.0456874047], [11.0688297982, 51.0447403018], [11.068734352, 51.0447293955], [11.0683307221, 51.0442197792], [11.0680408, 51.0438506794], [11.0678791622, 51.0436427239], [11.0674012778, 51.0430898183], [11.0672307156, 51.0428742215], [11.0669522483, 51.0425222048], [11.0663134651, 51.0415982455], [11.0662299446, 51.041475219], [11.0661983835, 51.0414287161], [11.0661495451, 51.0413373967], [11.0661437716, 51.0413265886], [11.0659967545, 51.0410516713], [11.0657646807, 51.0406065583], [11.065291043, 51.0397500314], [11.0649759777, 51.039158503], [11.0645194125, 51.0383193698], [11.06445577, 51.0382006207], [11.0641656027, 51.0376566232], [11.0640814495, 51.0376535053], [11.0640795938, 51.0376139057], [11.0622882944, 51.0374760661], [11.0611523065, 51.0373847478], [11.0600470021, 51.0372958452], [11.058179783, 51.0371455652], [11.0580455789, 51.0371336369], [11.0570052946, 51.0370508585], [11.0564091036, 51.037003459], [11.0558521894, 51.0369591813], [11.0547067248, 51.0368681533], [11.0535403688, 51.0367801219], [11.0534719936, 51.0367790826], [11.0538779208, 51.0361785987], [11.0540901982, 51.0357281438], [11.0542940502, 51.0351273539], [11.0544828937, 51.0344317115], [11.0545031129, 51.0343635888], [11.0545085464, 51.0343280033], [11.054686367, 51.0335587264], [11.0549122915, 51.0326180337], [11.055117152, 51.0316041834], [11.0553944432, 51.0302321663], [11.0554488456, 51.0295807391], [11.0555365402, 51.0282367762], [11.0556045783, 51.0271982202], [11.0556462267, 51.0267708081], [11.0557113706, 51.0260753329], [11.0557730579, 51.0255300856], [11.0558337479, 51.0253190882], [11.0558758991, 51.0253296352], [11.0561199198, 51.0255164368], [11.0566347846, 51.0261858902], [11.0568898696, 51.0261294047], [11.0569160884, 51.0261253716], [11.0575351218, 51.0260301566], [11.0579754452, 51.0266089894], [11.0602618125, 51.0265664578], [11.0613918405, 51.0265544235], [11.062413255, 51.0265956939], [11.0629119275, 51.0266158381], [11.0629256042, 51.0264235961], [11.0645822108, 51.0264966656], [11.0645896206, 51.0264749642], [11.064853341, 51.0257158737], [11.0650053143, 51.0251385741], [11.0650937767, 51.0251369949], [11.0652175924, 51.0251348221], [11.0651779018, 51.0247728448], [11.0670120164, 51.0247265086], [11.0670389051, 51.0247166739], [11.0668085358, 51.0245006614], [11.0665650565, 51.0240318621], [11.0665136747, 51.0237522573], [11.0665165401, 51.0234646121], [11.0665848779, 51.0231338944], [11.066627874, 51.0231342831], [11.0666997786, 51.023134932], [11.068122823, 51.0231453038], [11.0695666397, 51.0232589874], [11.0696527801, 51.0232657714], [11.0695897105, 51.0223890422], [11.0688155166, 51.0223457556], [11.0686163349, 51.0216006811], [11.0685070933, 51.021248993], [11.0685330227, 51.0212503307], [11.0685461326, 51.021251891], [11.0702245486, 51.0214522747], [11.071175424, 51.0215645989], [11.0712627443, 51.0215777337], [11.0714417563, 51.0215990572], [11.0733210717, 51.0217902395], [11.0743499317, 51.0218706156], [11.0746457826, 51.0218937221], [11.0747444699, 51.0219014333], [11.0753022742, 51.021945856], [11.0754434157, 51.0219574171], [11.0754440838, 51.0219574673]]]}, "properties": {"STADTTE_ID": 28, "NAME": "Schwerborn", "DOWNLOADLI": "https://geoportal.erfurt.de/gis/pub/downloads/thematik/stadtteile.zip", "SHAPE_AREA": 6932569.11487}}, {"type": "Feature", "geometry": {"type": "Polygon", "coordinates": [[[11.0446882334, 51.02482781], [11.0437074865, 51.0248195506], [11.0431392615, 51.0248171595], [11.0431106261, 51.0248169661], [11.0425152172, 51.0248095406], [11.0419304475, 51.024804626], [11.0413633206, 51.0247998579], [11.0410365948, 51.0247971087], [11.0410060144, 51.0247968525], [11.0407223917, 51.0247944644], [11.040197435, 51.0247900458], [11.0401522605, 51.0247896656], [11.0395808525, 51.0247848522], [11.0390161338, 51.0247800918], [11.038387712, 51.0247747918], [11.037788574, 51.0247697358], [11.0371948279, 51.0247651637], [11.0362651287, 51.0247549748], [11.0361696159, 51.0247542105], [11.0358535322, 51.0247531508], [11.0358269347, 51.0246112909], [11.0358065769, 51.0245132786], [11.0357915713, 51.0245143711], [11.0357575728, 51.0245168487], [11.0353612816, 51.0245457259], [11.0316542561, 51.0248159266], [11.0315838459, 51.0248225887], [11.0316020394, 51.024921169], [11.031636235, 51.0251065321], [11.0316896033, 51.0253956973], [11.0317814083, 51.0258929398], [11.0318249918, 51.0261289051], [11.0319269497, 51.0267117413], [11.0320030481, 51.0271303655], [11.0320125169, 51.0271822209], [11.0325197911, 51.0284720424], [11.0326011506, 51.0286792854], [11.0328201523, 51.0292487036], [11.0329414734, 51.0295528813], [11.0329672815, 51.0296191847], [11.0330940241, 51.0299361647], [11.0331756653, 51.0301373074], [11.0331337817, 51.0301776605], [11.0326921212, 51.030603161], [11.0324627836, 51.0308218671], [11.0324774662, 51.0308541227], [11.0324925166, 51.0308809938], [11.0329019482, 51.0309988719], [11.0341319022, 51.0311603631], [11.0342169034, 51.0311557783], [11.0350846754, 51.0311546492], [11.035332698, 51.0311543249], [11.0357489199, 51.0311537806], [11.0360468317, 51.0311533894], [11.0361865245, 51.0311532066], [11.0365804008, 51.0311532063], [11.0373644507, 51.0311531996], [11.0373957911, 51.0311529003], [11.037497236, 51.0311542482], [11.0377265583, 51.031158427], [11.0378092089, 51.0313611957], [11.037993848, 51.0317996179], [11.0381387078, 51.032143342], [11.0383349654, 51.0326090105], [11.0385387214, 51.0330924676], [11.0385403406, 51.0330963102], [11.0391035505, 51.0343980071], [11.0400685039, 51.036617362], [11.0401009322, 51.0366291125], [11.0398714832, 51.0366280279], [11.0396643888, 51.0366255714], [11.038338424, 51.0366014971], [11.0375591865, 51.0365778463], [11.0361643009, 51.0365375018], [11.0357945915, 51.0365268068], [11.0341297384, 51.0365812646], [11.0326175582, 51.0366866633], [11.030392879, 51.0367434411], [11.0303944862, 51.0367177885], [11.0304386467, 51.0364906417], [11.0298362178, 51.0364247503], [11.0300213324, 51.0358787256], [11.0301448579, 51.0358881286], [11.0301481769, 51.0354986759], [11.0301518849, 51.03506526], [11.0301444957, 51.034669759], [11.030160668, 51.0340365562], [11.0301629127, 51.0337738323], [11.0301629201, 51.0337105665], [11.0301656974, 51.0334646299], [11.0300886589, 51.0334529252], [11.0301358772, 51.0331965607], [11.0302215169, 51.0327315814], [11.0303236595, 51.0321717049], [11.0303484398, 51.0320423596], [11.0312165609, 51.030505119], [11.0311509185, 51.0304912626], [11.0301771107, 51.0302857178], [11.0301410189, 51.0302780924], [11.0301321915, 51.0302283816], [11.0301313081, 51.0302009574], [11.0301133281, 51.0296660005], [11.029863808, 51.0290489855], [11.0296456874, 51.028455692], [11.0296326761, 51.0284234025], [11.0296573947, 51.0280421808], [11.0287118348, 51.0279855841], [11.0279263729, 51.0276403927], [11.0271851959, 51.0271337151], [11.02646342, 51.0267114756], [11.0261368689, 51.0263032488], [11.0260305168, 51.025901971], [11.0261357554, 51.0253932827], [11.0259986651, 51.0250498517], [11.0259568109, 51.024944996], [11.0258088797, 51.0245743232], [11.0255625139, 51.0242038821], [11.0255592657, 51.0241841651], [11.0245445703, 51.0242629376], [11.0236743458, 51.0243305027], [11.0236339595, 51.0243367757], [11.0225576077, 51.0245040198], [11.0215583484, 51.0245766452], [11.0210280089, 51.0231279317], [11.0207483012, 51.0231500385], [11.0206662822, 51.0231565207], [11.0191837399, 51.0233499674], [11.0190286451, 51.0233971981], [11.0186169588, 51.0229587807], [11.0170519962, 51.0235394968], [11.0168792916, 51.0233612402], [11.0167607578, 51.0234389303], [11.0165659678, 51.0235205818], [11.0163487337, 51.0231398149], [11.0163185691, 51.0230869386], [11.0162364965, 51.0229430678], [11.0158949367, 51.0231780025], [11.0157562355, 51.0232321031], [11.0143316945, 51.023710334], [11.0144521108, 51.02293318], [11.0144257985, 51.0226935734], [11.0146240047, 51.0222318447], [11.0155857351, 51.0224253359], [11.0163477175, 51.0221653248], [11.018004518, 51.0215999464], [11.0180311789, 51.021690361], [11.0181228681, 51.0217452452], [11.0217265645, 51.0211899187], [11.0236072078, 51.0209529832], [11.0260988299, 51.0207520838], [11.0279167106, 51.020609907], [11.0277462004, 51.0197506865], [11.0276452044, 51.0192417448], [11.0275582677, 51.0188024593], [11.0275533652, 51.0187776815], [11.027213683, 51.0170330097], [11.027223021, 51.0169222402], [11.0272869204, 51.0161912529], [11.0273817092, 51.0159279844], [11.0274392103, 51.0158070965], [11.0275062758, 51.0157067766], [11.0275968681, 51.0155991743], [11.0275985218, 51.0155972093], [11.0277209066, 51.0154273407], [11.0278660734, 51.0151470364], [11.0279991194, 51.0149164596], [11.0280494873, 51.0147271134], [11.0280628445, 51.0145900952], [11.0280374275, 51.0143301012], [11.0279303166, 51.0137636433], [11.0279075516, 51.0136432511], [11.027824171, 51.0132022858], [11.0277765454, 51.0128148127], [11.026985319, 51.012874074], [11.0258191646, 51.0129614063], [11.0254794755, 51.012989473], [11.0250867142, 51.0130219233], [11.0243813695, 51.0130801959], [11.0234657998, 51.0131537252], [11.0222535216, 51.0132586452], [11.0215671703, 51.0132980001], [11.0207171777, 51.0133089237], [11.0200959369, 51.0133082289], [11.019825424, 51.0132969415], [11.0191480168, 51.0132506753], [11.0182647034, 51.013148562], [11.0175101931, 51.0130339952], [11.0170891892, 51.012963198], [11.016682139, 51.0128811763], [11.0167000374, 51.0128183219], [11.016649265, 51.0127913317], [11.0165960169, 51.012781706], [11.0165368876, 51.0127678694], [11.0164924068, 51.0127473503], [11.0164628925, 51.0127117027], [11.0164463007, 51.0126297171], [11.0164500248, 51.0125802625], [11.0164659285, 51.01253886], [11.01654466, 51.0124922484], [11.0165988262, 51.0124953738], [11.0166367026, 51.012507043], [11.0166819504, 51.0125286847], [11.0167623738, 51.0125900087], [11.0168119837, 51.0126213934], [11.016859574, 51.0126289672], [11.0169096142, 51.0126265023], [11.0169222692, 51.0126142935], [11.0169446641, 51.0125254894], [11.016987048, 51.012434804], [11.0170100009, 51.0123162537], [11.0170268814, 51.0122325849], [11.0170485465, 51.0121259204], [11.0171347311, 51.012077228], [11.0171813616, 51.0120508727], [11.0172149267, 51.0120192146], [11.017222808, 51.0119590378], [11.0172341283, 51.0118734387], [11.0172556963, 51.0118415211], [11.017339257, 51.0118070208], [11.0174303227, 51.0118138867], [11.017503069, 51.0118120555], [11.0175739717, 51.0117928102], [11.0176375378, 51.0117480112], [11.0176967241, 51.0117041971], [11.0177658402, 51.0116530308], [11.0177868668, 51.0115857603], [11.0177578933, 51.0115357121], [11.0177177213, 51.0115079619], [11.0177124145, 51.0114518217], [11.017698718, 51.0113623162], [11.0176990122, 51.0112992693], [11.0177706049, 51.0112367579], [11.017813899, 51.0111920941], [11.0178567965, 51.0111326155], [11.0178789258, 51.0110968306], [11.0178430464, 51.0110707151], [11.0177820736, 51.0110317422], [11.017748181, 51.0110100793], [11.0183567483, 51.0106122148], [11.0197032585, 51.0097454528], [11.0209294255, 51.0089913449], [11.0209909289, 51.0090467536], [11.0215996429, 51.0094976241], [11.0216905382, 51.009612568], [11.0217228153, 51.0097417543], [11.0218827632, 51.010619818], [11.0219098291, 51.0107194946], [11.0219788756, 51.0107642722], [11.0220504283, 51.0108153378], [11.0224709384, 51.0107848491], [11.023885413, 51.0106841835], [11.0254079262, 51.0105648461], [11.0266028429, 51.01047368], [11.0284528513, 51.0103328919], [11.0300150663, 51.0102290113], [11.031496318, 51.0101200687], [11.0330430476, 51.0100070967], [11.0332055881, 51.0099953168], [11.0334499755, 51.0099800775], [11.0334431908, 51.0099437686], [11.0333656825, 51.0095284768], [11.0333102422, 51.0092313938], [11.0333477781, 51.009246258], [11.0334088825, 51.0092610734], [11.0334618381, 51.0092730178], [11.0334866555, 51.0092787059], [11.033570473, 51.009297638], [11.0337394199, 51.0093292194], [11.0339089015, 51.0093521942], [11.0340809449, 51.0093664696], [11.0342558038, 51.0093692719], [11.0344279309, 51.0093644095], [11.034601489, 51.0093536805], [11.0347714371, 51.0093363319], [11.03494145, 51.0093110558], [11.0351075592, 51.0092817013], [11.0352711424, 51.0092455843], [11.0354276874, 51.0092004827], [11.0354709821, 51.0091863762], [11.0358511436, 51.0090629803], [11.0359712144, 51.0090238793], [11.0361806458, 51.0089555801], [11.0361988783, 51.0089496089], [11.0362415263, 51.0089791029], [11.0362702289, 51.0090064056], [11.0363037104, 51.0090381433], [11.0365568349, 51.0092778576], [11.0369832765, 51.009685253], [11.0370287609, 51.0096802885], [11.0371758831, 51.0097210828], [11.037205187, 51.0097229496], [11.0378084617, 51.0096039729], [11.0402240968, 51.0091567289], [11.0405093652, 51.0091019052], [11.0407165834, 51.00906208], [11.0414547222, 51.0089202169], [11.041888078, 51.008844878], [11.0420127758, 51.0088246854], [11.0432588475, 51.0086228939], [11.0432031513, 51.0080907583], [11.0429632553, 51.0057985906], [11.0429181706, 51.0049636462], [11.0429399963, 51.0047865971], [11.0428190543, 51.0047831706], [11.0428823402, 51.0041130923], [11.0430092674, 51.0035581979], [11.0431917624, 51.0029759608], [11.0435314562, 51.0022386532], [11.0442895423, 51.0006128287], [11.0447795332, 50.9995619123], [11.0449089074, 50.9995876858], [11.048377186, 51.0002094859], [11.0518755687, 51.0008703482], [11.0551227898, 51.0015008985], [11.0576908815, 51.0019657725], [11.0622849956, 50.9999793491], [11.0654783535, 51.0006014542], [11.0676329474, 51.0009802607], [11.0668669865, 51.0019027491], [11.0664339216, 51.0024242671], [11.0657188987, 51.0032853249], [11.0650831124, 51.0043301367], [11.0650456146, 51.0043917537], [11.0649728163, 51.0045113836], [11.0649311634, 51.0045962139], [11.0644608093, 51.0053693103], [11.0640088085, 51.0061123758], [11.0662206251, 51.0064847167], [11.0662961319, 51.0064974281], [11.0661857588, 51.006708764], [11.0660316886, 51.0070037975], [11.0659589305, 51.0071431594], [11.0659353104, 51.0071368931], [11.0657113039, 51.0075659785], [11.065588255, 51.0078074609], [11.0654829275, 51.008040317], [11.0654019955, 51.0082229424], [11.0653103423, 51.0084178198], [11.0652580359, 51.0085290507], [11.0652444828, 51.0086709402], [11.065228034, 51.0088429864], [11.065224357, 51.0088813871], [11.0651956992, 51.0091805664], [11.0651989473, 51.0092200813], [11.0652069834, 51.0093177924], [11.065162227, 51.0093065322], [11.064745947, 51.0099532188], [11.0653239332, 51.0101197511], [11.0653104629, 51.0103428891], [11.0650885762, 51.0109002099], [11.0648242363, 51.0118712046], [11.0648550247, 51.0133902563], [11.0648239519, 51.0133791066], [11.0648132876, 51.0134079275], [11.0648304299, 51.0134545122], [11.0650897444, 51.0141592916], [11.0652945205, 51.0145228896], [11.0650872173, 51.014936831], [11.0651166226, 51.014934685], [11.0652272966, 51.0151468698], [11.0651414908, 51.0153142081], [11.065110818, 51.0153740188], [11.0649581756, 51.0156716574], [11.0648026463, 51.0162700778], [11.0646442363, 51.0167058872], [11.0653659589, 51.016806423], [11.0662893135, 51.0169350373], [11.0659566318, 51.0176153119], [11.0670270137, 51.0177235285], [11.0669599556, 51.0183762423], [11.0669301643, 51.0186662538], [11.0677483546, 51.018772476], [11.067850375, 51.0203783519], [11.0680406302, 51.0203906803], [11.0680585173, 51.0208548335], [11.0684328598, 51.0208940496], [11.0685070919, 51.0212489921], [11.0686163348, 51.0216006803], [11.0688155152, 51.0223457547], [11.0695897104, 51.0223890413], [11.0696527786, 51.0232657705], [11.0695666383, 51.0232589874], [11.0681228215, 51.0231453038], [11.0666997785, 51.0231349311], [11.0666278725, 51.0231342822], [11.0665848779, 51.0231338944], [11.0665165387, 51.0234646112], [11.0665136762, 51.0237522573], [11.0665650579, 51.0240318603], [11.0668085358, 51.0245006605], [11.0670389037, 51.0247166731], [11.0670120149, 51.0247265086], [11.0651779018, 51.0247728448], [11.0652175924, 51.0251348212], [11.0650937753, 51.025136994], [11.065005313, 51.025138575], [11.0648533395, 51.0257158729], [11.0645896206, 51.0264749633], [11.0645822108, 51.0264966656], [11.0629256042, 51.0264235952], [11.062911926, 51.0266158372], [11.0624132535, 51.026595693], [11.0613918406, 51.0265544244], [11.0602618125, 51.0265664578], [11.0579754438, 51.0266089885], [11.0575351218, 51.0260301557], [11.0569160855, 51.0261253716], [11.0568898696, 51.0261294038], [11.056634786, 51.0261858893], [11.0561199184, 51.0255164368], [11.0558758991, 51.0253296343], [11.0558337479, 51.0253190882], [11.0557730565, 51.0255300856], [11.0557113691, 51.026075332], [11.0556462253, 51.0267708073], [11.0556045768, 51.0271982193], [11.0555365401, 51.0282367753], [11.0554488442, 51.0295807391], [11.0553944417, 51.0302321654], [11.0551171534, 51.0316041824], [11.0549122901, 51.0326180337], [11.054686367, 51.0335587255], [11.054508545, 51.0343280034], [11.0545031128, 51.0343635879], [11.0544828923, 51.0344317115], [11.0542940488, 51.0351273539], [11.0540901967, 51.0357281429], [11.0538779208, 51.0361785987], [11.0534719936, 51.0367790826], [11.0533376196, 51.0367797105], [11.0520482076, 51.0368083513], [11.0506119018, 51.0368687327], [11.0491591294, 51.0369304608], [11.0476820265, 51.0369952855], [11.0466969318, 51.0370344711], [11.0465377464, 51.0370420481], [11.0462982783, 51.0370531294], [11.0457612265, 51.037006183], [11.0457854686, 51.036971821], [11.0459375578, 51.0366817253], [11.0460540881, 51.0363041352], [11.0460724223, 51.036245056], [11.0460718667, 51.0362158373], [11.046068607, 51.036041871], [11.0460680854, 51.0360187656], [11.0460539687, 51.0359069152], [11.0460195064, 51.0356347138], [11.0460073524, 51.0355384312], [11.0460101138, 51.0352301267], [11.0459941945, 51.0350964201], [11.0459575426, 51.0347837496], [11.0459292555, 51.0345302061], [11.0459243341, 51.0344852198], [11.0458712114, 51.0340094431], [11.0458056827, 51.0334310889], [11.0456382682, 51.0319818377], [11.0456353442, 51.0319567363], [11.0456301254, 51.0319132751], [11.0455724135, 51.031425955], [11.0454992579, 51.031099602], [11.0454534039, 51.0308827686], [11.0454149455, 51.0306655466], [11.0453854914, 51.0304411996], [11.0453664691, 51.0302082366], [11.0453642698, 51.0301694657], [11.0453582253, 51.0300649377], [11.0453233259, 51.0294141451], [11.0453036321, 51.0289908666], [11.0452558456, 51.0287842576], [11.0452424339, 51.0286676496], [11.0452142526, 51.0284224662], [11.0451978017, 51.0282479618], [11.0451792816, 51.0281147618], [11.0451614756, 51.0279867009], [11.0451486368, 51.027855265], [11.0451372615, 51.0277219534], [11.0451221162, 51.027584836], [11.0451031667, 51.027446599], [11.0450411727, 51.0268954149], [11.0449809031, 51.026419266], [11.0449351769, 51.0260324086], [11.0449235428, 51.025953389], [11.0448267555, 51.0252156072], [11.0446882334, 51.02482781]]]}, "properties": {"STADTTE_ID": 9, "NAME": "Hohenwinden", "DOWNLOADLI": "https://geoportal.erfurt.de/gis/pub/downloads/thematik/stadtteile.zip", "SHAPE_AREA": 8213000.60682}}, {"type": "Feature", "geometry": {"type": "Polygon", "coordinates": [[[11.0167387213, 50.9621602342], [11.016663811, 50.9617946262], [11.0163134657, 50.9612249682], [11.015330318, 50.9608187884], [11.0108833669, 50.9596898104], [11.0103711517, 50.9595081454], [11.0100128142, 50.9594767383], [11.0091665262, 50.9591787518], [11.0081933292, 50.9585672173], [11.00768485, 50.9583107073], [11.0066820299, 50.9578560081], [11.0065397741, 50.9577937361], [11.0054053208, 50.957297122], [11.0054484108, 50.957005942], [11.0055378213, 50.9567612381], [11.005664464, 50.956744572], [11.005726745, 50.956785026], [11.0057603373, 50.9568548102], [11.0057875445, 50.9568949665], [11.0058246086, 50.9569115482], [11.0058890974, 50.9568735832], [11.005930596, 50.9567445319], [11.0059632489, 50.956642995], [11.0060169154, 50.9564761013], [11.0061361685, 50.9561195961], [11.0062338701, 50.9558273632], [11.0062735106, 50.9557088034], [11.0063024774, 50.9556221513], [11.0063526381, 50.9554721351], [11.0063662612, 50.9554335329], [11.0064213245, 50.9552807145], [11.0064760109, 50.9551301311], [11.0065313925, 50.9549794962], [11.0065858664, 50.9548301738], [11.0065006503, 50.9548166144], [11.0065609905, 50.9543507422], [11.0070469524, 50.9542389841], [11.0069841002, 50.9538309669], [11.0068547308, 50.9530252933], [11.0068216477, 50.952822677], [11.0073297527, 50.9527193139], [11.0079438956, 50.9525921766], [11.0085302617, 50.9524695333], [11.0093984946, 50.9521922638], [11.0096326923, 50.9521119868], [11.0099558815, 50.9517769979], [11.0101571025, 50.9514622728], [11.0098775736, 50.9513101424], [11.0096967512, 50.9511366789], [11.0096451205, 50.9510869915], [11.0092998188, 50.9507244552], [11.0088351888, 50.9500031605], [11.0085325233, 50.9496749989], [11.007901363, 50.9489898718], [11.0077659077, 50.9488413579], [11.0077517823, 50.9488256523], [11.0074373068, 50.9484710561], [11.0068144416, 50.94795298], [11.0062545234, 50.9474079943], [11.0057907761, 50.946965885], [11.0053389972, 50.9466215341], [11.0048479289, 50.9463758948], [11.0042803763, 50.9460901866], [11.0041959223, 50.9460510281], [11.0038740086, 50.9459030646], [11.0034752228, 50.945667022], [11.0031957668, 50.9455261148], [11.0031781858, 50.9455238164], [11.0035870967, 50.9455122926], [11.0041194982, 50.9455349785], [11.0044448659, 50.9454575669], [11.0047118444, 50.9454057432], [11.0048531187, 50.945376113], [11.0049498009, 50.9453556854], [11.0049653587, 50.9453360772], [11.0050743738, 50.9451503797], [11.0052590385, 50.9449716182], [11.0053683717, 50.9447282292], [11.005434987, 50.94446684], [11.0054089551, 50.9444651539], [11.0053610223, 50.9444556219], [11.0053238429, 50.944448231], [11.0052836468, 50.9444402389], [11.0052071346, 50.9444250343], [11.0051290631, 50.9444095193], [11.0049543051, 50.9443747804], [11.0048785917, 50.9443595097], [11.0046661416, 50.9443154068], [11.0044418774, 50.9442681903], [11.0038700756, 50.9441463053], [11.003274072, 50.9440184392], [11.0024641604, 50.9438372093], [11.0020046111, 50.9437336489], [11.0017972154, 50.9436830038], [11.0015451917, 50.9436200745], [11.0012109946, 50.9434869103], [11.0010626255, 50.9434407229], [11.0008426991, 50.9433607358], [11.0005559555, 50.9432542511], [11.0001179861, 50.9430843293], [11.0005913381, 50.9424110012], [11.0010684041, 50.9417323541], [11.0015550088, 50.9410401317], [11.0016352893, 50.940932749], [11.0016670967, 50.9408884968], [11.0017149884, 50.9408226457], [11.0019102165, 50.9403304993], [11.0021376839, 50.9395937127], [11.002285808, 50.9387739605], [11.0022909906, 50.9387457968], [11.0023017241, 50.9387156033], [11.0020058963, 50.9387409354], [11.001882541, 50.9387512081], [11.0013335391, 50.9387433813], [11.0011696291, 50.9387200464], [11.0003806009, 50.9386039907], [10.9997312335, 50.9384910488], [10.9992348581, 50.9384011135], [10.9994226515, 50.9379953006], [10.9994884564, 50.9379287055], [10.9997927773, 50.9375992646], [11.0000060032, 50.9376347092], [11.0006289809, 50.9362731297], [11.0012111079, 50.9363544254], [11.0014260723, 50.9362140517], [11.0026903272, 50.9364092989], [11.0031369061, 50.9364953873], [11.0032553176, 50.9364205727], [11.0036612361, 50.9361636688], [11.0040665212, 50.9358589358], [11.0040684946, 50.9358586519], [11.0041533883, 50.9358464784], [11.0041923132, 50.9358412692], [11.0044442054, 50.9358851956], [11.0046941751, 50.9359287237], [11.0047871364, 50.9359470943], [11.0052338279, 50.936045602], [11.0057301646, 50.9360739242], [11.0058205719, 50.9360823107], [11.0065510072, 50.9360882911], [11.0067302517, 50.9360791023], [11.0069999935, 50.9360656116], [11.0077841736, 50.9360372817], [11.0078716653, 50.9360312099], [11.0081050137, 50.9359854561], [11.0083483558, 50.9359377402], [11.0084063439, 50.9359263755], [11.0087000192, 50.9358687919], [11.0089767806, 50.9358445039], [11.0092261239, 50.9358598323], [11.0097013172, 50.9358717705], [11.0100408824, 50.9359313365], [11.0103798203, 50.9359904256], [11.0107216475, 50.9360436874], [11.0108286762, 50.9360603592], [11.0108429428, 50.9360625805], [11.0108818324, 50.9360686397], [11.0111287689, 50.9361071167], [11.0118851137, 50.9362871075], [11.0120221508, 50.9363197106], [11.0120703771, 50.9363311927], [11.0122338301, 50.9363571597], [11.012467718, 50.9364154365], [11.0125257962, 50.9364299323], [11.0125418308, 50.9364339333], [11.0126379198, 50.9364579556], [11.012686554, 50.9364709962], [11.013600086, 50.9368092005], [11.014401435, 50.9370418171], [11.01518449, 50.937311165], [11.0154480468, 50.9373817136], [11.0159140084, 50.9374467645], [11.0162961452, 50.9374944429], [11.0165275488, 50.9375232415], [11.0168621784, 50.9376048653], [11.0171976925, 50.9377310027], [11.0172958719, 50.9377844243], [11.0173838357, 50.9378762178], [11.0174880082, 50.9381592826], [11.0175565174, 50.9383108725], [11.01782706, 50.9384550032], [11.0181838319, 50.9386259118], [11.0186029844, 50.9387204926], [11.0192720768, 50.938985009], [11.019864962, 50.9391028616], [11.0200402803, 50.939103269], [11.0203301553, 50.9389096547], [11.0205893326, 50.9388212142], [11.0215338088, 50.9386578806], [11.0226491218, 50.9384849429], [11.0232384186, 50.9384242158], [11.024910569, 50.9380615295], [11.025448225, 50.937951572], [11.0256946298, 50.9378762369], [11.0259011104, 50.9377579447], [11.0264076651, 50.937577175], [11.0267070399, 50.9374282721], [11.0268912547, 50.9372468211], [11.0270837559, 50.9370372474], [11.0273340311, 50.9366392185], [11.0273802753, 50.9363488921], [11.0273879204, 50.9362468727], [11.0271153241, 50.936016411], [11.0269139494, 50.9359066386], [11.0265124883, 50.935694367], [11.0262150811, 50.9354184263], [11.0261073217, 50.9352673004], [11.0257927679, 50.9350497972], [11.0254619024, 50.9348663387], [11.0252236445, 50.9346710019], [11.0251428648, 50.9345656484], [11.0248864788, 50.9342828103], [11.024530585, 50.9339203599], [11.0242513206, 50.9336359908], [11.0239928795, 50.9333571347], [11.0236204197, 50.9331543884], [11.0233899495, 50.9329507573], [11.0233247471, 50.9328549384], [11.0232414267, 50.9327484215], [11.0230132393, 50.9323203236], [11.0227552885, 50.9320073907], [11.0226773507, 50.9317369706], [11.0226794482, 50.9316522095], [11.0226959893, 50.9309451892], [11.0226658721, 50.9308135676], [11.0226506126, 50.9307468474], [11.0225905747, 50.9305285642], [11.0226860447, 50.9301135164], [11.0227717144, 50.9297037136], [11.0234372645, 50.9299774794], [11.0234374062, 50.9299774968], [11.0239364706, 50.9300374374], [11.0240967437, 50.9300569611], [11.0250150511, 50.9301796719], [11.0251386319, 50.9302056209], [11.0252768288, 50.9302346852], [11.0253758651, 50.9302555394], [11.0258851622, 50.930362542], [11.0263894609, 50.9304576351], [11.0264573012, 50.9304711002], [11.0266029982, 50.9305000273], [11.0266775925, 50.930514331], [11.0269200827, 50.9305592913], [11.0272824236, 50.9305326461], [11.0273393856, 50.9305285423], [11.0275134227, 50.930516229], [11.0283441592, 50.9302328329], [11.0292853901, 50.9299189062], [11.029915009, 50.9298027624], [11.0303865619, 50.9298562261], [11.0306303762, 50.9298516305], [11.0308751901, 50.9298474057], [11.0310344574, 50.9298450303], [11.0311583256, 50.9298436134], [11.0312070517, 50.9298431253], [11.0318050704, 50.9298380563], [11.0325671551, 50.9298373667], [11.0329315094, 50.9299315963], [11.0331990314, 50.9300005932], [11.0340303901, 50.93021189], [11.0340087753, 50.9302592249], [11.0339063512, 50.9304852117], [11.0341334449, 50.9305224973], [11.0344238553, 50.9305728684], [11.0345887827, 50.9306025927], [11.0347700536, 50.9306367068], [11.0349873493, 50.9306614857], [11.0355907982, 50.9307271818], [11.035882085, 50.9308115673], [11.0365488267, 50.9310135389], [11.0374480696, 50.9312406793], [11.0378008083, 50.9312942955], [11.0381956381, 50.931361724], [11.0384547141, 50.9314018217], [11.0395910972, 50.9315994986], [11.0399215966, 50.9322444751], [11.0399428519, 50.9322853383], [11.0399885708, 50.9323788453], [11.0400258719, 50.9324462817], [11.0403042725, 50.9328562672], [11.0404750266, 50.9337817061], [11.0409980652, 50.9337385244], [11.0411569515, 50.9343026597], [11.0411647343, 50.9347081508], [11.0410186768, 50.9352090827], [11.0408163483, 50.9356402424], [11.0405519548, 50.9362130367], [11.0405321554, 50.9362556436], [11.0405149001, 50.9364097135], [11.0405249364, 50.9366446397], [11.0405432761, 50.9370368026], [11.0405527394, 50.9373895823], [11.041279674, 50.9376177801], [11.0414341869, 50.9376644522], [11.0414599484, 50.9376722058], [11.0419394521, 50.9378432386], [11.0423452679, 50.9379668764], [11.0423703082, 50.9379744707], [11.0425376448, 50.9380250576], [11.0425698278, 50.9380374572], [11.0429650927, 50.9382026983], [11.0437190369, 50.9385949314], [11.0444754113, 50.9389248406], [11.0454157147, 50.9393349621], [11.0456518431, 50.9394366435], [11.0461885594, 50.9396278664], [11.0465583712, 50.9397602125], [11.0483236324, 50.9405879915], [11.0483713424, 50.9406582078], [11.0483745401, 50.9407699794], [11.0482066598, 50.9413447309], [11.047998443, 50.9420303248], [11.0478945033, 50.9428273539], [11.047889671, 50.9428766031], [11.0478703968, 50.9431754281], [11.0478501727, 50.9438226137], [11.0479029994, 50.9447548955], [11.0479527882, 50.9455851952], [11.0479806716, 50.9456837832], [11.0480340478, 50.9458718768], [11.0481711208, 50.9463515531], [11.0482721898, 50.9470497968], [11.0482847329, 50.9471366894], [11.0483340717, 50.9471301694], [11.0483615328, 50.9472167795], [11.0485056877, 50.9476712259], [11.0485500153, 50.947810659], [11.0485699847, 50.9478724789], [11.048633698, 50.9480654301], [11.0484218787, 50.9486955677], [11.0481672109, 50.9494390963], [11.0483506766, 50.9495942971], [11.0483604857, 50.9496121575], [11.0483690376, 50.9496579925], [11.0484835496, 50.9502376565], [11.0484992885, 50.9503170875], [11.0485357755, 50.9505003327], [11.0485629527, 50.9506347245], [11.0485686034, 50.9506639854], [11.0485885385, 50.9507687007], [11.0486140486, 50.9508994315], [11.0486389875, 50.9510263635], [11.0486525176, 50.9510950228], [11.04864356, 50.9512527767], [11.0497132917, 50.9516060254], [11.0512364636, 50.9521277704], [11.0520240524, 50.9523889735], [11.0536329347, 50.9528958243], [11.0544522145, 50.9531653908], [11.0547395918, 50.9532198344], [11.0572034458, 50.9536566852], [11.0574084191, 50.953710458], [11.0574883716, 50.9538327142], [11.0574307974, 50.9539625474], [11.0572371017, 50.9540304774], [11.0568118387, 50.9540009869], [11.0560970837, 50.9540212773], [11.0546806054, 50.9540966948], [11.0543483175, 50.9542243043], [11.0539739434, 50.9543950049], [11.0535613572, 50.9544177249], [11.0533268016, 50.9544679443], [11.0531860978, 50.9546318487], [11.0531497461, 50.954882018], [11.0531381896, 50.954961547], [11.0533875303, 50.9562403426], [11.0533972658, 50.956290272], [11.0533518638, 50.9563033821], [11.0532816377, 50.9563236605], [11.0529221693, 50.9564274589], [11.0529230738, 50.9564320523], [11.0529250468, 50.9564468995], [11.0529521128, 50.9565858196], [11.0531842694, 50.9577952753], [11.0532002193, 50.95788102], [11.0532790214, 50.9582899481], [11.0532873896, 50.9583334341], [11.0530697131, 50.9584031333], [11.0526423125, 50.9585430057], [11.0524397348, 50.9586090556], [11.052030299, 50.9587405245], [11.051937749, 50.9587705183], [11.0516182422, 50.9588739996], [11.051601767, 50.958879259], [11.0510555957, 50.9590490968], [11.0509374383, 50.9590836452], [11.0509098421, 50.9590912234], [11.0508712674, 50.9591011852], [11.0508647153, 50.9591027681], [11.050794522, 50.9591185763], [11.0506551238, 50.959147774], [11.0504143392, 50.9591945217], [11.0502406763, 50.9592260474], [11.0501085398, 50.9592487674], [11.0499737243, 50.959270963], [11.0498830185, 50.9592854176], [11.0497852973, 50.9593005429], [11.0496425401, 50.9593220089], [11.0495012952, 50.9593425694], [11.0494270105, 50.9593530218], [11.0493639961, 50.9593616062], [11.0491665286, 50.9593877589], [11.0490787728, 50.9594026953], [11.0488940518, 50.9594348034], [11.0488706511, 50.9594389995], [11.0488131591, 50.9594496245], [11.0484486931, 50.9595188229], [11.0483667345, 50.9594931663], [11.0482644384, 50.9589165021], [11.0481503662, 50.958288664], [11.0481410386, 50.9582376937], [11.04811218, 50.9580801168], [11.0480853299, 50.9579340779], [11.0480095987, 50.9579208553], [11.0479278578, 50.9579067498], [11.0478852349, 50.9578994804], [11.0475610402, 50.9578448085], [11.0474673849, 50.9578290525], [11.047277781, 50.9577967118], [11.0470076682, 50.9577507043], [11.0467652658, 50.9577093971], [11.0463388384, 50.9576366073], [11.0458748525, 50.9575572637], [11.0455067833, 50.9574898158], [11.0454172004, 50.9574737305], [11.0452367004, 50.9574420409], [11.0449254267, 50.9573885429], [11.04464246, 50.9573403313], [11.044607486, 50.9573381144], [11.0445751005, 50.9573448719], [11.0445423789, 50.9573623028], [11.0444406437, 50.9575148851], [11.0442887135, 50.9577397296], [11.0441705108, 50.9579160278], [11.0440399436, 50.9581117575], [11.0439370302, 50.9582666722], [11.0439110257, 50.9583055685], [11.0437972257, 50.9584763417], [11.0436686736, 50.9586692872], [11.043564026, 50.958825724], [11.0434888289, 50.9589383602], [11.0434088118, 50.9590582505], [11.0433270305, 50.9592002585], [11.0432324283, 50.9593670697], [11.0431340339, 50.9595438008], [11.0430251212, 50.9597420661], [11.0430118579, 50.9597647987], [11.0429732893, 50.9598304911], [11.0429381298, 50.9599013438], [11.0429034, 50.9599713454], [11.0428979586, 50.9599833555], [11.0428790978, 50.9600222057], [11.0428620233, 50.960057303], [11.0428456473, 50.960090924], [11.0428208768, 50.9601437756], [11.0427958823, 50.9601972004], [11.0427354788, 50.9603266177], [11.0426916799, 50.9604161333], [11.0426542311, 50.9604944548], [11.0426234459, 50.9605587904], [11.0426127956, 50.9605804574], [11.0425859998, 50.9606362674], [11.0425825663, 50.9606433138], [11.0425568588, 50.9606960495], [11.0425506175, 50.9607088533], [11.0425388898, 50.9607344658], [11.0424959794, 50.9608271442], [11.0424352925, 50.9609584468], [11.0424244968, 50.9609726155], [11.0424091171, 50.9610069178], [11.0423864464, 50.961057306], [11.0423578005, 50.9611200402], [11.0423559268, 50.9611246274], [11.0423387531, 50.9611589421], [11.0423248346, 50.9611907491], [11.0423003921, 50.9612463001], [11.0422932118, 50.961262538], [11.0422665666, 50.9613227729], [11.0422403746, 50.961382435], [11.0421869611, 50.961503289], [11.0421500519, 50.9615885279], [11.0421317173, 50.961630834], [11.0421049172, 50.9616923522], [11.0420995739, 50.9617044343], [11.0420651945, 50.9617822244], [11.0420327591, 50.9618568029], [11.0420063208, 50.9619187195], [11.0419768161, 50.9619822555], [11.041942628, 50.9620618175], [11.0419379911, 50.9620734475], [11.0419202638, 50.9621152555], [11.0418996027, 50.9621633942], [11.0418789289, 50.9622100762], [11.0418504044, 50.9622764884], [11.0418243642, 50.9623390824], [11.0418167549, 50.9623568458], [11.0417882392, 50.9624235276], [11.0417833092, 50.9624354882], [11.0417612238, 50.9624871387], [11.0417494013, 50.9625145398], [11.0417198372, 50.9625830378], [11.041713576, 50.962597477], [11.0416795806, 50.9626759347], [11.0416520706, 50.96273938], [11.0416452263, 50.9627551721], [11.0416115223, 50.9628332632], [11.0415773433, 50.9629122502], [11.0415248757, 50.9630333806], [11.0414462725, 50.9632175274], [11.0414419592, 50.9632320908], [11.0414233851, 50.9632839047], [11.0413887484, 50.9634183424], [11.0413786995, 50.9634543068], [11.0413729382, 50.9634728132], [11.0413554432, 50.9635310181], [11.0413186052, 50.9636561875], [11.0412823085, 50.963781361], [11.0412598085, 50.9638607131], [11.0412361704, 50.9639400292], [11.0412223152, 50.9639852392], [11.0412148784, 50.9640166944], [11.0411782625, 50.9641400585], [11.0411626127, 50.9641970924], [11.0411416924, 50.9642653464], [11.0411162302, 50.9643475059], [11.0410920939, 50.9644253791], [11.0410680007, 50.9645032615], [11.0410412309, 50.9645901655], [11.0410374824, 50.9646028366], [11.0410327518, 50.9646189336], [11.0410273918, 50.9646394206], [11.0410181457, 50.9646805513], [11.0410105065, 50.9647246165], [11.0410075208, 50.9647569625], [11.0410014922, 50.9647753225], [11.0409970839, 50.9647944518], [11.040997632, 50.9648182954], [11.0410005219, 50.9648397408], [11.0410202594, 50.9648545359], [11.0409718471, 50.9649397613], [11.0407905833, 50.9652588668], [11.0408058123, 50.9656597209], [11.0407783685, 50.9658524398], [11.0407442197, 50.9659906829], [11.0406440114, 50.9662965923], [11.040550407, 50.966661922], [11.0404319997, 50.9670913632], [11.0403940357, 50.9672272869], [11.0403581522, 50.9674496201], [11.04036616, 50.9678207304], [11.0403995823, 50.9680980515], [11.0404638972, 50.9683954159], [11.0405962967, 50.9688071264], [11.0407024791, 50.9691593778], [11.0407450518, 50.9693724605], [11.0407758984, 50.9695390229], [11.0407806021, 50.9699268463], [11.0407335328, 50.9703123475], [11.0406826096, 50.9705048731], [11.0405997741, 50.9707268198], [11.0404788291, 50.9708989822], [11.0403113364, 50.9710509728], [11.0400972958, 50.9711827922], [11.039868421, 50.9712749105], [11.039616372, 50.9713519962], [11.0393329196, 50.9714337706], [11.0390430696, 50.9714462298], [11.0387347777, 50.9714065293], [11.0382741922, 50.9713483208], [11.0379855669, 50.9713014209], [11.0378824159, 50.9712603329], [11.0377675192, 50.9714207525], [11.0376420614, 50.9716013908], [11.0373114138, 50.9714777363], [11.0364712842, 50.9712351355], [11.0356175968, 50.9710474082], [11.034652407, 50.970843043], [11.0341206026, 50.9706932161], [11.0335394987, 50.9705470055], [11.0329103238, 50.970321835], [11.032577589, 50.9701855296], [11.0315154691, 50.9698624963], [11.03116852, 50.969812486], [11.0309723163, 50.9696851636], [11.0307259189, 50.969580994], [11.0297009412, 50.9692661068], [11.0285894862, 50.9689269254], [11.0281452688, 50.9687739686], [11.0277484642, 50.9687313895], [11.0273254977, 50.9687514386], [11.0270083289, 50.9688595274], [11.0264328116, 50.9686497358], [11.025656724, 50.9683211743], [11.0246846325, 50.9678574207], [11.0237686842, 50.9670877454], [11.0232292565, 50.9665978225], [11.0227309418, 50.9661789061], [11.0226299519, 50.9660828948], [11.022650202, 50.9660520095], [11.0225809157, 50.9659827935], [11.0211255982, 50.9656545764], [11.0201168164, 50.9646443646], [11.0197910137, 50.9643130671], [11.0194173078, 50.9639993867], [11.0192152471, 50.9638123657], [11.0189065598, 50.9635480409], [11.0187249401, 50.9633925214], [11.0183889592, 50.9631693124], [11.0179361645, 50.9628499551], [11.0171496807, 50.9622689605], [11.0170156902, 50.9622919491], [11.016873192, 50.9622592102], [11.0167387213, 50.9621602342]]]}, "properties": {"STADTTE_ID": 2, "NAME": "Löbervorstadt", "DOWNLOADLI": "https://geoportal.erfurt.de/gis/pub/downloads/thematik/stadtteile.zip", "SHAPE_AREA": 10241149.2398}}, {"type": "Feature", "geometry": {"type": "Polygon", "coordinates": [[[11.0204768367, 50.9828834723], [11.0186154996, 50.9828609585], [11.0185395947, 50.9828600392], [11.0184607657, 50.9825651859], [11.018426007, 50.9824720681], [11.0183949932, 50.982201067], [11.015626646, 50.9811335017], [11.0152498505, 50.9815867209], [11.0149537384, 50.9814677332], [11.0147893206, 50.9810519603], [11.014615015, 50.9805188238], [11.0143082859, 50.9798125605], [11.0140856718, 50.9792242852], [11.0139573827, 50.9788557271], [11.0138523478, 50.9785577325], [11.0136603969, 50.9782746425], [11.0132969374, 50.9779119178], [11.0129570633, 50.9776041216], [11.0126767168, 50.9774062886], [11.0127129557, 50.9771617608], [11.0126745667, 50.9765538794], [11.0128934502, 50.976507123], [11.0135613735, 50.9764398538], [11.0142926853, 50.9764055194], [11.0150614149, 50.9764200999], [11.0157018207, 50.9764416949], [11.0163169405, 50.9764468724], [11.0164968727, 50.9764354804], [11.0168816558, 50.9764111192], [11.0172271486, 50.9764383263], [11.0175842614, 50.9765223354], [11.0178520099, 50.9765893913], [11.0182362913, 50.9766007203], [11.0185062628, 50.9765624832], [11.0189188997, 50.9764444358], [11.01912377, 50.9764542554], [11.0194689243, 50.9764976549], [11.0197378689, 50.9765080102], [11.0201103573, 50.9764706294], [11.0204550018, 50.9765383241], [11.0212259263, 50.9767988043], [11.0216753545, 50.9769295809], [11.0215375028, 50.9767950619], [11.0214116964, 50.9765653834], [11.0213645295, 50.9764189219], [11.0214176975, 50.9762796515], [11.0216226256, 50.9760908463], [11.0216952167, 50.9759834919], [11.0217185089, 50.9758312706], [11.0216212452, 50.9756780399], [11.0214239197, 50.9755049189], [11.0209447668, 50.9753548409], [11.0202752715, 50.9751777635], [11.0199657076, 50.9750862587], [11.0197769668, 50.9749830661], [11.0193231106, 50.9746952579], [11.0189143145, 50.974436019], [11.0215214865, 50.9732512383], [11.0212406678, 50.9730388569], [11.0214713797, 50.972960353], [11.0216790629, 50.9728819505], [11.0218384699, 50.9728382053], [11.0221675638, 50.9727426262], [11.0223038748, 50.972703466], [11.0240247428, 50.9721231791], [11.0247041665, 50.9718433491], [11.025024645, 50.9716757233], [11.0248134531, 50.9715437328], [11.0246828525, 50.9713473005], [11.0245958479, 50.9709608972], [11.0246076919, 50.9703950023], [11.0247581611, 50.9700205988], [11.0251304945, 50.9692673764], [11.0252832394, 50.9689465397], [11.0254513444, 50.9686337016], [11.0255926255, 50.9684149116], [11.025656724, 50.9683211743], [11.0264328116, 50.9686497358], [11.0270083289, 50.9688595274], [11.0273254977, 50.9687514386], [11.0277484642, 50.9687313895], [11.0281452688, 50.9687739686], [11.0285894862, 50.9689269254], [11.0297009412, 50.9692661068], [11.0307259189, 50.969580994], [11.0309723163, 50.9696851636], [11.03116852, 50.969812486], [11.0315154691, 50.9698624963], [11.032577589, 50.9701855296], [11.0329103238, 50.970321835], [11.0335394987, 50.9705470055], [11.0341206026, 50.9706932161], [11.034652407, 50.970843043], [11.0356175968, 50.9710474082], [11.0364712842, 50.9712351355], [11.0373114138, 50.9714777363], [11.0376420614, 50.9716013908], [11.0391264534, 50.9720583], [11.0398428312, 50.9722762964], [11.0398287851, 50.9723547413], [11.0418998487, 50.9731808984], [11.0418391581, 50.9737146073], [11.0418241467, 50.9738401784], [11.0418186554, 50.9741072368], [11.0418746553, 50.9744062232], [11.04191025, 50.9746370964], [11.0418949911, 50.9747839446], [11.0417724552, 50.9753863064], [11.0416896491, 50.9758420188], [11.0415737759, 50.9767151761], [11.041462988, 50.9773408397], [11.041354501, 50.9778546476], [11.0413024197, 50.9781203294], [11.0411516785, 50.9787889749], [11.0410040071, 50.979422071], [11.0408501471, 50.979761168], [11.0405746954, 50.9800605914], [11.0400639143, 50.9804653598], [11.0392781488, 50.9810517806], [11.0388305445, 50.9813884612], [11.0383835717, 50.9816942033], [11.037924994, 50.9819689074], [11.0373182689, 50.982304273], [11.036292051, 50.9827986219], [11.0355749941, 50.9831408037], [11.034733449, 50.9835825151], [11.0342635535, 50.9838106984], [11.0333722242, 50.9842906655], [11.0326052012, 50.9846788292], [11.0318130396, 50.9850977212], [11.0310331048, 50.9855167099], [11.030647883, 50.9857919922], [11.029853915, 50.9862959455], [11.0295791761, 50.9864061204], [11.0292586843, 50.9865117565], [11.0287668339, 50.9866159672], [11.0281669184, 50.9866187171], [11.0277868046, 50.9865746981], [11.0274599159, 50.9864735999], [11.0269352196, 50.9863918801], [11.0266047441, 50.9863891284], [11.0261771149, 50.9863240966], [11.0260323092, 50.9862488945], [11.0256451662, 50.9860290758], [11.0254530534, 50.9858495602], [11.0251648067, 50.9855841516], [11.0251093757, 50.9855435369], [11.0247910478, 50.9853102933], [11.024354963, 50.9850900626], [11.0239188808, 50.9848698302], [11.0236032498, 50.9847434266], [11.0235544146, 50.984735522], [11.0233639761, 50.9846545762], [11.0232753839, 50.9846169203], [11.0223177356, 50.9841679964], [11.0204768367, 50.9828834723]]]}, "properties": {"STADTTE_ID": 1, "NAME": "Altstadt", "DOWNLOADLI": "https://geoportal.erfurt.de/gis/pub/downloads/thematik/stadtteile.zip", "SHAPE_AREA": 2453433.97309}}, {"type": "Feature", "geometry": {"type": "Polygon", "coordinates": [[[11.0065186416, 50.9984963613], [11.0056626074, 50.9997141278], [11.0052656907, 51.000168297], [11.0048637721, 51.0005961192], [11.0044032252, 51.0010863367], [11.0040175318, 51.0014968705], [11.0034626838, 51.0020914194], [11.0033690974, 51.0022097603], [11.0033233821, 51.0022675686], [11.0021722938, 51.003578605], [11.0019885875, 51.0035102178], [11.0019569306, 51.003498432], [11.001857331, 51.0034614998], [11.000102398, 51.0028193748], [11.0000840255, 51.0028124666], [11.0000403544, 51.0027961913], [10.9998992656, 51.0027425707], [10.9991837886, 51.0024706471], [10.9987211788, 51.0022759248], [10.9983498036, 51.0021021381], [10.9981402343, 51.0020041621], [10.9980248245, 51.0019571617], [10.9979475148, 51.0019195499], [10.9982060465, 51.001639188], [10.9986623275, 51.0011294308], [10.9991692237, 51.0005161484], [10.999806134, 50.9997082951], [11.0002367176, 50.9990577182], [11.0004967578, 50.9986685768], [11.0006755892, 50.9984547637], [11.0008383147, 50.99808925], [11.0009311909, 50.9978209803], [11.0011028042, 50.9974922328], [11.0015986623, 50.9964874812], [11.0019346777, 50.9957137358], [11.0022479825, 50.9949104559], [11.0025903106, 50.9940265422], [11.002785704, 50.9934900823], [11.0030111702, 50.9929049587], [11.0032786113, 50.9921673144], [11.0035851438, 50.9914116581], [11.0038623729, 50.9906679813], [11.0039897169, 50.9903397286], [11.0041290714, 50.9899776585], [11.0041317511, 50.9899706964], [11.0044055486, 50.9899184003], [11.0044223973, 50.9899151827], [11.0044192988, 50.9899046531], [11.0044092329, 50.9898704629], [11.0043113623, 50.9894949263], [11.0043709781, 50.9893482293], [11.0047523178, 50.9883522682], [11.005176423, 50.9872695172], [11.0052831559, 50.9872302781], [11.0054688512, 50.9867991656], [11.0058441487, 50.9860841769], [11.0061667935, 50.9855202928], [11.0064156222, 50.9851075599], [11.0066690242, 50.9848108425], [11.0069573328, 50.9845322639], [11.0071220398, 50.984422145], [11.0073704929, 50.9843573425], [11.0077526642, 50.9843115188], [11.0083605888, 50.9842720696], [11.0087632663, 50.984257642], [11.0090179115, 50.9842330338], [11.0091249198, 50.9841804119], [11.0093269963, 50.9839724694], [11.0089727535, 50.9840076208], [11.0083399925, 50.9840565381], [11.0077165219, 50.9841347572], [11.0073453954, 50.9841670984], [11.0070311521, 50.9841686054], [11.0068405179, 50.984092865], [11.0068410756, 50.9839310765], [11.0069103564, 50.9837556939], [11.0069706949, 50.9832432204], [11.0071219981, 50.9824371087], [11.0072995597, 50.9817434149], [11.0074300463, 50.981289088], [11.0075362491, 50.9810294389], [11.0078981246, 50.9799945049], [11.0080036783, 50.979763389], [11.0080360636, 50.9796808027], [11.0083696692, 50.9789524167], [11.0085464445, 50.9784632591], [11.0086874649, 50.9776272232], [11.0088043365, 50.9767676171], [11.0088969311, 50.9761803937], [11.0101588559, 50.976548401], [11.0108679955, 50.9767195868], [11.0118315507, 50.9770082147], [11.0124931717, 50.9773109146], [11.0126767168, 50.9774062886], [11.0129570633, 50.9776041216], [11.0132969374, 50.9779119178], [11.0136603969, 50.9782746425], [11.0138523478, 50.9785577325], [11.0139573827, 50.9788557271], [11.0140856718, 50.9792242852], [11.0143082859, 50.9798125605], [11.014615015, 50.9805188238], [11.0147893206, 50.9810519603], [11.0149537384, 50.9814677332], [11.0152498505, 50.9815867209], [11.015626646, 50.9811335017], [11.0183949932, 50.982201067], [11.018426007, 50.9824720681], [11.0184607657, 50.9825651859], [11.0185395947, 50.9828600392], [11.0186154996, 50.9828609585], [11.0204768367, 50.9828834723], [11.0223177356, 50.9841679964], [11.0232753839, 50.9846169203], [11.0233639761, 50.9846545762], [11.0235544146, 50.984735522], [11.0236032498, 50.9847434266], [11.0239188808, 50.9848698302], [11.024354963, 50.9850900626], [11.0247910478, 50.9853102933], [11.0251093757, 50.9855435369], [11.0251648067, 50.9855841516], [11.0254530534, 50.9858495602], [11.0256451662, 50.9860290758], [11.0260323092, 50.9862488945], [11.0261771149, 50.9863240966], [11.0266047441, 50.9863891284], [11.0269352196, 50.9863918801], [11.0274599159, 50.9864735999], [11.0277868046, 50.9865746981], [11.0277372392, 50.9866913974], [11.0274835121, 50.987288787], [11.0274681951, 50.9873269613], [11.0271590343, 50.9880975362], [11.0268717556, 50.9888434896], [11.0263432373, 50.9901566713], [11.0263070605, 50.9902487881], [11.0258088866, 50.9915238558], [11.0255793519, 50.9914930596], [11.0253925284, 50.9914722328], [11.025339886, 50.9914589483], [11.0251776711, 50.9914293348], [11.0249929372, 50.9914059564], [11.0248488228, 50.9913867697], [11.0246906784, 50.9913571901], [11.024526216, 50.9913378341], [11.0243407802, 50.9913167144], [11.0241373749, 50.9912928121], [11.0239621316, 50.9912605645], [11.0237979024, 50.9912369881], [11.0236560936, 50.9912125994], [11.0235703913, 50.991199905], [11.0230670826, 50.9911030177], [11.0229691941, 50.9910579553], [11.0226725064, 50.99114917], [11.0217422475, 50.9906200135], [11.0208095955, 50.9901079017], [11.0205807193, 50.9903318724], [11.0203687894, 50.9906264681], [11.020240012, 50.9908801643], [11.0202015231, 50.9911450147], [11.0202279805, 50.9914520066], [11.0204263558, 50.991802035], [11.0209707815, 50.9925241249], [11.0212341691, 50.9929138878], [11.0214834559, 50.993191547], [11.0215859454, 50.9934055841], [11.0215136731, 50.9937117484], [11.0213408005, 50.9941054625], [11.0211121847, 50.9944103185], [11.0206008581, 50.9948194601], [11.0204713785, 50.9946330644], [11.0203794547, 50.9946373708], [11.0194168769, 50.9949114152], [11.0191923443, 50.9949534801], [11.0191174101, 50.9949699273], [11.0188029469, 50.9950313896], [11.0183104089, 50.9950941668], [11.0181411502, 50.9951093934], [11.0181014643, 50.9951129805], [11.017550797, 50.9951622918], [11.0172206465, 50.9951672655], [11.0169925628, 50.9951707012], [11.0168435274, 50.9951635358], [11.0165426143, 50.9951489631], [11.0163060175, 50.9951716425], [11.0160505997, 50.9952502137], [11.0158700333, 50.995353117], [11.0157696058, 50.9954299107], [11.0157384197, 50.9954545564], [11.0156032494, 50.9956155753], [11.0153614029, 50.9959147995], [11.0152914955, 50.9959826587], [11.0152595441, 50.9960116282], [11.0149374942, 50.9963166189], [11.0146962893, 50.9965061439], [11.0145231829, 50.9966426679], [11.0142729979, 50.996792326], [11.01404604, 50.9969417359], [11.0139901393, 50.9969785342], [11.0137147083, 50.9971959512], [11.0135679826, 50.997392341], [11.0134867086, 50.9976783195], [11.0134250025, 50.9979887344], [11.0133442869, 50.9982146704], [11.0131604629, 50.9985870682], [11.0129409657, 50.998962132], [11.0126046965, 50.9997125971], [11.0124878842, 51.0000663498], [11.0124494734, 51.0001727213], [11.0123426204, 51.0004457128], [11.0121440354, 51.0008535958], [11.0121094544, 51.0009501816], [11.011733746, 51.0009057039], [11.0112553569, 51.0022781344], [11.0110988311, 51.0025838607], [11.0108024073, 51.0032598967], [11.01067156, 51.0035573845], [11.0105935436, 51.003678504], [11.0104909478, 51.0037729406], [11.0104213107, 51.0038941289], [11.0093610997, 51.0036892469], [11.0087723683, 51.0033877534], [11.0086148829, 51.0033042831], [11.0084139315, 51.0029001803], [11.0081751794, 51.0026969562], [11.0087535931, 51.0019076519], [11.0087185668, 51.001584377], [11.00829046, 51.0007122805], [11.0082616297, 51.0005898008], [11.0081223093, 51.0001868087], [11.0082747084, 50.9996127123], [11.0084318316, 50.9994398416], [11.0082802156, 50.9993652527], [11.0081532088, 50.9993027714], [11.0069005742, 50.9986938341], [11.0065186416, 50.9984963613]]]}, "properties": {"STADTTE_ID": 4, "NAME": "Andreasvorstadt", "DOWNLOADLI": "https://geoportal.erfurt.de/gis/pub/downloads/thematik/stadtteile.zip", "SHAPE_AREA": 2843694.02863}}, {"type": "Feature", "geometry": {"type": "Polygon", "coordinates": [[[10.9898550996, 51.0153402041], [10.9905156046, 51.0142463325], [10.9907699314, 51.0138251247], [10.9897774359, 51.013704836], [10.9900591062, 51.0134628841], [10.9905654977, 51.0130552936], [10.9910046455, 51.012689016], [10.991557358, 51.012184068], [10.9917298389, 51.011972504], [10.9918257332, 51.0118365591], [10.991954415, 51.0116911513], [10.9929809506, 51.0105426701], [10.9946166938, 51.0088482876], [10.9951256349, 51.0083184196], [10.9957472786, 51.0076883592], [10.9959837641, 51.0074879001], [10.9964401459, 51.0071435453], [10.9973042863, 51.0066387079], [10.9982636969, 51.0061576303], [10.9988215004, 51.0058811152], [10.9988420595, 51.0058713192], [10.9989759823, 51.0058075117], [10.9992084541, 51.0060274479], [10.9995619455, 51.0063220653], [11.0001713131, 51.0067153527], [11.0008997783, 51.0070982271], [11.0021860585, 51.0075310012], [11.003060917, 51.0078421531], [11.0035510447, 51.0080319194], [11.0043734066, 51.0083004355], [11.0054623231, 51.0085965207], [11.0065492718, 51.008985372], [11.0068152815, 51.009038246], [11.008142743, 51.0095343081], [11.0079941093, 51.0097174088], [11.0077634369, 51.0099954435], [11.0077128941, 51.0101631036], [11.0077345817, 51.010247333], [11.0078277634, 51.0102827301], [11.0078288449, 51.0105991425], [11.0077445825, 51.0112359531], [11.0077292739, 51.0115001046], [11.0077193602, 51.0116843881], [11.0076842519, 51.0117136642], [11.0076082974, 51.0117532826], [11.0074875938, 51.011779425], [11.0075062472, 51.0118345861], [11.0073687552, 51.0123021139], [11.0073509427, 51.0123816063], [11.0072886345, 51.012537488], [11.0070401585, 51.0128889127], [11.0069290838, 51.0130414555], [11.0068430408, 51.013222229], [11.0067114859, 51.0134765166], [11.0065194332, 51.0137256468], [11.0063139677, 51.0139453065], [11.00609367, 51.0141591579], [11.0053349647, 51.0146625391], [11.0051101057, 51.014762712], [11.004439201, 51.0150400496], [11.0035862222, 51.0155400733], [11.0031241429, 51.0157881866], [11.0024783638, 51.0161067457], [11.0022199576, 51.0161958755], [11.0020219894, 51.0162568927], [11.0014999175, 51.0164011962], [11.001388644, 51.0164270969], [11.0005025108, 51.0165820555], [11.0003459065, 51.016398817], [10.9995290836, 51.0154277914], [11.0000814978, 51.014859036], [11.0000745226, 51.0140906717], [10.9991109073, 51.0133952396], [10.9987415463, 51.01346129], [10.9981377292, 51.0142879074], [10.9975106781, 51.014086421], [10.9969790816, 51.014225454], [10.9960863123, 51.0138766715], [10.9960367095, 51.0139573672], [10.9958673661, 51.0142364286], [10.9958026773, 51.014323146], [10.9956044355, 51.0144400936], [10.9954077945, 51.014482899], [10.9952667977, 51.0144866324], [10.994596845, 51.0154201956], [10.9945408783, 51.0154740966], [10.9944388016, 51.0154880502], [10.9943294307, 51.0154772223], [10.9935043265, 51.0152575399], [10.9933495123, 51.0155380044], [10.9931965134, 51.0157344401], [10.9930855383, 51.0157977528], [10.992928027, 51.0158408909], [10.9927085365, 51.0158538325], [10.9924736055, 51.0158567519], [10.9919847971, 51.0158045926], [10.9912210582, 51.0156380609], [10.9898550996, 51.0153402041]]]}, "properties": {"STADTTE_ID": 23, "NAME": "Moskauer Platz", "DOWNLOADLI": "https://geoportal.erfurt.de/gis/pub/downloads/thematik/stadtteile.zip", "SHAPE_AREA": 880402.349889}}, {"type": "Feature", "geometry": {"type": "Polygon", "coordinates": [[[11.0223052884, 51.0027865501], [11.0209753773, 51.0048892871], [11.020199554, 51.0061448635], [11.0199254138, 51.0065091522], [11.0194678948, 51.0070041966], [11.0189253062, 51.0076459697], [11.0182014787, 51.0087490883], [11.0178449265, 51.0092734157], [11.0177185237, 51.0093996595], [11.0175103595, 51.0095555312], [11.0173685409, 51.0096457587], [11.0169997694, 51.0098349566], [11.0166063461, 51.0100081835], [11.0164552722, 51.0100911473], [11.0162027154, 51.0102344904], [11.0159394089, 51.0104322942], [11.0156621441, 51.0108360588], [11.0154931218, 51.0111134496], [11.0153047536, 51.0114097333], [11.0152587279, 51.0114829973], [11.0151536186, 51.0114896035], [11.0151255933, 51.0114907264], [11.0146327653, 51.0115104745], [11.0142439713, 51.011499564], [11.0136648332, 51.0114544989], [11.0131484656, 51.011358893], [11.0128077416, 51.0112798877], [11.0124037895, 51.0111516082], [11.012349702, 51.0111285882], [11.0123062053, 51.0111100724], [11.011579644, 51.0108359749], [11.0109839262, 51.0106112339], [11.0101708306, 51.0103115674], [11.0101198896, 51.0102939424], [11.0095816959, 51.0101077376], [11.0088721883, 51.009829085], [11.0087000603, 51.0097749592], [11.008142743, 51.0095343081], [11.0081881151, 51.0094687325], [11.0081960579, 51.0094415917], [11.0082194734, 51.0093792265], [11.0082699677, 51.0092502027], [11.008513322, 51.0088897327], [11.0086014048, 51.0085533859], [11.0082665688, 51.0083985551], [11.0084837284, 51.008115521], [11.0087683105, 51.0078209366], [11.0091210842, 51.0074784394], [11.0093983814, 51.0070746908], [11.0095071293, 51.0069250508], [11.0096488066, 51.0065807641], [11.0097911263, 51.0062061764], [11.0099429093, 51.0058377294], [11.0099454882, 51.0057165272], [11.0100310076, 51.0053050921], [11.010008929, 51.0049897243], [11.0101059113, 51.0049292251], [11.0101174452, 51.0047810704], [11.0101921496, 51.0044216615], [11.0102894055, 51.004184222], [11.0104213107, 51.0038941289], [11.0104909478, 51.0037729406], [11.0105935436, 51.003678504], [11.01067156, 51.0035573845], [11.0108024073, 51.0032598967], [11.0110988311, 51.0025838607], [11.0112553569, 51.0022781344], [11.011733746, 51.0009057039], [11.0121094544, 51.0009501816], [11.0123765218, 51.0009799657], [11.0131038234, 51.0010708227], [11.0132965733, 51.0010724494], [11.0146327385, 51.0013060964], [11.0150916502, 51.0014052686], [11.0158348294, 51.0015385987], [11.017145546, 51.001787888], [11.0182208935, 51.002005813], [11.0183094966, 51.0020237676], [11.0197905876, 51.0023013952], [11.0217130859, 51.0026637299], [11.021897597, 51.0026977731], [11.021922197, 51.0027023127], [11.0223052884, 51.0027865501]]]}, "properties": {"STADTTE_ID": 6, "NAME": "Rieth", "DOWNLOADLI": "https://geoportal.erfurt.de/gis/pub/downloads/thematik/stadtteile.zip", "SHAPE_AREA": 719770.120573}}, {"type": "Feature", "geometry": {"type": "Polygon", "coordinates": [[[11.0209909289, 51.0090467536], [11.0209294255, 51.0089913449], [11.0197032585, 51.0097454528], [11.0183567483, 51.0106122148], [11.017748181, 51.0110100793], [11.0177429946, 51.0110067648], [11.0176477539, 51.0109420082], [11.0176215446, 51.0109592089], [11.0174991032, 51.0108656171], [11.0174365307, 51.0108463048], [11.0174110911, 51.010857328], [11.0170784303, 51.0110158069], [11.0169951749, 51.0110491334], [11.0169534175, 51.0110658487], [11.016678787, 51.0111757813], [11.0164678365, 51.0112454691], [11.0160845715, 51.0113445407], [11.0156974277, 51.011418672], [11.0153093394, 51.0114762746], [11.0152595782, 51.0114817964], [11.0153047536, 51.0114097333], [11.0154931218, 51.0111134496], [11.0156621441, 51.0108360588], [11.0159394089, 51.0104322942], [11.0162027154, 51.0102344904], [11.0164552722, 51.0100911473], [11.0166063461, 51.0100081835], [11.0169997694, 51.0098349566], [11.0173685409, 51.0096457587], [11.0175103595, 51.0095555312], [11.0177185237, 51.0093996595], [11.0178449265, 51.0092734157], [11.0182014787, 51.0087490883], [11.0189253062, 51.0076459697], [11.0194678948, 51.0070041966], [11.0199254138, 51.0065091522], [11.020199554, 51.0061448635], [11.0209753773, 51.0048892871], [11.0223052884, 51.0027865501], [11.021922197, 51.0027023127], [11.021897597, 51.0026977731], [11.0217130859, 51.0026637299], [11.0197905876, 51.0023013952], [11.0183094966, 51.0020237676], [11.0182208935, 51.002005813], [11.017145546, 51.001787888], [11.0158348294, 51.0015385987], [11.0150916502, 51.0014052686], [11.0146327385, 51.0013060964], [11.0132965733, 51.0010724494], [11.0131038234, 51.0010708227], [11.0123765218, 51.0009799657], [11.0121094544, 51.0009501816], [11.0121440354, 51.0008535958], [11.0123426204, 51.0004457128], [11.0124494734, 51.0001727213], [11.0124878842, 51.0000663498], [11.0126046965, 50.9997125971], [11.0129409657, 50.998962132], [11.0131604629, 50.9985870682], [11.0133442869, 50.9982146704], [11.0134250025, 50.9979887344], [11.0134867086, 50.9976783195], [11.0135679826, 50.997392341], [11.0137147083, 50.9971959512], [11.0139901393, 50.9969785342], [11.01404604, 50.9969417359], [11.0142729979, 50.996792326], [11.0145231829, 50.9966426679], [11.0146962893, 50.9965061439], [11.0149374942, 50.9963166189], [11.0152595441, 50.9960116282], [11.0152914955, 50.9959826587], [11.0153614029, 50.9959147995], [11.0156032494, 50.9956155753], [11.0157384197, 50.9954545564], [11.0157696058, 50.9954299107], [11.0158700333, 50.995353117], [11.0160505997, 50.9952502137], [11.0163060175, 50.9951716425], [11.0165426143, 50.9951489631], [11.0168435274, 50.9951635358], [11.0169925628, 50.9951707012], [11.0172206465, 50.9951672655], [11.017550797, 50.9951622918], [11.0181014643, 50.9951129805], [11.0181411502, 50.9951093934], [11.0183104089, 50.9950941668], [11.0188029469, 50.9950313896], [11.0191174101, 50.9949699273], [11.0191923443, 50.9949534801], [11.0194168769, 50.9949114152], [11.0203794547, 50.9946373708], [11.0204713785, 50.9946330644], [11.0206008581, 50.9948194601], [11.0211121847, 50.9944103185], [11.0213408005, 50.9941054625], [11.0215136731, 50.9937117484], [11.0215859454, 50.9934055841], [11.0214834559, 50.993191547], [11.0212341691, 50.9929138878], [11.0209707815, 50.9925241249], [11.0204263558, 50.991802035], [11.0202279805, 50.9914520066], [11.0202015231, 50.9911450147], [11.020240012, 50.9908801643], [11.0203687894, 50.9906264681], [11.0205807193, 50.9903318724], [11.0208095955, 50.9901079017], [11.0217422475, 50.9906200135], [11.0226725064, 50.99114917], [11.0229691941, 50.9910579553], [11.0230670826, 50.9911030177], [11.0235703913, 50.991199905], [11.0236560936, 50.9912125994], [11.0237979024, 50.9912369881], [11.0239621316, 50.9912605645], [11.0241373749, 50.9912928121], [11.0243407802, 50.9913167144], [11.024526216, 50.9913378341], [11.0246906784, 50.9913571901], [11.0248488228, 50.9913867697], [11.0249929372, 50.9914059564], [11.0251776711, 50.9914293348], [11.025339886, 50.9914589483], [11.0253925284, 50.9914722328], [11.0255793519, 50.9914930596], [11.0258088866, 50.9915238558], [11.0260391443, 50.9914530383], [11.0272074486, 50.9916204197], [11.0277347277, 50.9917034616], [11.0284530849, 50.9918164932], [11.0293540106, 50.9919584555], [11.0293675481, 50.9923531157], [11.0292886187, 50.9926154658], [11.0292296563, 50.9930945736], [11.0285438067, 50.9931043474], [11.0264874605, 50.9931080853], [11.0262541529, 50.9931085072], [11.0264205335, 50.994292449], [11.0264367539, 50.9944078738], [11.0265287802, 50.9950626847], [11.0269643744, 50.9966271616], [11.0273921267, 50.9966358228], [11.0291037728, 50.9966398464], [11.029378249, 50.9966421256], [11.0299594926, 50.9966469491], [11.0301210531, 50.9966431884], [11.0306540725, 50.9966374076], [11.0312385176, 50.9966524525], [11.0323773151, 50.996636378], [11.033449337, 50.9966341219], [11.0334151377, 50.9970923886], [11.0332612559, 50.9970968242], [11.0331289787, 50.9971499629], [11.0323425473, 50.9971206225], [11.0322612015, 50.9971170952], [11.0320431153, 50.9971638132], [11.0319637422, 50.9972830383], [11.0318645393, 50.998386815], [11.0317743095, 50.9996027573], [11.0316997825, 50.9999437295], [11.031697563, 50.9999780745], [11.0316731274, 51.0003561996], [11.0317530952, 51.0003601246], [11.0317526204, 51.000382957], [11.0317355692, 51.0006889108], [11.0332045265, 51.0007214696], [11.0332460296, 51.0007262701], [11.034069565, 51.0001516511], [11.0353644806, 50.9992483801], [11.0392749382, 50.9965435054], [11.0393641975, 50.9966137847], [11.039414934, 50.9966843607], [11.0394910181, 50.9967927029], [11.0395875834, 50.9969280632], [11.0396818833, 50.9970614457], [11.0399111572, 50.9973978243], [11.0399408317, 50.997437818], [11.0400160529, 50.997546576], [11.0400465308, 50.9976492632], [11.0400875523, 50.9977874487], [11.0401170723, 50.9978883369], [11.0401502255, 50.9980031638], [11.0402435857, 50.9986603544], [11.0404350105, 50.9994245248], [11.0404925915, 50.9996297637], [11.040551234, 50.9998001956], [11.0406090679, 51.0000098405], [11.040575612, 51.0002928168], [11.0405757808, 51.0006196469], [11.0404031459, 51.0009537744], [11.040133659, 51.0012958216], [11.0396533478, 51.0016687354], [11.0403976523, 51.0017927901], [11.040466898, 51.0018043261], [11.0419230757, 51.0020161151], [11.0422754806, 51.0020670605], [11.0431087264, 51.0021875137], [11.0433127442, 51.0022121945], [11.0435314562, 51.0022386532], [11.0431917624, 51.0029759608], [11.0430092674, 51.0035581979], [11.0428823402, 51.0041130923], [11.0428190543, 51.0047831706], [11.0429399963, 51.0047865971], [11.0429181706, 51.0049636462], [11.0429632553, 51.0057985906], [11.0432031513, 51.0080907583], [11.0432588475, 51.0086228939], [11.0420127758, 51.0088246854], [11.041888078, 51.008844878], [11.0414547222, 51.0089202169], [11.0407165834, 51.00906208], [11.0405093652, 51.0091019052], [11.0402240968, 51.0091567289], [11.0378084617, 51.0096039729], [11.037205187, 51.0097229496], [11.0371758831, 51.0097210828], [11.0370287609, 51.0096802885], [11.0369832765, 51.009685253], [11.0365568349, 51.0092778576], [11.0363037104, 51.0090381433], [11.0362702289, 51.0090064056], [11.0362415263, 51.0089791029], [11.0361988783, 51.0089496089], [11.0361806458, 51.0089555801], [11.0359712144, 51.0090238793], [11.0358511436, 51.0090629803], [11.0354709821, 51.0091863762], [11.0354276874, 51.0092004827], [11.0352711424, 51.0092455843], [11.0351075592, 51.0092817013], [11.03494145, 51.0093110558], [11.0347714371, 51.0093363319], [11.034601489, 51.0093536805], [11.0344279309, 51.0093644095], [11.0342558038, 51.0093692719], [11.0340809449, 51.0093664696], [11.0339089015, 51.0093521942], [11.0337394199, 51.0093292194], [11.033570473, 51.009297638], [11.0334866555, 51.0092787059], [11.0334618381, 51.0092730178], [11.0334088825, 51.0092610734], [11.0333477781, 51.009246258], [11.0333102422, 51.0092313938], [11.0333656825, 51.0095284768], [11.0334431908, 51.0099437686], [11.0334499755, 51.0099800775], [11.0332055881, 51.0099953168], [11.0330430476, 51.0100070967], [11.031496318, 51.0101200687], [11.0300150663, 51.0102290113], [11.0284528513, 51.0103328919], [11.0266028429, 51.01047368], [11.0254079262, 51.0105648461], [11.023885413, 51.0106841835], [11.0224709384, 51.0107848491], [11.0220504283, 51.0108153378], [11.0219788756, 51.0107642722], [11.0219098291, 51.0107194946], [11.0218827632, 51.010619818], [11.0217228153, 51.0097417543], [11.0216905382, 51.009612568], [11.0215996429, 51.0094976241], [11.0209909289, 51.0090467536]]]}, "properties": {"STADTTE_ID": 24, "NAME": "Ilversgehofen", "DOWNLOADLI": "https://geoportal.erfurt.de/gis/pub/downloads/thematik/stadtteile.zip", "SHAPE_AREA": 2765937.19639}}, {"type": "Feature", "geometry": {"type": "Polygon", "coordinates": [[[11.0347231859, 50.9931136339], [11.0347084731, 50.9937488525], [11.0346627711, 50.9949091926], [11.0360167953, 50.9948588691], [11.0360172136, 50.9950196455], [11.0360169686, 50.9950314647], [11.0361176658, 50.995053573], [11.0361172038, 50.9952571908], [11.0391630835, 50.9953961374], [11.0389305208, 50.9956351057], [11.0388521747, 50.9958465786], [11.0388622077, 50.9960497911], [11.038982562, 50.9962844694], [11.0392749382, 50.9965435054], [11.0353644806, 50.9992483801], [11.034069565, 51.0001516511], [11.0332460296, 51.0007262701], [11.0332045265, 51.0007214696], [11.0317355692, 51.0006889108], [11.0317526204, 51.000382957], [11.0317530952, 51.0003601246], [11.0316731274, 51.0003561996], [11.031697563, 50.9999780745], [11.0316997825, 50.9999437295], [11.0317743095, 50.9996027573], [11.0318645393, 50.998386815], [11.0319637422, 50.9972830383], [11.0320431153, 50.9971638132], [11.0322612015, 50.9971170952], [11.0323425473, 50.9971206225], [11.0331289787, 50.9971499629], [11.0332612559, 50.9970968242], [11.0334151377, 50.9970923886], [11.033449337, 50.9966341219], [11.0323773151, 50.996636378], [11.0312385176, 50.9966524525], [11.0306540725, 50.9966374076], [11.0301210531, 50.9966431884], [11.0299594926, 50.9966469491], [11.029378249, 50.9966421256], [11.0291037728, 50.9966398464], [11.0273921267, 50.9966358228], [11.0269643744, 50.9966271616], [11.0265287802, 50.9950626847], [11.0264367539, 50.9944078738], [11.0264205335, 50.994292449], [11.0262541529, 50.9931085072], [11.0264874605, 50.9931080853], [11.0285438067, 50.9931043474], [11.0292296563, 50.9930945736], [11.0292886187, 50.9926154658], [11.0293675481, 50.9923531157], [11.0293540106, 50.9919584555], [11.0302287048, 50.992096523], [11.0305879257, 50.9921528313], [11.0307343597, 50.9921758487], [11.0308699202, 50.9921964073], [11.0311087144, 50.9922315325], [11.0313102739, 50.9922588688], [11.0318055282, 50.9923190461], [11.0320269427, 50.9923364692], [11.032229768, 50.9923518194], [11.0324718466, 50.9923689216], [11.0327896838, 50.9923896152], [11.0331507176, 50.9924114069], [11.0333899298, 50.9924124422], [11.0334800086, 50.9925045942], [11.0342775571, 50.9928940666], [11.0347231859, 50.9931136339]]]}, "properties": {"STADTTE_ID": 25, "NAME": "Johannesplatz", "DOWNLOADLI": "https://geoportal.erfurt.de/gis/pub/downloads/thematik/stadtteile.zip", "SHAPE_AREA": 437584.763137}}, {"type": "Feature", "geometry": {"type": "Polygon", "coordinates": [[[11.0447795332, 50.9995619123], [11.0442895423, 51.0006128287], [11.0435314562, 51.0022386532], [11.0433127442, 51.0022121945], [11.0431087264, 51.0021875137], [11.0422754806, 51.0020670605], [11.0419230757, 51.0020161151], [11.040466898, 51.0018043261], [11.0403976523, 51.0017927901], [11.0396533478, 51.0016687354], [11.040133659, 51.0012958216], [11.0404031459, 51.0009537744], [11.0405757808, 51.0006196469], [11.040575612, 51.0002928168], [11.0406090679, 51.0000098405], [11.040551234, 50.9998001956], [11.0404925915, 50.9996297637], [11.0404350105, 50.9994245248], [11.0402435857, 50.9986603544], [11.0401502255, 50.9980031638], [11.0401170723, 50.9978883369], [11.0400875523, 50.9977874487], [11.0400465308, 50.9976492632], [11.0400160529, 50.997546576], [11.0399408317, 50.997437818], [11.0399111572, 50.9973978243], [11.0396818833, 50.9970614457], [11.0395875834, 50.9969280632], [11.0394910181, 50.9967927029], [11.039414934, 50.9966843607], [11.0393641975, 50.9966137847], [11.0392749382, 50.9965435054], [11.038982562, 50.9962844694], [11.0388622077, 50.9960497911], [11.0388521747, 50.9958465786], [11.0389305208, 50.9956351057], [11.0391630835, 50.9953961374], [11.0361172038, 50.9952571908], [11.0361176658, 50.995053573], [11.0360169686, 50.9950314647], [11.0360172136, 50.9950196455], [11.0360167953, 50.9948588691], [11.0346627711, 50.9949091926], [11.0347084731, 50.9937488525], [11.0347231859, 50.9931136339], [11.0342775571, 50.9928940666], [11.0334800086, 50.9925045942], [11.0333899298, 50.9924124422], [11.0331507176, 50.9924114069], [11.0327896838, 50.9923896152], [11.0324718466, 50.9923689216], [11.032229768, 50.9923518194], [11.0320269427, 50.9923364692], [11.0318055282, 50.9923190461], [11.0313102739, 50.9922588688], [11.0311087144, 50.9922315325], [11.0308699202, 50.9921964073], [11.0307343597, 50.9921758487], [11.0305879257, 50.9921528313], [11.0302287048, 50.992096523], [11.0293540106, 50.9919584555], [11.0284530849, 50.9918164932], [11.0277347277, 50.9917034616], [11.0272074486, 50.9916204197], [11.0260391443, 50.9914530383], [11.0258088866, 50.9915238558], [11.0263070605, 50.9902487881], [11.0263432373, 50.9901566713], [11.0268717556, 50.9888434896], [11.0271590343, 50.9880975362], [11.0274681951, 50.9873269613], [11.0274835121, 50.987288787], [11.0277372392, 50.9866913974], [11.0277868046, 50.9865746981], [11.0281669184, 50.9866187171], [11.0287668339, 50.9866159672], [11.0292586843, 50.9865117565], [11.0295791761, 50.9864061204], [11.029853915, 50.9862959455], [11.030647883, 50.9857919922], [11.0310331048, 50.9855167099], [11.0318130396, 50.9850977212], [11.0326052012, 50.9846788292], [11.0333722242, 50.9842906655], [11.0342635535, 50.9838106984], [11.0346758367, 50.9839997536], [11.0361478933, 50.9850329785], [11.0364323996, 50.9851364356], [11.036704726, 50.9851936709], [11.0368393459, 50.985296908], [11.0369500809, 50.9853528114], [11.0372217603, 50.9854414654], [11.037505708, 50.9855380747], [11.0375906106, 50.9856409013], [11.0378878028, 50.9856983385], [11.038382095, 50.9858438114], [11.039481593, 50.9861828009], [11.0400866378, 50.9863841681], [11.0408017839, 50.9866728517], [11.0417988058, 50.987160241], [11.0424272808, 50.9874324922], [11.0437336578, 50.9879931005], [11.0439433719, 50.9880733747], [11.0447009082, 50.9883560287], [11.045572268, 50.9886956181], [11.0461338779, 50.98798531], [11.0466830397, 50.987274898], [11.0470966861, 50.9867434026], [11.0479601527, 50.9856198441], [11.0497583154, 50.9864514911], [11.0503241157, 50.9867586407], [11.0504613466, 50.986833194], [11.0512634217, 50.9872042115], [11.0516737657, 50.987470248], [11.0523595306, 50.9879410505], [11.0527089925, 50.9881809637], [11.0534371693, 50.9885937433], [11.0555474641, 50.9895593496], [11.0567169374, 50.9901609719], [11.05721278, 50.9904185529], [11.059772744, 50.9916758392], [11.0604981233, 50.9919947311], [11.0612381554, 50.9923200548], [11.0624966124, 50.9928762615], [11.0638917362, 50.9936159424], [11.065029408, 50.9944018355], [11.0652959576, 50.994505311], [11.066134308, 50.9948307521], [11.0672220465, 50.9952529903], [11.0679448598, 50.9955335623], [11.0685001851, 50.9957002968], [11.0697992249, 50.996090315], [11.0708010226, 50.9963919704], [11.0707739853, 50.9964376172], [11.0707704101, 50.9964436506], [11.0707644704, 50.9964536805], [11.0707558013, 50.9964683177], [11.0706520835, 50.9966253884], [11.0705692326, 50.9967518808], [11.0704595261, 50.9968592646], [11.0700009349, 50.9973259577], [11.0698038795, 50.997529324], [11.0695236512, 50.9979120461], [11.0692754162, 50.998251127], [11.0689960541, 50.9986798425], [11.0687554143, 50.9990783027], [11.0685991732, 50.9994255853], [11.0685042981, 50.999653776], [11.0682964589, 51.0001418396], [11.0680185728, 51.0005526855], [11.0679729939, 51.0006063108], [11.0677993179, 51.0008106517], [11.0676993437, 51.0008993505], [11.0676329474, 51.0009802607], [11.0654783535, 51.0006014542], [11.0622849956, 50.9999793491], [11.0576908815, 51.0019657725], [11.0551227898, 51.0015008985], [11.0518755687, 51.0008703482], [11.048377186, 51.0002094859], [11.0449089074, 50.9995876858], [11.0447795332, 50.9995619123]]]}, "properties": {"STADTTE_ID": 7, "NAME": "Johannesvorstadt", "DOWNLOADLI": "https://geoportal.erfurt.de/gis/pub/downloads/thematik/stadtteile.zip", "SHAPE_AREA": 3298709.20333}}, {"type": "Feature", "geometry": {"type": "Polygon", "coordinates": [[[11.0479601527, 50.9856198441], [11.0470966861, 50.9867434026], [11.0466830397, 50.987274898], [11.0461338779, 50.98798531], [11.045572268, 50.9886956181], [11.0447009082, 50.9883560287], [11.0439433719, 50.9880733747], [11.0437336578, 50.9879931005], [11.0424272808, 50.9874324922], [11.0417988058, 50.987160241], [11.0408017839, 50.9866728517], [11.0400866378, 50.9863841681], [11.039481593, 50.9861828009], [11.038382095, 50.9858438114], [11.0378878028, 50.9856983385], [11.0375906106, 50.9856409013], [11.037505708, 50.9855380747], [11.0372217603, 50.9854414654], [11.0369500809, 50.9853528114], [11.0368393459, 50.985296908], [11.036704726, 50.9851936709], [11.0364323996, 50.9851364356], [11.0361478933, 50.9850329785], [11.0346758367, 50.9839997536], [11.0342635535, 50.9838106984], [11.034733449, 50.9835825151], [11.0355749941, 50.9831408037], [11.036292051, 50.9827986219], [11.0373182689, 50.982304273], [11.037924994, 50.9819689074], [11.0383835717, 50.9816942033], [11.0388305445, 50.9813884612], [11.0392781488, 50.9810517806], [11.0400639143, 50.9804653598], [11.0405746954, 50.9800605914], [11.0408501471, 50.979761168], [11.0410040071, 50.979422071], [11.0411516785, 50.9787889749], [11.0413024197, 50.9781203294], [11.041354501, 50.9778546476], [11.041462988, 50.9773408397], [11.0415737759, 50.9767151761], [11.0416896491, 50.9758420188], [11.0417724552, 50.9753863064], [11.0418949911, 50.9747839446], [11.04191025, 50.9746370964], [11.0418746553, 50.9744062232], [11.0418186554, 50.9741072368], [11.0418241467, 50.9738401784], [11.0418391581, 50.9737146073], [11.0418998487, 50.9731808984], [11.0427197064, 50.9732111828], [11.0439246403, 50.973268376], [11.0447419255, 50.9734164641], [11.0455350057, 50.9735329258], [11.0466891176, 50.973620903], [11.0477317557, 50.9736560457], [11.0479187606, 50.9736623471], [11.0489376274, 50.9736784964], [11.0495094347, 50.9736752912], [11.0506285175, 50.9736529616], [11.0518596058, 50.9736236723], [11.0530771458, 50.9736492533], [11.0541430103, 50.9737992885], [11.055254069, 50.9739666849], [11.056651229, 50.97422884], [11.0583994727, 50.9746250877], [11.0589859978, 50.9747190166], [11.0631025666, 50.9752179896], [11.0630666637, 50.9754709118], [11.0647882642, 50.9756794751], [11.0648211819, 50.9756837199], [11.0672780647, 50.9760012719], [11.0674941462, 50.9759835176], [11.0676016036, 50.9760038528], [11.0676770769, 50.9760823656], [11.0710277515, 50.976508331], [11.0726400578, 50.9766860681], [11.0730473904, 50.976751638], [11.0730470354, 50.9767694466], [11.0745083755, 50.9769769497], [11.0763624545, 50.9772765961], [11.0784791386, 50.9778365464], [11.079976649, 50.9783559642], [11.0809430132, 50.978657453], [11.0816142109, 50.9789209919], [11.0817813533, 50.9790202677], [11.082494472, 50.979319934], [11.082727922, 50.9793689037], [11.084334722, 50.9798969689], [11.0840083793, 50.9802394903], [11.0838563025, 50.980401634], [11.0838137316, 50.9804476592], [11.0835503142, 50.9807389171], [11.0834910737, 50.9808054729], [11.0833419059, 50.980972113], [11.0832258895, 50.9811083059], [11.0829744217, 50.981405017], [11.0829432386, 50.9814418162], [11.0826043383, 50.9817208511], [11.0823108734, 50.9821467379], [11.082077943, 50.9826917289], [11.0818689338, 50.9830118368], [11.0814547621, 50.9836443685], [11.0813464868, 50.9838098444], [11.0810240764, 50.9843025941], [11.0798275452, 50.9854885566], [11.0795960466, 50.9857180034], [11.0794045859, 50.9859017546], [11.0789655823, 50.9863226736], [11.0787059139, 50.9865483273], [11.0783497506, 50.9868427058], [11.0780152362, 50.9871435358], [11.0777752559, 50.987352258], [11.0776166172, 50.9875493058], [11.0773030689, 50.9879947704], [11.07722672, 50.9880894448], [11.0770858145, 50.9882285706], [11.0770350321, 50.9882716877], [11.0769338644, 50.9883427928], [11.0769048065, 50.988364587], [11.0768436514, 50.9884104797], [11.0765825034, 50.9886159855], [11.0763931544, 50.988827713], [11.0763461123, 50.9888944807], [11.0763454341, 50.9889358262], [11.0763390245, 50.9893739065], [11.0763247488, 50.9903515529], [11.0757213726, 50.9916966852], [11.0756487998, 50.9918583649], [11.0755906589, 50.9919881579], [11.0750736052, 50.9926424346], [11.0736678811, 50.9925647866], [11.0735806427, 50.9926749313], [11.0734879096, 50.9927969886], [11.0733109403, 50.993029924], [11.07317754, 50.9932056832], [11.0727565815, 50.9936805677], [11.0726686675, 50.9938107617], [11.0726441702, 50.9938027469], [11.0720535329, 50.9945081138], [11.0720355697, 50.9945296262], [11.0718032601, 50.9948363794], [11.0717139064, 50.9949455259], [11.071570294, 50.9951542825], [11.0713462515, 50.9954752133], [11.0712526898, 50.9957804603], [11.0711358836, 50.9960160377], [11.0708466072, 50.9963150465], [11.0708253705, 50.9963508367], [11.0708146187, 50.9963690148], [11.0708010226, 50.9963919704], [11.0697992249, 50.996090315], [11.0685001851, 50.9957002968], [11.0679448598, 50.9955335623], [11.0672220465, 50.9952529903], [11.066134308, 50.9948307521], [11.0652959576, 50.994505311], [11.065029408, 50.9944018355], [11.0638917362, 50.9936159424], [11.0624966124, 50.9928762615], [11.0612381554, 50.9923200548], [11.0604981233, 50.9919947311], [11.059772744, 50.9916758392], [11.05721278, 50.9904185529], [11.0567169374, 50.9901609719], [11.0555474641, 50.9895593496], [11.0534371693, 50.9885937433], [11.0527089925, 50.9881809637], [11.0523595306, 50.9879410505], [11.0516737657, 50.987470248], [11.0512634217, 50.9872042115], [11.0504613466, 50.986833194], [11.0503241157, 50.9867586407], [11.0497583154, 50.9864514911], [11.0479601527, 50.9856198441]]]}, "properties": {"STADTTE_ID": 8, "NAME": "Krämpfervorstadt", "DOWNLOADLI": "https://geoportal.erfurt.de/gis/pub/downloads/thematik/stadtteile.zip", "SHAPE_AREA": 4974540.50814}}, {"type": "Feature", "geometry": {"type": "Polygon", "coordinates": [[[11.0754294383, 50.9702787164], [11.0754757668, 50.9702713977], [11.075486097, 50.9702243484], [11.0756076655, 50.9696916939], [11.0758543228, 50.9686156524], [11.0758979855, 50.9686127617], [11.0769161635, 50.9685437233], [11.0778140047, 50.9684888027], [11.0788314518, 50.9684282992], [11.0789118528, 50.9684220381], [11.0796237408, 50.9683503023], [11.0805854244, 50.9682539211], [11.0812661449, 50.9681402378], [11.0819291265, 50.9680301252], [11.0820233776, 50.9680174533], [11.0845422387, 50.9677367515], [11.0846213639, 50.9677243718], [11.0847279207, 50.9686526794], [11.0847349032, 50.9687134678], [11.0848301188, 50.9694897913], [11.0851932637, 50.9711182075], [11.0856752635, 50.9723790177], [11.0861472988, 50.9734090176], [11.0861533411, 50.9734463535], [11.0862063833, 50.9734475499], [11.086429299, 50.9741497434], [11.0865908605, 50.9752939192], [11.0865513324, 50.9758968348], [11.0864802499, 50.9762667946], [11.0860422998, 50.9776981959], [11.0859717313, 50.9777823395], [11.0859531321, 50.977823168], [11.085880668, 50.9779822482], [11.0856613033, 50.9783347064], [11.0855049432, 50.9786380374], [11.0848731225, 50.9793191809], [11.0846327285, 50.9795707283], [11.0846042416, 50.9796001087], [11.084334722, 50.9798969689], [11.082727922, 50.9793689037], [11.082494472, 50.979319934], [11.0817813533, 50.9790202677], [11.0816142109, 50.9789209919], [11.0809430132, 50.978657453], [11.079976649, 50.9783559642], [11.0784791386, 50.9778365464], [11.0763624545, 50.9772765961], [11.0745083755, 50.9769769497], [11.0730470354, 50.9767694466], [11.0730473904, 50.976751638], [11.0726400578, 50.9766860681], [11.0710277515, 50.976508331], [11.0676770769, 50.9760823656], [11.0676016036, 50.9760038528], [11.0674941462, 50.9759835176], [11.0672780647, 50.9760012719], [11.0648211819, 50.9756837199], [11.0647882642, 50.9756794751], [11.0630666637, 50.9754709118], [11.0631025666, 50.9752179896], [11.0589859978, 50.9747190166], [11.0583994727, 50.9746250877], [11.056651229, 50.97422884], [11.055254069, 50.9739666849], [11.0541430103, 50.9737992885], [11.0530771458, 50.9736492533], [11.0518596058, 50.9736236723], [11.0506285175, 50.9736529616], [11.0495094347, 50.9736752912], [11.0489376274, 50.9736784964], [11.0479187606, 50.9736623471], [11.0477317557, 50.9736560457], [11.0466891176, 50.973620903], [11.0455350057, 50.9735329258], [11.0447419255, 50.9734164641], [11.0439246403, 50.973268376], [11.0427197064, 50.9732111828], [11.0418998487, 50.9731808984], [11.0398287851, 50.9723547413], [11.0398428312, 50.9722762964], [11.0391264534, 50.9720583], [11.0376420614, 50.9716013908], [11.0377675192, 50.9714207525], [11.0378824159, 50.9712603329], [11.0379855669, 50.9713014209], [11.0382741922, 50.9713483208], [11.0387347777, 50.9714065293], [11.0390430696, 50.9714462298], [11.0393329196, 50.9714337706], [11.039616372, 50.9713519962], [11.039868421, 50.9712749105], [11.0400972958, 50.9711827922], [11.0403113364, 50.9710509728], [11.0404788291, 50.9708989822], [11.0405997741, 50.9707268198], [11.0406826096, 50.9705048731], [11.0407335328, 50.9703123475], [11.0407806021, 50.9699268463], [11.0407758984, 50.9695390229], [11.0407450518, 50.9693724605], [11.0407024791, 50.9691593778], [11.0405962967, 50.9688071264], [11.0404638972, 50.9683954159], [11.0403995823, 50.9680980515], [11.04036616, 50.9678207304], [11.0403581522, 50.9674496201], [11.0403940357, 50.9672272869], [11.0404319997, 50.9670913632], [11.040550407, 50.966661922], [11.0406440114, 50.9662965923], [11.0407442197, 50.9659906829], [11.0407783685, 50.9658524398], [11.0408058123, 50.9656597209], [11.0407905833, 50.9652588668], [11.0409718471, 50.9649397613], [11.0410202594, 50.9648545359], [11.0410005219, 50.9648397408], [11.040997632, 50.9648182954], [11.0409970839, 50.9647944518], [11.0410014922, 50.9647753225], [11.0410075208, 50.9647569625], [11.0410105065, 50.9647246165], [11.0410181457, 50.9646805513], [11.0410273918, 50.9646394206], [11.0410327518, 50.9646189336], [11.0410374824, 50.9646028366], [11.0410412309, 50.9645901655], [11.0410680007, 50.9645032615], [11.0410920939, 50.9644253791], [11.0411162302, 50.9643475059], [11.0411416924, 50.9642653464], [11.0411626127, 50.9641970924], [11.0411782625, 50.9641400585], [11.0412148784, 50.9640166944], [11.0412223152, 50.9639852392], [11.0412361704, 50.9639400292], [11.0412598085, 50.9638607131], [11.0412823085, 50.963781361], [11.0413186052, 50.9636561875], [11.0413554432, 50.9635310181], [11.0413729382, 50.9634728132], [11.0413786995, 50.9634543068], [11.0413887484, 50.9634183424], [11.0414233851, 50.9632839047], [11.0414419592, 50.9632320908], [11.0414462725, 50.9632175274], [11.0415248757, 50.9630333806], [11.0415773433, 50.9629122502], [11.0416115223, 50.9628332632], [11.0416452263, 50.9627551721], [11.0416520706, 50.96273938], [11.0416795806, 50.9626759347], [11.041713576, 50.962597477], [11.0417198372, 50.9625830378], [11.0417494013, 50.9625145398], [11.0417612238, 50.9624871387], [11.0417833092, 50.9624354882], [11.0417882392, 50.9624235276], [11.0418167549, 50.9623568458], [11.0418243642, 50.9623390824], [11.0418504044, 50.9622764884], [11.0418789289, 50.9622100762], [11.0418996027, 50.9621633942], [11.0419202638, 50.9621152555], [11.0419379911, 50.9620734475], [11.041942628, 50.9620618175], [11.0419768161, 50.9619822555], [11.0420063208, 50.9619187195], [11.0420327591, 50.9618568029], [11.0420651945, 50.9617822244], [11.0420995739, 50.9617044343], [11.0421049172, 50.9616923522], [11.0421317173, 50.961630834], [11.0421500519, 50.9615885279], [11.0421869611, 50.961503289], [11.0422403746, 50.961382435], [11.0422665666, 50.9613227729], [11.0422932118, 50.961262538], [11.0423003921, 50.9612463001], [11.0423248346, 50.9611907491], [11.0423387531, 50.9611589421], [11.0423559268, 50.9611246274], [11.0423578005, 50.9611200402], [11.0423864464, 50.961057306], [11.0424091171, 50.9610069178], [11.0424244968, 50.9609726155], [11.0424352925, 50.9609584468], [11.0424959794, 50.9608271442], [11.0425388898, 50.9607344658], [11.0425506175, 50.9607088533], [11.0425568588, 50.9606960495], [11.0425825663, 50.9606433138], [11.0425859998, 50.9606362674], [11.0426127956, 50.9605804574], [11.0426234459, 50.9605587904], [11.0426542311, 50.9604944548], [11.0426916799, 50.9604161333], [11.0427354788, 50.9603266177], [11.0427958823, 50.9601972004], [11.0428208768, 50.9601437756], [11.0428456473, 50.960090924], [11.0428620233, 50.960057303], [11.0428790978, 50.9600222057], [11.0428979586, 50.9599833555], [11.0429034, 50.9599713454], [11.0429381298, 50.9599013438], [11.0429732893, 50.9598304911], [11.0430118579, 50.9597647987], [11.0430251212, 50.9597420661], [11.0431340339, 50.9595438008], [11.0432324283, 50.9593670697], [11.0433270305, 50.9592002585], [11.0434088118, 50.9590582505], [11.0434888289, 50.9589383602], [11.043564026, 50.958825724], [11.0436686736, 50.9586692872], [11.0437972257, 50.9584763417], [11.0439110257, 50.9583055685], [11.0439370302, 50.9582666722], [11.0440399436, 50.9581117575], [11.0441705108, 50.9579160278], [11.0442887135, 50.9577397296], [11.0444406437, 50.9575148851], [11.0445423789, 50.9573623028], [11.0445751005, 50.9573448719], [11.044607486, 50.9573381144], [11.04464246, 50.9573403313], [11.0449254267, 50.9573885429], [11.0452367004, 50.9574420409], [11.0454172004, 50.9574737305], [11.0455067833, 50.9574898158], [11.0458748525, 50.9575572637], [11.0463388384, 50.9576366073], [11.0467652658, 50.9577093971], [11.0470076682, 50.9577507043], [11.047277781, 50.9577967118], [11.0474673849, 50.9578290525], [11.0475610402, 50.9578448085], [11.0478852349, 50.9578994804], [11.0479278578, 50.9579067498], [11.0480095987, 50.9579208553], [11.0480853299, 50.9579340779], [11.04811218, 50.9580801168], [11.0481410386, 50.9582376937], [11.0481503662, 50.958288664], [11.0482644384, 50.9589165021], [11.0483667345, 50.9594931663], [11.0484486931, 50.9595188229], [11.0488131591, 50.9594496245], [11.0488706511, 50.9594389995], [11.0488940518, 50.9594348034], [11.0490787728, 50.9594026953], [11.0491665286, 50.9593877589], [11.0493639961, 50.9593616062], [11.0494270105, 50.9593530218], [11.0495012952, 50.9593425694], [11.0496425401, 50.9593220089], [11.0497852973, 50.9593005429], [11.0498830185, 50.9592854176], [11.0499737243, 50.959270963], [11.0501085398, 50.9592487674], [11.0502406763, 50.9592260474], [11.0504143392, 50.9591945217], [11.0506551238, 50.959147774], [11.050794522, 50.9591185763], [11.0508647153, 50.9591027681], [11.0508712674, 50.9591011852], [11.0509098421, 50.9590912234], [11.0509374383, 50.9590836452], [11.0510555957, 50.9590490968], [11.051601767, 50.958879259], [11.0516182422, 50.9588739996], [11.051937749, 50.9587705183], [11.052030299, 50.9587405245], [11.0524397348, 50.9586090556], [11.0526423125, 50.9585430057], [11.0526423348, 50.9585430592], [11.0537118861, 50.9596363541], [11.0556707155, 50.9606500578], [11.0555112319, 50.9607973108], [11.0564688443, 50.9612660466], [11.0565782939, 50.9612842683], [11.0570797081, 50.9615436594], [11.0570905626, 50.9615500381], [11.0566184142, 50.961938538], [11.0566299828, 50.9619510873], [11.056556911, 50.9621449684], [11.056474809, 50.9624331929], [11.0564589256, 50.9624647341], [11.0564409066, 50.9624815244], [11.0564155362, 50.9625076349], [11.0560816299, 50.9625906387], [11.0559284766, 50.962638468], [11.0553651235, 50.9623537522], [11.0550892588, 50.9628633275], [11.0551138993, 50.9629466634], [11.0552646997, 50.9631754307], [11.0560084175, 50.9632947535], [11.05629049, 50.9632772425], [11.0569295551, 50.9630201937], [11.057733027, 50.9629755337], [11.0578853051, 50.9629685329], [11.0583880508, 50.9628736392], [11.0584898956, 50.9632553993], [11.0582436485, 50.9634364641], [11.058318457, 50.9635089886], [11.0590717289, 50.9649596574], [11.0590927977, 50.9650195269], [11.0591204715, 50.9650163578], [11.0593226689, 50.9649923652], [11.0593633415, 50.9649943117], [11.0595497827, 50.9650033617], [11.0596986803, 50.9650104934], [11.0597388991, 50.9650278074], [11.0597459494, 50.9650735304], [11.0597424889, 50.9650898612], [11.0600430139, 50.9649900529], [11.0600235155, 50.9650467239], [11.0600591926, 50.9650348774], [11.060002212, 50.9652344297], [11.0599360617, 50.9654653691], [11.0598783804, 50.9659113067], [11.0598858497, 50.9663598381], [11.0599029334, 50.9667691642], [11.0599045646, 50.966808189], [11.0599779965, 50.9672541967], [11.0599834348, 50.9672738384], [11.059996018, 50.9673205017], [11.0600988306, 50.9677107154], [11.0602538844, 50.9681347374], [11.0603141038, 50.9682487624], [11.0604403553, 50.9682364643], [11.0605217299, 50.9683867968], [11.0606080003, 50.9685359035], [11.0607110929, 50.9687043798], [11.0608173741, 50.9688700935], [11.0608634578, 50.968935636], [11.0609322273, 50.969033446], [11.0610555493, 50.9691943538], [11.0610945834, 50.9692284732], [11.0611471641, 50.9692531206], [11.06095839, 50.9693185312], [11.060842345, 50.9693566237], [11.060637655, 50.9694238247], [11.0605861203, 50.9694410516], [11.0603992955, 50.9695024607], [11.0603796619, 50.9695099266], [11.0603951938, 50.9695437604], [11.0602436426, 50.9697451595], [11.0602839033, 50.9697332635], [11.0606044412, 50.9696236467], [11.0610212954, 50.9694812806], [11.0612606935, 50.969399426], [11.0617446606, 50.9692341446], [11.0617466516, 50.9692553653], [11.061605537, 50.9693136505], [11.0615778092, 50.9693238237], [11.0615516137, 50.9693355023], [11.0615271531, 50.9693485956], [11.0615046151, 50.9693630003], [11.0614841827, 50.9693786055], [11.0614660087, 50.9693952878], [11.0614502368, 50.9694129179], [11.0614369905, 50.9694313578], [11.0614263747, 50.9694504645], [11.0614184808, 50.9694700861], [11.0614133577, 50.9694900698], [11.0614110456, 50.969510262], [11.0614115673, 50.9695305031], [11.0614149145, 50.9695506377], [11.0614210617, 50.9695705061], [11.0614299621, 50.9695899544], [11.0614415464, 50.9696088319], [11.0614557212, 50.9696269901], [11.0615296257, 50.969710374], [11.0615849288, 50.9697739277], [11.0616374094, 50.9698384279], [11.0616870285, 50.9699038249], [11.0617338106, 50.969970067], [11.0617776542, 50.9700371066], [11.0618185295, 50.9701048893], [11.0618278869, 50.9701211421], [11.0618665363, 50.9701817889], [11.0619097936, 50.9702411815], [11.0619575574, 50.9702991796], [11.0620144904, 50.9703605602], [11.0620764693, 50.9704199585], [11.0621433245, 50.9704772111], [11.0622660375, 50.9705766372], [11.0623743918, 50.9706609249], [11.0624936197, 50.9707496962], [11.0626160153, 50.9708367162], [11.0629058344, 50.9710366131], [11.0630049982, 50.9711042965], [11.0632438895, 50.9712674761], [11.0634465537, 50.9714058251], [11.0639210966, 50.9717300016], [11.0638740084, 50.9717573988], [11.0638569831, 50.9717606686], [11.0638553148, 50.9718091087], [11.0640416994, 50.9717725858], [11.0640551252, 50.9717698968], [11.0648291304, 50.9716866346], [11.0648982674, 50.9716756897], [11.0660468811, 50.9715323695], [11.0671637301, 50.9713871233], [11.0675240451, 50.9713417478], [11.0682554431, 50.9712497774], [11.0692420934, 50.9711257448], [11.0699689826, 50.9710344875], [11.0702818115, 50.9709952821], [11.0716647029, 50.9708220472], [11.0726810754, 50.9706947401], [11.0727273516, 50.9706684735], [11.0726927075, 50.9707252032], [11.0727955939, 50.9707174193], [11.073119923, 50.9706630753], [11.0735948384, 50.9705834971], [11.074640387, 50.9704102686], [11.0754294383, 50.9702787164]]]}, "properties": {"STADTTE_ID": 11, "NAME": "Daberstedt", "DOWNLOADLI": "https://geoportal.erfurt.de/gis/pub/downloads/thematik/stadtteile.zip", "SHAPE_AREA": 3508350.82856}}, {"type": "Feature", "geometry": {"type": "MultiPolygon", "coordinates": [[[[10.9727383062, 51.0031018223], [10.9723948573, 51.0029682868], [10.9715804838, 51.0026540401], [10.9714629316, 51.0026089213], [10.9712207766, 51.0025162976], [10.9708468988, 51.0023732685], [10.9705092396, 51.0022438747], [10.9704421904, 51.0022181411], [10.9698820168, 51.0020086745], [10.9692635764, 51.0017763007], [10.9688493325, 51.0016203168], [10.9683955017, 51.0014479136], [10.9686715979, 51.0011559506], [10.9690088186, 51.0007991963], [10.9690534432, 51.0007515505], [10.9690739971, 51.0007300969], [10.9693406347, 51.0004513513], [10.9693813123, 51.0004087615], [10.9697724254, 50.9999993093], [10.9701392589, 50.9996152854], [10.9699087247, 50.9994365067], [10.9698080772, 50.9994210912], [10.9697450363, 50.9994076756], [10.9690887479, 50.9992680023], [10.9689566446, 50.9992398796], [10.968458869, 50.9991340444], [10.9683372359, 50.9991076584], [10.967637757, 50.9989558386], [10.9668807566, 50.9987929328], [10.9662221846, 50.9986526326], [10.9659513114, 50.9985944765], [10.9655540558, 50.9985078092], [10.9649060502, 50.998372773], [10.965233567, 50.9980237079], [10.9656919407, 50.9975508414], [10.9660720924, 50.9971516255], [10.9657207236, 50.996997086], [10.9655710087, 50.9969435576], [10.9650697879, 50.9968237172], [10.9645183645, 50.9966900748], [10.9641319374, 50.9965935048], [10.9638024257, 50.9965108834], [10.9634810913, 50.9964300483], [10.9633720183, 50.9964013289], [10.9628786257, 50.9962316327], [10.962312149, 50.9960408061], [10.961761098, 50.9958558441], [10.9616607281, 50.9953212247], [10.9616393961, 50.9952034224], [10.961578105, 50.9948623308], [10.9615319025, 50.9948161126], [10.9620211903, 50.9943915764], [10.9625331723, 50.9939479833], [10.9625795609, 50.9939098156], [10.9624097988, 50.9937938394], [10.961884161, 50.9934347387], [10.9616761622, 50.9932888031], [10.961448295, 50.9931365877], [10.9612960106, 50.9930344804], [10.9610892643, 50.9928930167], [10.9605993072, 50.9927342876], [10.9599999607, 50.9925433822], [10.9597579422, 50.9924670732], [10.9592436661, 50.9923070341], [10.9586912387, 50.9921345281], [10.9589684144, 50.9918880664], [10.9592580525, 50.9916282868], [10.9593361599, 50.9915514499], [10.9595966144, 50.9913174311], [10.960160957, 50.9908272361], [10.9610368264, 50.9910212565], [10.9610863177, 50.9909248981], [10.9612811735, 50.9905435348], [10.961440565, 50.9901713223], [10.9616721396, 50.9897189306], [10.9616980546, 50.9896687912], [10.9619375178, 50.9892241178], [10.9621247479, 50.9888784993], [10.9621399373, 50.9888504799], [10.962254927, 50.9886369822], [10.962510326, 50.9881644024], [10.9625959318, 50.9881883923], [10.9627794395, 50.9882398194], [10.9630293797, 50.9883098597], [10.9635629545, 50.9884593822], [10.9641746705, 50.9886307978], [10.964401746, 50.9886944287], [10.9644516856, 50.9887084209], [10.9650255335, 50.9888692208], [10.9656011304, 50.9890287266], [10.9656753742, 50.989057173], [10.9656754113, 50.9890571733], [10.9657065803, 50.9890042825], [10.965971816, 50.9885554208], [10.9662536463, 50.9880924794], [10.9662881437, 50.9880364457], [10.9663936386, 50.9878663791], [10.9665068573, 50.9876825966], [10.9665402197, 50.9876278717], [10.9661189054, 50.9874353091], [10.9658711084, 50.9873478708], [10.9661552156, 50.9869141339], [10.9664749909, 50.9864282793], [10.9665133015, 50.9863699248], [10.9671113053, 50.9865031657], [10.9671113673, 50.9865031845], [10.9678899024, 50.9866757232], [10.9679933393, 50.9862090524], [10.9681286499, 50.9856056962], [10.9682562099, 50.9850275571], [10.968632113, 50.985004267], [10.9688258435, 50.9846425657], [10.9690447523, 50.9842333407], [10.9695106563, 50.9843441784], [10.9697849073, 50.9844093046], [10.9700475234, 50.9844715911], [10.9700727936, 50.984477571], [10.970646215, 50.9846131978], [10.9706706653, 50.984647283], [10.9707140667, 50.9845432669], [10.9707250439, 50.9845233604], [10.9708513791, 50.9839535239], [10.970976024, 50.9833913125], [10.9710377526, 50.9831128776], [10.9711281206, 50.9827133133], [10.9711448036, 50.9826581669], [10.971188364, 50.9825362416], [10.9711884889, 50.9825358942], [10.9712273177, 50.9825374044], [10.9712622159, 50.9825461849], [10.9714062554, 50.9821738275], [10.9714098412, 50.9821712649], [10.9715415111, 50.9820771892], [10.9730502458, 50.9824016507], [10.9739938186, 50.9826092214], [10.9749648322, 50.9828204827], [10.9758530735, 50.9830143488], [10.9759925588, 50.9829733169], [10.9766475515, 50.9831255339], [10.9774540568, 50.9833013136], [10.9778506809, 50.983432077], [10.9788699961, 50.9836912442], [10.9797674206, 50.9839298743], [10.9808741618, 50.9842322934], [10.9819661945, 50.9845634705], [10.9830607399, 50.9849009775], [10.983658671, 50.9850343905], [10.9838302448, 50.9850516496], [10.984118744, 50.9850805401], [10.985292406, 50.9852739791], [10.9869662555, 50.9855788713], [10.9879988364, 50.9857670237], [10.9888137362, 50.9859155116], [10.9889932021, 50.9859480051], [10.9890819711, 50.985964333], [10.9905206383, 50.9862617949], [10.9908359034, 50.9863257609], [10.9909287115, 50.9862931668], [10.9909665476, 50.9862854392], [10.9918189443, 50.9864670939], [10.9925607522, 50.9866496777], [10.9927193658, 50.9866910464], [10.9930209966, 50.9867574777], [10.9930757242, 50.9867695269], [10.9937890968, 50.9869266426], [10.9941896116, 50.9870148488], [10.9965124723, 50.9875263679], [10.9979389195, 50.9878465803], [10.9979990889, 50.9878601629], [10.9980939094, 50.9878815679], [10.9985422743, 50.9879824445], [10.9988362934, 50.9880490828], [10.9991947269, 50.9882091824], [11.0006426242, 50.988808128], [11.0016172578, 50.9886310019], [11.0020659035, 50.9887664948], [11.0027811458, 50.9884016904], [11.0038685258, 50.9882302626], [11.0044440323, 50.988242586], [11.0047523178, 50.9883522682], [11.0043709781, 50.9893482293], [11.0043113623, 50.9894949263], [11.0044092329, 50.9898704629], [11.0044192988, 50.9899046531], [11.0044223973, 50.9899151827], [11.0044055486, 50.9899184003], [11.0041317511, 50.9899706964], [11.0041290714, 50.9899776585], [11.0039897169, 50.9903397286], [11.0038623729, 50.9906679813], [11.0035851438, 50.9914116581], [11.0032786113, 50.9921673144], [11.0030111702, 50.9929049587], [11.002785704, 50.9934900823], [11.0025903106, 50.9940265422], [11.0022479825, 50.9949104559], [11.0019346777, 50.9957137358], [11.0015986623, 50.9964874812], [11.0011028042, 50.9974922328], [11.0009311909, 50.9978209803], [11.0008383147, 50.99808925], [11.0006755892, 50.9984547637], [11.0004967578, 50.9986685768], [11.0002367176, 50.9990577182], [10.999806134, 50.9997082951], [10.9991692237, 51.0005161484], [10.9986623275, 51.0011294308], [10.9982060465, 51.001639188], [10.9979475148, 51.0019195499], [10.9980248245, 51.0019571617], [10.9976893278, 51.002246361], [10.996794505, 51.0030786027], [10.9967030649, 51.0031255101], [10.9965827668, 51.0031334646], [10.9963267199, 51.003060346], [10.9962543948, 51.0031377529], [10.9961091187, 51.0033173824], [10.9959412737, 51.003524917], [10.9958309486, 51.0036613308], [10.9956585531, 51.0038744891], [10.9954754178, 51.0041009199], [10.9953857366, 51.0042118074], [10.9952658543, 51.0043138897], [10.9950533212, 51.0044714507], [10.9947707073, 51.0046807622], [10.9947337567, 51.0047081322], [10.9947296848, 51.0047114682], [10.9946984232, 51.0047370791], [10.9945794184, 51.004836024], [10.9943494348, 51.0050267227], [10.9936798664, 51.0055819119], [10.99313847, 51.0060324824], [10.9931156895, 51.0060487458], [10.9928138107, 51.0058632061], [10.9923682431, 51.0055919928], [10.9918910688, 51.0053055852], [10.9917170291, 51.0052018403], [10.9913680371, 51.0049958231], [10.9909884455, 51.0047805568], [10.9903715654, 51.0044284419], [10.9898531149, 51.004130964], [10.9893141317, 51.0038671172], [10.9890240933, 51.0037246578], [10.9885794186, 51.003506239], [10.9881719941, 51.0033058309], [10.9878786928, 51.0031573984], [10.9878377504, 51.003139974], [10.9878115435, 51.0031277472], [10.9874399982, 51.0037743967], [10.9870743656, 51.0043454367], [10.986800987, 51.0047801279], [10.9861338578, 51.0057501062], [10.9860836218, 51.0057278262], [10.985745184, 51.005577885], [10.9845288603, 51.0050361454], [10.9840755093, 51.0047890387], [10.983891456, 51.004688681], [10.9838227, 51.0046500639], [10.9831664326, 51.0042816875], [10.9828168568, 51.0040745559], [10.9826462231, 51.0039381811], [10.9817465812, 51.0035035746], [10.9816848433, 51.003473756], [10.9811966459, 51.0032361359], [10.9804807639, 51.0028376901], [10.9799521751, 51.0024863069], [10.9796701743, 51.0022584908], [10.9795924904, 51.0021960123], [10.979565478, 51.0021680809], [10.9790537008, 51.0016381455], [10.9789181063, 51.0014038671], [10.9784721704, 51.0008518108], [10.9781648795, 51.0006208176], [10.9778824847, 51.0004284298], [10.9775321209, 51.0002842323], [10.9774410951, 51.0002742401], [10.9773401143, 51.0002744172], [10.9772930015, 51.0002744999], [10.9766684673, 50.9999894353], [10.9760800123, 50.9997192369], [10.9754850078, 50.9994555443], [10.9754358421, 50.9994337192], [10.9753784539, 50.9994183305], [10.9753046777, 50.9994581006], [10.9752287732, 50.9995242075], [10.9752088601, 50.9997252304], [10.9751815256, 51.0000273976], [10.9751231046, 51.0001943536], [10.9749854288, 51.0004162751], [10.9749235481, 51.0005155218], [10.9748095667, 51.0006560631], [10.9748851575, 51.0006802431], [10.9745639391, 51.0010842276], [10.9741105236, 51.0016558786], [10.9739471225, 51.0018802148], [10.9736318519, 51.0023419627], [10.9733583755, 51.0026104497], [10.9728127794, 51.0031302667], [10.9728127012, 51.003130339], [10.9727383062, 51.0031018223]]], [[[10.9728127012, 51.003130339], [10.9728170263, 51.0031319963], [10.9725295272, 51.0033781271], [10.9728127012, 51.003130339]]]]}, "properties": {"STADTTE_ID": 21, "NAME": "Marbach", "DOWNLOADLI": "https://geoportal.erfurt.de/gis/pub/downloads/thematik/stadtteile.zip", "SHAPE_AREA": 5146103.99062}}, {"type": "Feature", "geometry": {"type": "Polygon", "coordinates": [[[10.9503985284, 51.0100402799], [10.950356329, 51.0100336809], [10.9503110494, 51.0100265505], [10.9499799901, 51.0104002519], [10.9493717218, 51.0101862926], [10.9483252574, 51.0098116271], [10.9478375784, 51.009634836], [10.9477842506, 51.0096201169], [10.9476966576, 51.0097173743], [10.9471089317, 51.0101707843], [10.9466540876, 51.0104747835], [10.9466318119, 51.0104654768], [10.9462182503, 51.0102927535], [10.9461517542, 51.0102680274], [10.9458907663, 51.010570013], [10.945866744, 51.0105932218], [10.9452190719, 51.0103393428], [10.9450661468, 51.0103067975], [10.9448366043, 51.0102579282], [10.9446382242, 51.0102335571], [10.9443017216, 51.0101925399], [10.9441791161, 51.0101777241], [10.9437335005, 51.0101238907], [10.9434205063, 51.0100861843], [10.9432397103, 51.0100649996], [10.9430611853, 51.0100442563], [10.9430073524, 51.0100379902], [10.9419301374, 51.0101219685], [10.9418209555, 51.0101303741], [10.9407891071, 51.0102136569], [10.9406979286, 51.0102210374], [10.939552648, 51.0103151829], [10.9385307958, 51.0104090441], [10.937424978, 51.010508677], [10.9363668375, 51.0106074064], [10.9362323321, 51.0106163678], [10.9360687582, 51.0106272751], [10.9358873033, 51.0106393598], [10.9356984406, 51.0106519519], [10.9355105766, 51.0106644624], [10.9353338449, 51.0106762477], [10.9351354633, 51.0106894615], [10.9349313155, 51.0107030638], [10.934767742, 51.0107139611], [10.9345575861, 51.0107279662], [10.9343420503, 51.0107423263], [10.9341224468, 51.0107569547], [10.9340772628, 51.0107588262], [10.9339482553, 51.0107641576], [10.9333464944, 51.0107771971], [10.932455246, 51.0107534757], [10.9321791324, 51.0107294971], [10.9321166729, 51.01072098], [10.9316820063, 51.0106610612], [10.9317076658, 51.0105755651], [10.9317182058, 51.0105403789], [10.9318367217, 51.010142907], [10.9319645331, 51.0097065334], [10.9319763156, 51.0096662974], [10.9321432539, 51.0091720676], [10.9321523084, 51.0091420367], [10.9323054825, 51.0086340259], [10.9323310705, 51.0085490236], [10.9323455443, 51.0085007038], [10.9324821942, 51.0080395823], [10.932505106, 51.0079625026], [10.9326575406, 51.0074534773], [10.932662959, 51.0074352701], [10.9328881741, 51.0066737998], [10.9311970018, 51.0063629942], [10.9310863893, 51.0063415234], [10.9308933184, 51.0063054288], [10.9307645858, 51.0062819756], [10.9303257304, 51.0062022095], [10.9303310833, 51.0061862852], [10.9303393298, 51.0061585117], [10.9303432754, 51.0061455317], [10.9304964, 51.0056351406], [10.9306591097, 51.0050919181], [10.9307577045, 51.004750744], [10.9302998719, 51.0047484886], [10.9295143275, 51.0047445982], [10.9286823146, 51.0047404743], [10.927794985, 51.0047360713], [10.9273485062, 51.0047338462], [10.9273682027, 51.004692784], [10.9334434147, 51.0047298153], [10.9334659082, 51.0047299574], [10.9335051313, 51.004721856], [10.9336270121, 51.0046879733], [10.9340460222, 51.0040450106], [10.9342748077, 51.0036939007], [10.934383278, 51.0035274565], [10.9346004084, 51.0031942185], [10.9346215333, 51.0031682343], [10.9346455518, 51.003139031], [10.9346663039, 51.0031137805], [10.9353216588, 51.0034690087], [10.9360428158, 51.003860446], [10.9361252802, 51.0039046144], [10.9363600715, 51.0040318985], [10.9366671283, 51.0041983669], [10.9367602065, 51.0042388828], [10.9368761188, 51.0042821056], [10.937000247, 51.0043118016], [10.9371227228, 51.004336698], [10.9379728413, 51.0044343154], [10.9387463914, 51.0032324876], [10.9391797256, 51.0035270233], [10.9392031711, 51.0034915933], [10.9396825845, 51.0027520782], [10.9400773801, 51.0021457663], [10.9401078523, 51.0021007635], [10.9405308029, 51.0014411658], [10.9408188747, 51.0009974706], [10.9411185771, 51.0005326021], [10.9411584914, 51.0004726459], [10.9414499162, 51.0000344712], [10.9416426328, 50.9997457559], [10.9416596053, 50.9997203987], [10.9417935001, 50.9995213601], [10.9421206655, 50.9990288437], [10.9421814486, 50.9989366355], [10.9419609654, 50.9988767585], [10.943671539, 50.9968120289], [10.9438224862, 50.9968374561], [10.9439719844, 50.9968620709], [10.944122463, 50.9968862357], [10.9443682265, 50.9969863665], [10.944558637, 50.9970644579], [10.9450496671, 50.9966425219], [10.9456078177, 50.9961599272], [10.9461212315, 50.9957086408], [10.9461618536, 50.995736523], [10.9466229431, 50.9960278482], [10.9468600528, 50.9956775172], [10.9471531779, 50.9952442068], [10.9474984816, 50.9947337339], [10.9475140614, 50.9947118239], [10.9475423007, 50.9946718064], [10.9475637393, 50.9946408788], [10.9478757452, 50.9941821353], [10.9478959677, 50.9941520238], [10.9481533318, 50.9937655819], [10.9482197366, 50.9936670368], [10.9483725608, 50.9934402475], [10.9483914149, 50.9934126941], [10.9493006069, 50.9936767563], [10.9509905978, 50.9941675622], [10.9510092348, 50.9941388383], [10.9513028668, 50.9936947344], [10.9513340569, 50.9936475608], [10.9516221124, 50.9932123593], [10.9516542112, 50.9931626765], [10.9506783272, 50.9929266644], [10.9496335498, 50.9926182285], [10.9490274641, 50.9924390109], [10.9484253775, 50.9922570388], [10.9477494879, 50.9920270349], [10.9476978487, 50.9920109738], [10.9478766033, 50.9918187665], [10.9481870766, 50.9914848775], [10.9487393546, 50.9908972748], [10.9495108468, 50.990384821], [10.9502105591, 50.9898771285], [10.9512578132, 50.9887500283], [10.9512785027, 50.9887249727], [10.9515579963, 50.9887984316], [10.9516046624, 50.9888100953], [10.9542434817, 50.9894619878], [10.954288111, 50.9894718076], [10.9543208987, 50.9893715568], [10.9544765141, 50.9889217971], [10.9546303637, 50.988480848], [10.9548399953, 50.9876927582], [10.9549146745, 50.9873764289], [10.9549485991, 50.9869512092], [10.954886911, 50.9865833665], [10.9549394045, 50.9865764378], [10.9557243415, 50.9867544544], [10.9564747822, 50.9869258289], [10.9573507682, 50.9871260065], [10.9581973615, 50.9873194062], [10.9582217171, 50.9873104278], [10.9582694407, 50.9872640012], [10.9582782194, 50.9872427388], [10.9587569013, 50.9864939931], [10.9589912772, 50.9861761803], [10.9592891645, 50.9857348364], [10.9595757649, 50.9852718886], [10.9595921471, 50.9852442669], [10.9597874912, 50.9849149956], [10.959796036, 50.9848989983], [10.9606381405, 50.9850905345], [10.9608062289, 50.9851295317], [10.9608207952, 50.9851142894], [10.960937978, 50.9849916041], [10.9613375567, 50.984575528], [10.9613798609, 50.9845311463], [10.9614038592, 50.9845061358], [10.9616563527, 50.9842405448], [10.9620575598, 50.9843470343], [10.9620724151, 50.9843328824], [10.962158697, 50.9842506692], [10.9622557591, 50.9842790464], [10.9624860936, 50.9843462632], [10.963461312, 50.9846286367], [10.9636228581, 50.984677622], [10.9638549665, 50.9846927585], [10.9640405179, 50.9847048669], [10.9644550689, 50.9847317317], [10.9655752241, 50.983400914], [10.9655433759, 50.9833017504], [10.9667662638, 50.9817667756], [10.9668590486, 50.9817503365], [10.9670597398, 50.9816770406], [10.9672911687, 50.9815925187], [10.9673182582, 50.9815826371], [10.9675978379, 50.9814805339], [10.9679333161, 50.981359445], [10.9687672733, 50.9810485769], [10.9688279984, 50.9810258398], [10.9688861507, 50.9810041488], [10.9689196583, 50.9809919228], [10.9689494612, 50.9809810659], [10.9689952729, 50.980964301], [10.9698962525, 50.9806355962], [10.9702841326, 50.9804940985], [10.9723595514, 50.9797267116], [10.9723741676, 50.9797213114], [10.9723994882, 50.9797281317], [10.9724405009, 50.9802853418], [10.9722935938, 50.9805805774], [10.9720043093, 50.9810706603], [10.9720032499, 50.9810724571], [10.97188487, 50.9812602555], [10.9715932536, 50.9817670221], [10.9714098412, 50.9821712649], [10.9714089981, 50.9821731228], [10.9712650456, 50.9825468962], [10.9712622159, 50.9825461849], [10.9712618563, 50.9825471155], [10.9712241486, 50.9825376288], [10.971188364, 50.9825362416], [10.9711448036, 50.9826581669], [10.9711281206, 50.9827133133], [10.9710377526, 50.9831128776], [10.970976024, 50.9833913125], [10.9708513791, 50.9839535239], [10.9707250439, 50.9845233604], [10.9707140667, 50.9845432669], [10.9706706653, 50.984647283], [10.970646215, 50.9846131978], [10.9700727936, 50.984477571], [10.9700475234, 50.9844715911], [10.9697849073, 50.9844093046], [10.9695106563, 50.9843441784], [10.9690447523, 50.9842333407], [10.9688258435, 50.9846425657], [10.968632113, 50.985004267], [10.9682562099, 50.9850275571], [10.9681286499, 50.9856056962], [10.9679933393, 50.9862090524], [10.9678899024, 50.9866757232], [10.9671113673, 50.9865031845], [10.9671113053, 50.9865031657], [10.9665132722, 50.9863698372], [10.9664749632, 50.9864281979], [10.9661552156, 50.9869141339], [10.9658711084, 50.9873478708], [10.9661189054, 50.9874353091], [10.9665402197, 50.9876278717], [10.9665068573, 50.9876825966], [10.9663936386, 50.9878663791], [10.9662881437, 50.9880364457], [10.9662536463, 50.9880924794], [10.965971816, 50.9885554208], [10.9657065803, 50.9890042825], [10.9656754113, 50.9890571733], [10.9656753743, 50.9890571739], [10.9656011304, 50.9890287266], [10.9650255335, 50.9888692208], [10.9644516856, 50.9887084209], [10.964401746, 50.9886944287], [10.9641746705, 50.9886307978], [10.9635629545, 50.9884593822], [10.9630293797, 50.9883098597], [10.9627794395, 50.9882398194], [10.9625959318, 50.9881883923], [10.962510326, 50.9881644024], [10.962254927, 50.9886369822], [10.9621399373, 50.9888504799], [10.9621247479, 50.9888784993], [10.9619375178, 50.9892241178], [10.9616980546, 50.9896687912], [10.9616721396, 50.9897189306], [10.961440565, 50.9901713223], [10.9612811735, 50.9905435348], [10.9610863177, 50.9909248981], [10.9610368264, 50.9910212565], [10.960160957, 50.9908272361], [10.9595966144, 50.9913174311], [10.9593361599, 50.9915514499], [10.9592580525, 50.9916282868], [10.9589684144, 50.9918880664], [10.9586912387, 50.9921345281], [10.9592436661, 50.9923070341], [10.9597579422, 50.9924670732], [10.9599999607, 50.9925433822], [10.9605993072, 50.9927342876], [10.9610892643, 50.9928930167], [10.9612960106, 50.9930344804], [10.961448295, 50.9931365877], [10.9616761622, 50.9932888031], [10.961884161, 50.9934347387], [10.9624097988, 50.9937938394], [10.9625795609, 50.9939098156], [10.9625331723, 50.9939479833], [10.9620211903, 50.9943915764], [10.9615319025, 50.9948161126], [10.961578105, 50.9948623308], [10.9616393961, 50.9952034224], [10.9616607281, 50.9953212247], [10.961761098, 50.9958558441], [10.962312149, 50.9960408061], [10.9628786257, 50.9962316327], [10.9633720183, 50.9964013289], [10.9634810913, 50.9964300483], [10.9638024257, 50.9965108834], [10.9641319374, 50.9965935048], [10.9645183645, 50.9966900748], [10.9650697879, 50.9968237172], [10.9655710087, 50.9969435576], [10.9657207236, 50.996997086], [10.9660720924, 50.9971516255], [10.9656919407, 50.9975508414], [10.965233567, 50.9980237079], [10.9649060502, 50.998372773], [10.9655540558, 50.9985078092], [10.9659513114, 50.9985944765], [10.9662221846, 50.9986526326], [10.9668807566, 50.9987929328], [10.967637757, 50.9989558386], [10.9683372359, 50.9991076584], [10.968458869, 50.9991340444], [10.9689566446, 50.9992398796], [10.9690887479, 50.9992680023], [10.9697450363, 50.9994076756], [10.9698080772, 50.9994210912], [10.9699087247, 50.9994365067], [10.9701392589, 50.9996152854], [10.9697724254, 50.9999993093], [10.9693813123, 51.0004087615], [10.9693406347, 51.0004513513], [10.9690739971, 51.0007300969], [10.9690534432, 51.0007515505], [10.9690088186, 51.0007991963], [10.9686715979, 51.0011559506], [10.9683955017, 51.0014479136], [10.9688493325, 51.0016203168], [10.9692635764, 51.0017763007], [10.9698820168, 51.0020086745], [10.9704421904, 51.0022181411], [10.9705092396, 51.0022438747], [10.9708468988, 51.0023732685], [10.9712207766, 51.0025162976], [10.9714629316, 51.0026089213], [10.9715804838, 51.0026540401], [10.9723948573, 51.0029682868], [10.9727383062, 51.0031018223], [10.9728127012, 51.003130339], [10.9725295272, 51.0033781271], [10.9722320033, 51.0036253419], [10.9719980309, 51.0037967938], [10.9713129183, 51.0042794286], [10.9709511133, 51.004492667], [10.970348682, 51.004850996], [10.970077058, 51.005014618], [10.9697701478, 51.0052239957], [10.969478304, 51.0054278699], [10.9691949143, 51.0056397373], [10.9689314567, 51.0058148341], [10.9687132904, 51.0059545541], [10.9682621468, 51.0062076834], [10.9678252944, 51.0064383084], [10.9676331082, 51.0066276982], [10.9671399155, 51.0071271662], [10.9666531283, 51.0076252084], [10.9665627924, 51.0077233016], [10.9658593845, 51.0085574524], [10.9656674936, 51.0087865477], [10.9654567863, 51.0090393849], [10.9647520817, 51.0098875606], [10.9646018012, 51.0100720096], [10.9645633378, 51.0101194556], [10.9640865719, 51.0108335767], [10.9636037743, 51.0115363321], [10.9624359758, 51.0127608303], [10.9623829153, 51.0128602266], [10.9623286597, 51.0127257273], [10.9623195115, 51.0127225623], [10.962211916, 51.0126303133], [10.9609956216, 51.0123124777], [10.9602471158, 51.0121356136], [10.9600592892, 51.0121044497], [10.9596846457, 51.011987631], [10.9596000105, 51.0119624812], [10.9585482432, 51.0117511579], [10.9581092012, 51.0116988761], [10.9576967477, 51.0116142793], [10.9572578041, 51.0115201951], [10.9571844783, 51.0115042326], [10.9567008246, 51.0114062242], [10.9561746794, 51.0113044988], [10.9555992002, 51.011197297], [10.9549010579, 51.0111036842], [10.9545709326, 51.0110001259], [10.9545109761, 51.010982115], [10.9541548284, 51.0108800306], [10.9537512955, 51.0107922461], [10.9535042814, 51.0107277674], [10.9530942853, 51.0106467899], [10.9525691549, 51.0104677514], [10.9521203368, 51.0103562639], [10.9520579135, 51.01034285], [10.9513644012, 51.0101933175], [10.9508141001, 51.0101048576], [10.9503985284, 51.0100402799]]]}, "properties": {"STADTTE_ID": 50, "NAME": "Salomonsborn", "DOWNLOADLI": "https://geoportal.erfurt.de/gis/pub/downloads/thematik/stadtteile.zip", "SHAPE_AREA": 4693818.4249}}, {"type": "Feature", "geometry": {"type": "Polygon", "coordinates": [[[10.9766868774, 51.0282950284], [10.9760181976, 51.0280215869], [10.9759824891, 51.0280106126], [10.975803981, 51.027914762], [10.975791756, 51.0279099989], [10.9756474697, 51.0278654703], [10.9752436713, 51.0277391858], [10.9744035449, 51.0274733555], [10.9729041654, 51.0270010485], [10.9691898358, 51.0258384386], [10.96736569, 51.0252608819], [10.9652922618, 51.0246040812], [10.9617679648, 51.0235076004], [10.9605489934, 51.0231283151], [10.9605926636, 51.0230976713], [10.9612291228, 51.0226454935], [10.9618789641, 51.0221853187], [10.9624533819, 51.0217737836], [10.9625440311, 51.0217449733], [10.9633678092, 51.0203137138], [10.9633161172, 51.0203042031], [10.9628592338, 51.0202339467], [10.9624872856, 51.0201689123], [10.9624777862, 51.0201673586], [10.9623195376, 51.0201407925], [10.9623315625, 51.0201072001], [10.9623458323, 51.0200592711], [10.9624060954, 51.0198560024], [10.9624173229, 51.0198180498], [10.9626618791, 51.0193445875], [10.9625734988, 51.0192455351], [10.963695505, 51.0177143254], [10.9637552079, 51.0176290987], [10.9641433819, 51.0170834301], [10.9645064163, 51.0165829403], [10.9650662069, 51.0158204267], [10.9650860085, 51.0157933251], [10.9651263178, 51.0158001629], [10.9651745555, 51.0157822438], [10.9641653717, 51.01560919], [10.962889304, 51.015387834], [10.9625560928, 51.0152902821], [10.9629828612, 51.0146927628], [10.96332957, 51.0142194129], [10.9638355019, 51.0135262036], [10.9621445574, 51.0130346241], [10.9623829153, 51.0128602266], [10.9624359758, 51.0127608303], [10.9636037743, 51.0115363321], [10.9640865719, 51.0108335767], [10.9645633378, 51.0101194556], [10.9646018012, 51.0100720096], [10.9647520817, 51.0098875606], [10.9654567863, 51.0090393849], [10.9656674936, 51.0087865477], [10.9658593845, 51.0085574524], [10.9665627924, 51.0077233016], [10.9666531283, 51.0076252084], [10.9671399155, 51.0071271662], [10.9676331082, 51.0066276982], [10.9678252944, 51.0064383084], [10.9682621468, 51.0062076834], [10.9687132904, 51.0059545541], [10.9689314567, 51.0058148341], [10.9691949143, 51.0056397373], [10.969478304, 51.0054278699], [10.9697701478, 51.0052239957], [10.970077058, 51.005014618], [10.970348682, 51.004850996], [10.9709511133, 51.004492667], [10.9713129183, 51.0042794286], [10.9719980309, 51.0037967938], [10.9722320033, 51.0036253419], [10.9725295272, 51.0033781271], [10.9728127012, 51.003130339], [10.9728127794, 51.0031302667], [10.9733583755, 51.0026104497], [10.9736318519, 51.0023419627], [10.9739471225, 51.0018802148], [10.9741105236, 51.0016558786], [10.9745639391, 51.0010842276], [10.9748851575, 51.0006802431], [10.9748095667, 51.0006560631], [10.9749235481, 51.0005155218], [10.9749854288, 51.0004162751], [10.9751231046, 51.0001943536], [10.9751815256, 51.0000273976], [10.9752088601, 50.9997252304], [10.9752287732, 50.9995242075], [10.9753046777, 50.9994581006], [10.9753784539, 50.9994183305], [10.9754358421, 50.9994337192], [10.9754850078, 50.9994555443], [10.9760800123, 50.9997192369], [10.9766684673, 50.9999894353], [10.9772930015, 51.0002744999], [10.9773401143, 51.0002744172], [10.9774410951, 51.0002742401], [10.9775321209, 51.0002842323], [10.9778824847, 51.0004284298], [10.9781648795, 51.0006208176], [10.9784721704, 51.0008518108], [10.9789181063, 51.0014038671], [10.9790537008, 51.0016381455], [10.979565478, 51.0021680809], [10.9795924904, 51.0021960123], [10.9796701743, 51.0022584908], [10.9799521751, 51.0024863069], [10.9804807639, 51.0028376901], [10.9811966459, 51.0032361359], [10.9816848433, 51.003473756], [10.9817465812, 51.0035035746], [10.9826462231, 51.0039381811], [10.9828168568, 51.0040745559], [10.9831664326, 51.0042816875], [10.9838227, 51.0046500639], [10.983891456, 51.004688681], [10.9840755093, 51.0047890387], [10.9845288603, 51.0050361454], [10.985745184, 51.005577885], [10.9860836218, 51.0057278262], [10.9861338578, 51.0057501062], [10.986800987, 51.0047801279], [10.9870743656, 51.0043454367], [10.9874399982, 51.0037743967], [10.9878115435, 51.0031277472], [10.9878377504, 51.003139974], [10.9878786928, 51.0031573984], [10.9881719941, 51.0033058309], [10.9885794186, 51.003506239], [10.9890240933, 51.0037246578], [10.9893141317, 51.0038671172], [10.9898531149, 51.004130964], [10.9903715654, 51.0044284419], [10.9909884455, 51.0047805568], [10.9913680371, 51.0049958231], [10.9917170291, 51.0052018403], [10.9918910688, 51.0053055852], [10.9923682431, 51.0055919928], [10.9928138107, 51.0058632061], [10.9931156895, 51.0060487458], [10.99313847, 51.0060324824], [10.9936798664, 51.0055819119], [10.9943494348, 51.0050267227], [10.9945794184, 51.004836024], [10.9946984232, 51.0047370791], [10.9947296848, 51.0047114682], [10.9947337567, 51.0047081322], [10.9947707073, 51.0046807622], [10.9950533212, 51.0044714507], [10.9952658543, 51.0043138897], [10.9953857366, 51.0042118074], [10.9954754178, 51.0041009199], [10.9956585531, 51.0038744891], [10.9958309486, 51.0036613308], [10.9959412737, 51.003524917], [10.9961091187, 51.0033173824], [10.9962543948, 51.0031377529], [10.9963267199, 51.003060346], [10.9965827668, 51.0031334646], [10.9967030649, 51.0031255101], [10.996794505, 51.0030786027], [10.9976893278, 51.002246361], [10.9980248245, 51.0019571617], [10.9981402343, 51.0020041621], [10.9983498036, 51.0021021381], [10.9987211788, 51.0022759248], [10.9991837886, 51.0024706471], [10.9998992656, 51.0027425707], [11.0000403544, 51.0027961913], [11.0000840255, 51.0028124666], [11.000102398, 51.0028193748], [11.001857331, 51.0034614998], [11.0019569306, 51.003498432], [11.0019885875, 51.0035102178], [11.0021722938, 51.003578605], [11.0020426338, 51.0037177629], [11.0019247769, 51.003834639], [11.0014997011, 51.0042699842], [11.0010003669, 51.0046755063], [11.0002889423, 51.0051381196], [10.9995424482, 51.0055338379], [10.9992597072, 51.0056665153], [10.9991439227, 51.0057240544], [10.9989759823, 51.0058075117], [10.9988420595, 51.0058713192], [10.9988215004, 51.0058811152], [10.9982636969, 51.0061576303], [10.9973042863, 51.0066387079], [10.9964401459, 51.0071435453], [10.9959837641, 51.0074879001], [10.9957472786, 51.0076883592], [10.9951256349, 51.0083184196], [10.9946166938, 51.0088482876], [10.9929809506, 51.0105426701], [10.991954415, 51.0116911513], [10.9918257332, 51.0118365591], [10.9917298389, 51.011972504], [10.991557358, 51.012184068], [10.9910046455, 51.012689016], [10.9905654977, 51.0130552936], [10.9900591062, 51.0134628841], [10.9897774359, 51.013704836], [10.9907699314, 51.0138251247], [10.9905156046, 51.0142463325], [10.9898550996, 51.0153402041], [10.9912210582, 51.0156380609], [10.9919847971, 51.0158045926], [10.9924736055, 51.0158567519], [10.9927085365, 51.0158538325], [10.992928027, 51.0158408909], [10.9930855383, 51.0157977528], [10.9931965134, 51.0157344401], [10.9933495123, 51.0155380044], [10.9935043265, 51.0152575399], [10.9943294307, 51.0154772223], [10.9944388016, 51.0154880502], [10.9945408783, 51.0154740966], [10.994596845, 51.0154201956], [10.9952667977, 51.0144866324], [10.9954077945, 51.014482899], [10.9956044355, 51.0144400936], [10.9958026773, 51.014323146], [10.9958673661, 51.0142364286], [10.9960367095, 51.0139573672], [10.9960863123, 51.0138766715], [10.9969790816, 51.014225454], [10.9975106781, 51.014086421], [10.9981377292, 51.0142879074], [10.9987415463, 51.01346129], [10.9991109073, 51.0133952396], [11.0000745226, 51.0140906717], [11.0000814978, 51.014859036], [10.9995290836, 51.0154277914], [11.0003459065, 51.016398817], [11.0005025108, 51.0165820555], [11.001388644, 51.0164270969], [11.0014999175, 51.0164011962], [11.0020219894, 51.0162568927], [11.0022199576, 51.0161958755], [11.0024783638, 51.0161067457], [11.0031241429, 51.0157881866], [11.0035862222, 51.0155400733], [11.004439201, 51.0150400496], [11.0051101057, 51.014762712], [11.0053349647, 51.0146625391], [11.00609367, 51.0141591579], [11.0063139677, 51.0139453065], [11.0065194332, 51.0137256468], [11.0067114859, 51.0134765166], [11.0068430408, 51.013222229], [11.0069290838, 51.0130414555], [11.0070401585, 51.0128889127], [11.0072886345, 51.012537488], [11.0073509427, 51.0123816063], [11.0073687552, 51.0123021139], [11.0075062472, 51.0118345861], [11.0074875938, 51.011779425], [11.0076082974, 51.0117532826], [11.0076842519, 51.0117136642], [11.0077193602, 51.0116843881], [11.0077292739, 51.0115001046], [11.0077445825, 51.0112359531], [11.0078288449, 51.0105991425], [11.0078277634, 51.0102827301], [11.0077345817, 51.010247333], [11.0077128941, 51.0101631036], [11.0077634369, 51.0099954435], [11.0079941093, 51.0097174088], [11.008142743, 51.0095343081], [11.0087000603, 51.0097749592], [11.0088721883, 51.009829085], [11.0095816959, 51.0101077376], [11.0101198896, 51.0102939424], [11.0101708306, 51.0103115674], [11.0109839262, 51.0106112339], [11.011579644, 51.0108359749], [11.0123062053, 51.0111100724], [11.012349702, 51.0111285882], [11.0124037895, 51.0111516082], [11.0128077416, 51.0112798877], [11.0131484656, 51.011358893], [11.0136648332, 51.0114544989], [11.0142439713, 51.011499564], [11.0146327653, 51.0115104745], [11.0151255933, 51.0114907264], [11.0151536186, 51.0114896035], [11.0152587279, 51.0114829973], [11.0153238028, 51.0114789084], [11.0156974277, 51.011418672], [11.0160845715, 51.0113445407], [11.0164678365, 51.0112454691], [11.016678787, 51.0111757813], [11.0169534175, 51.0110658487], [11.0169951749, 51.0110491334], [11.0170784303, 51.0110158069], [11.0174110911, 51.010857328], [11.0174365307, 51.0108463048], [11.0174991032, 51.0108656171], [11.0176215446, 51.0109592089], [11.0176477539, 51.0109420082], [11.0177429946, 51.0110067648], [11.017748181, 51.0110100793], [11.0177820736, 51.0110317422], [11.0178430464, 51.0110707151], [11.0178789258, 51.0110968306], [11.0178567965, 51.0111326155], [11.017813899, 51.0111920941], [11.0177706049, 51.0112367579], [11.0176990122, 51.0112992693], [11.017698718, 51.0113623162], [11.0177124145, 51.0114518217], [11.0177177213, 51.0115079619], [11.0177578933, 51.0115357121], [11.0177868668, 51.0115857603], [11.0177658402, 51.0116530308], [11.0176967241, 51.0117041971], [11.0176375378, 51.0117480112], [11.0175739717, 51.0117928102], [11.017503069, 51.0118120555], [11.0174303227, 51.0118138867], [11.017339257, 51.0118070208], [11.0172556963, 51.0118415211], [11.0172341283, 51.0118734387], [11.017222808, 51.0119590378], [11.0172149267, 51.0120192146], [11.0171813616, 51.0120508727], [11.0171347311, 51.012077228], [11.0170485465, 51.0121259204], [11.0170268814, 51.0122325849], [11.0170100009, 51.0123162537], [11.016987048, 51.012434804], [11.0169446641, 51.0125254894], [11.0169222692, 51.0126142935], [11.0169096142, 51.0126265023], [11.016859574, 51.0126289672], [11.0168119837, 51.0126213934], [11.0167623738, 51.0125900087], [11.0166819504, 51.0125286847], [11.0166367026, 51.012507043], [11.0165988262, 51.0124953738], [11.01654466, 51.0124922484], [11.0164659285, 51.01253886], [11.0164500248, 51.0125802625], [11.0164463007, 51.0126297171], [11.0164628925, 51.0127117027], [11.0164924068, 51.0127473503], [11.0165368876, 51.0127678694], [11.0165960169, 51.012781706], [11.016649265, 51.0127913317], [11.0167000374, 51.0128183219], [11.016682139, 51.0128811763], [11.0166047966, 51.0129259392], [11.0165706564, 51.0129557327], [11.0165032502, 51.0129671897], [11.0163316359, 51.0129398762], [11.0162560756, 51.0129833652], [11.0161847812, 51.0130322864], [11.0161533594, 51.0130388734], [11.0161128073, 51.0130427976], [11.0160067921, 51.0130172238], [11.0159300542, 51.0129920225], [11.0158932369, 51.0129841976], [11.0158473454, 51.0129744428], [11.0157353823, 51.0129985704], [11.0156899436, 51.0130083626], [11.01566179, 51.0130319945], [11.0155742404, 51.0131769142], [11.0154253127, 51.0132991632], [11.0153958628, 51.0133514972], [11.0153956669, 51.0133911715], [11.0153752912, 51.013424295], [11.0153712862, 51.0134487198], [11.0153263517, 51.0137012413], [11.0153018247, 51.0137727187], [11.0153185641, 51.0138069807], [11.0153775237, 51.0138156316], [11.0155859752, 51.0138462186], [11.0156642154, 51.0138550438], [11.0155506991, 51.0142324105], [11.0155384167, 51.0142766373], [11.0155378622, 51.0143243131], [11.0155577168, 51.0143814128], [11.0155851923, 51.0144604163], [11.0156038237, 51.0145126518], [11.0156337999, 51.0145953293], [11.0156396284, 51.014642081], [11.0156341711, 51.0146939021], [11.0156132413, 51.014892643], [11.0156087823, 51.014934972], [11.015601931, 51.0150000225], [11.0156268254, 51.0150567142], [11.0157003315, 51.0151360925], [11.0157746108, 51.0152163298], [11.0158470208, 51.0152945533], [11.015838828, 51.0153487851], [11.0157959062, 51.0153984476], [11.0157506757, 51.0154310746], [11.0157465676, 51.0154561793], [11.0157529894, 51.0154815277], [11.0157734081, 51.015513484], [11.0157505202, 51.0155707853], [11.0156162912, 51.0155870472], [11.0155511914, 51.0156017734], [11.0155086208, 51.0156422841], [11.0154562812, 51.0156920479], [11.0154152213, 51.0157579656], [11.0153873833, 51.0158216298], [11.0153154654, 51.0159861023], [11.0152765055, 51.0160764221], [11.0151913482, 51.0161383313], [11.0151175145, 51.0162029742], [11.0150549616, 51.0164234241], [11.0150431654, 51.0165052943], [11.0150341964, 51.0165675303], [11.0150740008, 51.0166139972], [11.015206176, 51.0166089262], [11.0152796639, 51.0166134997], [11.0153235548, 51.0166645322], [11.0153460931, 51.0167422045], [11.0153669245, 51.0167848885], [11.0153878207, 51.0168271569], [11.01542829, 51.0169140278], [11.0154295219, 51.0169751803], [11.0154220374, 51.0170268241], [11.0153939033, 51.0170778222], [11.0152994716, 51.0171170971], [11.0151835392, 51.0171491279], [11.0151640845, 51.0171915303], [11.0152126632, 51.0172683567], [11.0152772726, 51.0173457411], [11.0153160793, 51.0173940688], [11.0153641372, 51.0174143909], [11.015498536, 51.0174066209], [11.0155902204, 51.0174085688], [11.0156315307, 51.0174518213], [11.0155682484, 51.0175696264], [11.0155051547, 51.0176611163], [11.015479717, 51.0177033801], [11.0154391539, 51.0177708613], [11.015421912, 51.0178318361], [11.0153976396, 51.0179176117], [11.0153621454, 51.017940352], [11.0152818979, 51.0179390573], [11.015196358, 51.0179030477], [11.0150926142, 51.0178447052], [11.0150521821, 51.0178290028], [11.0148334631, 51.0178802837], [11.0147779032, 51.0179356283], [11.0147853084, 51.0179483075], [11.0147900569, 51.0179564395], [11.0148320664, 51.0180033622], [11.0148370225, 51.0180502207], [11.014791265, 51.0180768856], [11.0147219519, 51.0180599949], [11.0146554705, 51.0180437911], [11.014553167, 51.0180271843], [11.0144835018, 51.0180214103], [11.0143712353, 51.0180311034], [11.0143546072, 51.018064958], [11.014390504, 51.0181301417], [11.0144450398, 51.0181748996], [11.0144737567, 51.0181662184], [11.0146917804, 51.0183497063], [11.014734749, 51.018385429], [11.0148062332, 51.0184438651], [11.014887782, 51.0185078421], [11.0148679749, 51.0186006409], [11.0149497412, 51.0186084588], [11.014941933, 51.0185532081], [11.0151712347, 51.0184121221], [11.0152482078, 51.0183838258], [11.0157446563, 51.0186777163], [11.0157906512, 51.0187057993], [11.0158759604, 51.0187563974], [11.0155957751, 51.0189306851], [11.0158244828, 51.0188177203], [11.0158857874, 51.0187896599], [11.0159846267, 51.0187423366], [11.0159871927, 51.0188736622], [11.0159248005, 51.0189059406], [11.0158601193, 51.0189392945], [11.015605237, 51.0190493222], [11.0154821292, 51.0191086046], [11.0153421919, 51.0191759243], [11.0152005778, 51.0192537431], [11.0150723744, 51.0193382501], [11.014947961, 51.0194261874], [11.0148334031, 51.0195184379], [11.0147312657, 51.0196103544], [11.0146261824, 51.0197203071], [11.0145581602, 51.0198035021], [11.0144317513, 51.0198697654], [11.0144405867, 51.0199378971], [11.0156562362, 51.0201837239], [11.0164057947, 51.0203083725], [11.016009297, 51.0210740805], [11.0162882515, 51.0211364013], [11.0155857351, 51.0224253359], [11.0146240047, 51.0222318447], [11.0144257985, 51.0226935734], [11.0144521108, 51.02293318], [11.0143316945, 51.023710334], [11.0157562355, 51.0232321031], [11.0158949367, 51.0231780025], [11.0162364965, 51.0229430678], [11.0163185691, 51.0230869386], [11.0163487337, 51.0231398149], [11.0165659678, 51.0235205818], [11.0167607578, 51.0234389303], [11.0168792916, 51.0233612402], [11.0170519962, 51.0235394968], [11.0186169588, 51.0229587807], [11.0190286451, 51.0233971981], [11.0191837399, 51.0233499674], [11.0206662822, 51.0231565207], [11.0207483012, 51.0231500385], [11.0210280089, 51.0231279317], [11.0215583484, 51.0245766452], [11.0225576077, 51.0245040198], [11.0236339595, 51.0243367757], [11.0236743458, 51.0243305027], [11.0245445703, 51.0242629376], [11.0255592657, 51.0241841651], [11.0255625139, 51.0242038821], [11.0258088797, 51.0245743232], [11.0259568109, 51.024944996], [11.0259986651, 51.0250498517], [11.0261357554, 51.0253932827], [11.0260305168, 51.025901971], [11.0261368689, 51.0263032488], [11.02646342, 51.0267114756], [11.0271851959, 51.0271337151], [11.0279263729, 51.0276403927], [11.0287118348, 51.0279855841], [11.0296573947, 51.0280421808], [11.0296326761, 51.0284234025], [11.0296456874, 51.028455692], [11.029863808, 51.0290489855], [11.0301133281, 51.0296660005], [11.0301313081, 51.0302009574], [11.0301321915, 51.0302283816], [11.0301410189, 51.0302780924], [11.0287330644, 51.0300848365], [11.0286125832, 51.030037632], [11.0278494145, 51.0299977158], [11.0279269318, 51.0296172662], [11.0267566868, 51.0293930444], [11.0265461865, 51.0297811055], [11.0265284609, 51.0298141102], [11.0263998014, 51.0301270467], [11.0271417689, 51.0302298182], [11.0271010324, 51.0304149519], [11.0277681933, 51.0304714413], [11.0282126978, 51.0305090704], [11.0282222262, 51.0307162827], [11.026494681, 51.0305704431], [11.0264921275, 51.0306203526], [11.0261548877, 51.0305965414], [11.0261039647, 51.0307962835], [11.0257482822, 51.030736231], [11.0257430653, 51.0307668494], [11.0257278968, 51.0308560567], [11.0263006848, 51.0309319128], [11.0262689549, 51.0311163126], [11.0258295728, 51.031062575], [11.0257950493, 51.0311801529], [11.0270707867, 51.0313204315], [11.0269604226, 51.0314865044], [11.0269288206, 51.0315334347], [11.0266896112, 51.0318835382], [11.0263534197, 51.0318236503], [11.0261838953, 51.0317934825], [11.0259915628, 51.0317592411], [11.0259195164, 51.0317496074], [11.0250969491, 51.0316396211], [11.0251548675, 51.0315200272], [11.0249533483, 51.0314888807], [11.0247212229, 51.0314611018], [11.024416287, 51.0314173885], [11.0239671773, 51.031356452], [11.0238982203, 51.0313470585], [11.0236123563, 51.0313082838], [11.0234894984, 51.0312915002], [11.0235432269, 51.0311625328], [11.0225442351, 51.031024079], [11.0218703613, 51.0309308633], [11.0202717949, 51.0307249441], [11.020394911, 51.0304377577], [11.019928283, 51.0303564072], [11.0197262601, 51.0303211846], [11.0188919213, 51.0301757193], [11.0175900209, 51.029943181], [11.0174254677, 51.029913788], [11.0153302025, 51.0295292293], [11.0149799362, 51.029466304], [11.0142029786, 51.0293267272], [11.0141386633, 51.0293151642], [11.01383532, 51.0292606764], [11.0136557829, 51.0292296154], [11.0135036886, 51.0292011488], [11.013483813, 51.0291972959], [11.0133090517, 51.0291715779], [11.013268053, 51.0291656589], [11.0132058363, 51.0291566664], [11.0131776117, 51.0291525804], [11.012973329, 51.0291235835], [11.0127832986, 51.0290960008], [11.0125935667, 51.0290684568], [11.0121205997, 51.0289942391], [11.0120486788, 51.0289830873], [11.0117366641, 51.0289347773], [11.0115860562, 51.0289119306], [11.0115784834, 51.0289093674], [11.0114566735, 51.0289276013], [11.011415293, 51.0289295531], [11.0105300238, 51.028613577], [11.0100464106, 51.0292213567], [11.009940682, 51.029361932], [11.0095792667, 51.0294882613], [11.009490587, 51.0295183702], [11.0094375944, 51.0295387674], [11.0092928322, 51.0296686923], [11.0089739313, 51.0296754829], [11.0089552953, 51.0296850866], [11.00881926, 51.0298134677], [11.0088075582, 51.0298515005], [11.0087419426, 51.0300641396], [11.0086774014, 51.0302725447], [11.0074837715, 51.0300159197], [11.0072373145, 51.030368449], [11.0070969846, 51.0303445152], [11.0070481792, 51.0303422761], [11.006143647, 51.0301819929], [11.0060367928, 51.0304873169], [11.0060284245, 51.0305093322], [11.0059954943, 51.0305053397], [11.0044318156, 51.0302951407], [11.0043224796, 51.0302804028], [11.004288089, 51.030399962], [11.0043831781, 51.0304142914], [11.0051794768, 51.0305341601], [11.0052037713, 51.03054394], [11.005207992, 51.0305652624], [11.0050948076, 51.0308642575], [11.0050795902, 51.0308812881], [11.0050266179, 51.0308772239], [11.0038461784, 51.0306473367], [11.0034254707, 51.0305744277], [11.0033708009, 51.030565153], [11.0033698183, 51.0305704123], [11.0033428509, 51.0307252094], [11.003253424, 51.0311011275], [11.0031670399, 51.0314640282], [11.0031575141, 51.0315040835], [11.003078896, 51.0316828275], [11.0030544429, 51.0316797249], [11.0030405819, 51.0316779615], [11.0030421861, 51.0316735883], [11.0022142548, 51.0315616966], [11.0013640513, 51.0314468395], [11.0013496235, 51.0316121614], [11.0013376932, 51.0317487843], [11.0024534632, 51.0319025728], [11.0029525357, 51.0319713529], [11.0031213041, 51.0320015034], [11.0031644973, 51.0320095657], [11.0034307343, 51.0320589383], [11.0033628781, 51.0322051525], [11.003139562, 51.0321752029], [11.0029191327, 51.0321456099], [11.0023975306, 51.0320730339], [11.0012772104, 51.0319172092], [11.0012337815, 51.0320687901], [11.0001454756, 51.0319630824], [11.00010072, 51.0319587358], [11.0001001395, 51.0319632074], [10.9999834106, 51.0328754419], [10.9999552284, 51.0328733585], [10.999652228, 51.0328509998], [10.9996033238, 51.0331335594], [10.9995645281, 51.0333576952], [10.9995232761, 51.0335960128], [10.9994816956, 51.0338362867], [10.9986067116, 51.0337834747], [10.9980789059, 51.0337517371], [10.997579857, 51.0337216172], [10.996927798, 51.0336822545], [10.9976934342, 51.0346450017], [10.9969429262, 51.0346496598], [10.9966962672, 51.0346512929], [10.9963755045, 51.034653458], [10.9953997051, 51.0346591391], [10.9935161314, 51.0346708558], [10.9935091664, 51.0350716215], [10.9938733325, 51.0350489287], [10.9939580802, 51.0358070108], [10.9937113199, 51.0358057955], [10.9936259292, 51.0358053758], [10.990970065, 51.0357922363], [10.9906008079, 51.0357903985], [10.9899213685, 51.0357870318], [10.9898329845, 51.0357865919], [10.9897588146, 51.0357862211], [10.9896465391, 51.0357856646], [10.9877988436, 51.0357764565], [10.9877418211, 51.0357762333], [10.9877093196, 51.0357760417], [10.987676817, 51.0357771891], [10.9876823741, 51.0358152795], [10.9871266995, 51.0357817928], [10.9861781299, 51.0356745588], [10.9853236031, 51.0355372463], [10.9852411866, 51.0355266702], [10.9846920914, 51.0354205791], [10.9846076988, 51.0354659608], [10.9823925669, 51.0348688952], [10.9823630268, 51.0348611413], [10.9825127077, 51.0346213725], [10.981737029, 51.0344212113], [10.9814492052, 51.0343476183], [10.9814051878, 51.0343362775], [10.9812268463, 51.0342904167], [10.981200378, 51.034283606], [10.9811682829, 51.0342753258], [10.9809816658, 51.0342271812], [10.9809464235, 51.0342180829], [10.9811138138, 51.0339985884], [10.9813742721, 51.0336565185], [10.981330423, 51.0336420864], [10.9813033025, 51.033633185], [10.9795230273, 51.0330730756], [10.9794197746, 51.0330443441], [10.9796885554, 51.032750829], [10.9797118477, 51.0327067426], [10.9798788567, 51.0323902535], [10.9800996201, 51.0322597241], [10.9803388874, 51.0321590819], [10.97936961, 51.0317822345], [10.9787205571, 51.0315280448], [10.9786586198, 51.0315038264], [10.9781575027, 51.0313029464], [10.9776174388, 51.0310866484], [10.9772818121, 51.0309393481], [10.9771989991, 51.0309051128], [10.9769995313, 51.0308244069], [10.9769583408, 51.0306218808], [10.976922515, 51.0304424853], [10.9768191647, 51.0299249582], [10.9766056078, 51.0298278223], [10.9765566903, 51.0298055689], [10.9762221516, 51.0296534024], [10.9761687596, 51.0296291137], [10.9758584052, 51.0294889976], [10.9757819978, 51.0294540522], [10.9753023206, 51.0292346052], [10.9752770062, 51.0292267699], [10.9754532847, 51.0291645539], [10.9756089076, 51.0291094204], [10.9758875235, 51.0290004853], [10.975967679, 51.0289590012], [10.9760497447, 51.0289324553], [10.9761528185, 51.0289286836], [10.9762350686, 51.028902184], [10.9765868859, 51.0285526459], [10.9770585724, 51.0284477339], [10.9766868774, 51.0282950284]]]}, "properties": {"STADTTE_ID": 22, "NAME": "Gispersleben", "DOWNLOADLI": "https://geoportal.erfurt.de/gis/pub/downloads/thematik/stadtteile.zip", "SHAPE_AREA": 10147728.9216}}, {"type": "Feature", "geometry": {"type": "Polygon", "coordinates": [[[11.031636235, 51.0251065321], [11.0316020394, 51.024921169], [11.0315838459, 51.0248225887], [11.0316542561, 51.0248159266], [11.0353612816, 51.0245457259], [11.0357575728, 51.0245168487], [11.0357915713, 51.0245143711], [11.0358065769, 51.0245132786], [11.0358269347, 51.0246112909], [11.0358535322, 51.0247531508], [11.0361696159, 51.0247542105], [11.0362651287, 51.0247549748], [11.0371948279, 51.0247651637], [11.037788574, 51.0247697358], [11.038387712, 51.0247747918], [11.0390161338, 51.0247800918], [11.0395808525, 51.0247848522], [11.0401522605, 51.0247896656], [11.040197435, 51.0247900458], [11.0407223917, 51.0247944644], [11.0410060144, 51.0247968525], [11.0410365948, 51.0247971087], [11.0413633206, 51.0247998579], [11.0419304475, 51.024804626], [11.0425152172, 51.0248095406], [11.0431106261, 51.0248169661], [11.0431392615, 51.0248171595], [11.0437074865, 51.0248195506], [11.044688232, 51.02482781], [11.0448267555, 51.0252156072], [11.0448616277, 51.0254814274], [11.0448954899, 51.0257395496], [11.0449235428, 51.025953389], [11.0449351769, 51.0260324086], [11.0449809031, 51.026419266], [11.0450411727, 51.0268954149], [11.0451031667, 51.027446599], [11.0451221162, 51.027584836], [11.0451372615, 51.0277219534], [11.0451486368, 51.027855265], [11.0451614756, 51.0279867009], [11.0451792816, 51.0281147618], [11.0451978017, 51.0282479618], [11.0452142526, 51.0284224662], [11.0452424339, 51.0286676496], [11.0452558456, 51.0287842576], [11.0453036321, 51.0289908666], [11.0453233259, 51.0294141451], [11.0453582253, 51.0300649377], [11.0453642698, 51.0301694657], [11.0453664691, 51.0302082366], [11.0453854914, 51.0304411996], [11.0454149455, 51.0306655466], [11.0454534039, 51.0308827686], [11.0454992579, 51.0310996011], [11.0455724135, 51.031425955], [11.0456301254, 51.0319132751], [11.0456353442, 51.0319567363], [11.0456382682, 51.0319818377], [11.0458056827, 51.0334310889], [11.0458712114, 51.0340094431], [11.0459243341, 51.0344852198], [11.0459292555, 51.0345302061], [11.0459575426, 51.0347837496], [11.0459941945, 51.0350964201], [11.0460101138, 51.0352301267], [11.0460073524, 51.0355384312], [11.0460195064, 51.0356347138], [11.0460539687, 51.0359069152], [11.0460680854, 51.0360187656], [11.046068607, 51.036041871], [11.0460718667, 51.0362158373], [11.0460724223, 51.036245056], [11.0460540881, 51.0363041352], [11.0459375578, 51.0366817253], [11.0457854686, 51.036971821], [11.0457612265, 51.037006183], [11.0462982783, 51.0370531294], [11.0465377464, 51.0370420481], [11.0466969318, 51.0370344711], [11.0476820265, 51.0369952855], [11.0491591294, 51.0369304608], [11.0476817057, 51.0369955466], [11.0466961008, 51.0370346467], [11.0465371049, 51.03704225], [11.0462981574, 51.0370532017], [11.0457610965, 51.0370062122], [11.0402892139, 51.0366656077], [11.0401009322, 51.0366291125], [11.0400685039, 51.036617362], [11.0391035505, 51.0343980071], [11.0385403406, 51.0330963102], [11.0385387214, 51.0330924676], [11.0383349654, 51.0326090105], [11.0381387078, 51.032143342], [11.037993848, 51.0317996179], [11.0378092089, 51.0313611957], [11.0377265583, 51.031158427], [11.037497236, 51.0311542482], [11.0373957911, 51.0311529003], [11.0373644507, 51.0311531996], [11.0365804008, 51.0311532063], [11.0361865245, 51.0311532066], [11.0360468317, 51.0311533894], [11.0357489199, 51.0311537806], [11.035332698, 51.0311543249], [11.0350846754, 51.0311546492], [11.0342169034, 51.0311557783], [11.0341319022, 51.0311603631], [11.0329019482, 51.0309988719], [11.0324925166, 51.0308809938], [11.0324774662, 51.0308541227], [11.0324627836, 51.0308218671], [11.0326921212, 51.030603161], [11.0331337817, 51.0301776605], [11.0331756653, 51.0301373074], [11.0330940241, 51.0299361647], [11.0329672815, 51.0296191847], [11.0329414734, 51.0295528813], [11.0328201523, 51.0292487036], [11.0326011506, 51.0286792854], [11.0325197911, 51.0284720424], [11.0320125169, 51.0271822209], [11.0320030481, 51.0271303655], [11.0319269497, 51.0267117413], [11.0318249918, 51.0261289051], [11.0317814083, 51.0258929398], [11.0316896033, 51.0253956973], [11.031636235, 51.0251065321]]]}, "properties": {"STADTTE_ID": 45, "NAME": "Sulzer Siedlung", "DOWNLOADLI": "https://geoportal.erfurt.de/gis/pub/downloads/thematik/stadtteile.zip", "SHAPE_AREA": 946023.753446}}, {"type": "Feature", "geometry": {"type": "Polygon", "coordinates": [[[11.0069005742, 50.9986938341], [11.0081532088, 50.9993027714], [11.0082802156, 50.9993652527], [11.0084318316, 50.9994398416], [11.0082747084, 50.9996127123], [11.0081223093, 51.0001868087], [11.0082616297, 51.0005898008], [11.00829046, 51.0007122805], [11.0087185668, 51.001584377], [11.0087535931, 51.0019076519], [11.0081751794, 51.0026969562], [11.0084139315, 51.0029001803], [11.0086148829, 51.0033042831], [11.0087723683, 51.0033877534], [11.0093610997, 51.0036892469], [11.0104213107, 51.0038941289], [11.0102894055, 51.004184222], [11.0101921496, 51.0044216615], [11.0101174452, 51.0047810704], [11.0101059113, 51.0049292251], [11.010008929, 51.0049897243], [11.0100310076, 51.0053050921], [11.0099454882, 51.0057165272], [11.0099429093, 51.0058377294], [11.0097911263, 51.0062061764], [11.0096488066, 51.0065807641], [11.0095071293, 51.0069250508], [11.0093983814, 51.0070746908], [11.0091210842, 51.0074784394], [11.0087683105, 51.0078209366], [11.0084837284, 51.008115521], [11.0082665688, 51.0083985551], [11.0086014048, 51.0085533859], [11.008513322, 51.0088897327], [11.0082699677, 51.0092502027], [11.0082194734, 51.0093792265], [11.0081960579, 51.0094415917], [11.0081881151, 51.0094687325], [11.008142743, 51.0095343081], [11.0068152815, 51.009038246], [11.0065492718, 51.008985372], [11.0054623231, 51.0085965207], [11.0043734066, 51.0083004355], [11.0035510447, 51.0080319194], [11.003060917, 51.0078421531], [11.0021860585, 51.0075310012], [11.0008997783, 51.0070982271], [11.0001713131, 51.0067153527], [10.9995619455, 51.0063220653], [10.9992084541, 51.0060274479], [10.9989759823, 51.0058075117], [10.9991439227, 51.0057240544], [10.9992597072, 51.0056665153], [10.9995424482, 51.0055338379], [11.0002889423, 51.0051381196], [11.0010003669, 51.0046755063], [11.0014997011, 51.0042699842], [11.0019247769, 51.003834639], [11.0020426338, 51.0037177629], [11.0021722938, 51.003578605], [11.0033233821, 51.0022675686], [11.0033690974, 51.0022097603], [11.0034626838, 51.0020914194], [11.0040175318, 51.0014968705], [11.0044032252, 51.0010863367], [11.0048637721, 51.0005961192], [11.0052656907, 51.000168297], [11.0056626074, 50.9997141278], [11.0065186416, 50.9984963613], [11.0069005742, 50.9986938341]]]}, "properties": {"STADTTE_ID": 5, "NAME": "Berliner Platz", "DOWNLOADLI": "https://geoportal.erfurt.de/gis/pub/downloads/thematik/stadtteile.zip", "SHAPE_AREA": 490431.853676}}, {"type": "Feature", "geometry": {"type": "Polygon", "coordinates": [[[11.1100375268, 50.9372046923], [11.1101152075, 50.9370844506], [11.1101968669, 50.9369726173], [11.110697822, 50.9364502741], [11.1110472616, 50.9359717482], [11.1110544733, 50.9358963834], [11.1111309448, 50.9354703548], [11.1112277208, 50.9349148476], [11.1112484111, 50.9348069636], [11.1113805299, 50.9341067462], [11.1114649071, 50.9334616746], [11.1115009599, 50.9332723386], [11.1115839135, 50.9328215131], [11.1116598183, 50.9323736238], [11.1117003847, 50.932133093], [11.1117309253, 50.9319642474], [11.1117384931, 50.9317990741], [11.1117485644, 50.9315942232], [11.1117486366, 50.9315942147], [11.1117731621, 50.9313294892], [11.1117764103, 50.9310796512], [11.1117852258, 50.9304885394], [11.1118004805, 50.9299223257], [11.1119020875, 50.929867652], [11.111928048, 50.9298541862], [11.1123019247, 50.9296602884], [11.1123909707, 50.9293617312], [11.1128103236, 50.9288808186], [11.1132744685, 50.9285244572], [11.1135056832, 50.9284277078], [11.1142603991, 50.9278568609], [11.1149019288, 50.9274617377], [11.1159708178, 50.9268055772], [11.1166998761, 50.9261910129], [11.1169972673, 50.9260340602], [11.1176153783, 50.9258512591], [11.1195485561, 50.9251856045], [11.1200283437, 50.9262017386], [11.1201207457, 50.9273462063], [11.1201344502, 50.927513283], [11.1201348956, 50.9275266443], [11.1202741064, 50.9274962301], [11.1207898218, 50.9274866991], [11.1212262208, 50.927446491], [11.1214920656, 50.9273971344], [11.1216819474, 50.9273247243], [11.1220456515, 50.9271398963], [11.1221080394, 50.9271140001], [11.1223897044, 50.9270975528], [11.1227386151, 50.9270888093], [11.1230084144, 50.9270724964], [11.1232623081, 50.9270435686], [11.1237220838, 50.9269450071], [11.1238729498, 50.9269058126], [11.124052195, 50.9268549742], [11.124180146, 50.9268369568], [11.1243176917, 50.9269079587], [11.1244049142, 50.926960804], [11.1244671777, 50.9270431088], [11.1247117829, 50.9273030747], [11.1249881222, 50.9274956712], [11.1253247316, 50.9276486973], [11.1254903543, 50.9277244571], [11.1257177713, 50.9278068188], [11.1258294539, 50.9278562766], [11.125921443, 50.927903223], [11.1260748015, 50.9279838434], [11.1262574461, 50.9280516221], [11.1263637661, 50.9280868183], [11.1264529886, 50.9281325574], [11.1265994186, 50.9282309062], [11.1267765358, 50.9282939047], [11.1269221624, 50.9283341313], [11.1270734783, 50.9283720362], [11.1273050541, 50.9284330674], [11.1274881828, 50.9284759474], [11.1277434645, 50.9285739207], [11.127920192, 50.9285574492], [11.1280122702, 50.9285510263], [11.1281024036, 50.9285481391], [11.1281831214, 50.9285475542], [11.1282986903, 50.9284897075], [11.1285237838, 50.9283953098], [11.1287564726, 50.9282962303], [11.1288134059, 50.9282622528], [11.1288991383, 50.9281941065], [11.1289738959, 50.9281104526], [11.1290217281, 50.9280609907], [11.1290600096, 50.9280233689], [11.129099473, 50.9280116262], [11.1298002645, 50.9277980402], [11.1300078344, 50.9274750739], [11.1302033312, 50.9274868669], [11.1304405961, 50.9275853564], [11.1310834909, 50.9277893217], [11.1316107003, 50.9280482811], [11.132305856, 50.9283592596], [11.1324255727, 50.9284478721], [11.1324457213, 50.9284571095], [11.1325768429, 50.928348935], [11.1330565601, 50.9281856733], [11.1330522861, 50.9285544243], [11.1329568423, 50.92905913], [11.1328393968, 50.929278679], [11.1325034383, 50.9296803054], [11.1323159188, 50.9298770709], [11.1319716529, 50.9301390673], [11.1314254575, 50.9304741091], [11.1310354768, 50.9308225726], [11.1307393132, 50.9311430142], [11.1302694514, 50.9315339434], [11.1300286421, 50.9318764386], [11.1299792852, 50.9320517207], [11.129792065, 50.9322282474], [11.1297237305, 50.9322921672], [11.129577692, 50.9323821604], [11.1295412211, 50.9324882646], [11.1294701469, 50.9325220741], [11.1289382414, 50.9327807702], [11.1288995214, 50.9327998707], [11.1288411419, 50.93267606], [11.1287810463, 50.9326940474], [11.1285234142, 50.9327711157], [11.1282112983, 50.9328008609], [11.1283666662, 50.9333035954], [11.1283610572, 50.933401908], [11.1283384063, 50.9335027242], [11.1281730569, 50.933802839], [11.12802423, 50.9339530383], [11.1281451884, 50.9339123717], [11.1282792566, 50.9338546879], [11.128332902, 50.9338820198], [11.1285096954, 50.9339720896], [11.1278544818, 50.9341877422], [11.1275906991, 50.9342739944], [11.1268951786, 50.9347682356], [11.1260747879, 50.935353457], [11.125924115, 50.93546113], [11.125622425, 50.9356765851], [11.1252377197, 50.9359446494], [11.1247458738, 50.9362970915], [11.1242439629, 50.936137568], [11.1234385263, 50.9358976583], [11.1233980474, 50.9359291509], [11.1233484709, 50.9359677155], [11.123371083, 50.9360054993], [11.123703126, 50.936106073], [11.1238097995, 50.9361374833], [11.1241767763, 50.9362458239], [11.1251890209, 50.9365507802], [11.1252594714, 50.9365667082], [11.1253472156, 50.936586588], [11.125442821, 50.936607528], [11.1256657417, 50.9366569454], [11.1258879471, 50.9367054617], [11.1261476127, 50.9367604157], [11.1262779759, 50.9367889846], [11.1263118221, 50.9367963978], [11.1263997005, 50.9368151762], [11.1265208644, 50.9368416801], [11.1266530397, 50.9368713641], [11.1268358981, 50.936910257], [11.1276141678, 50.9370815746], [11.1276968298, 50.9370954744], [11.1282869446, 50.9371855578], [11.1288066918, 50.9372702561], [11.1288508121, 50.9372513549], [11.1288610719, 50.9372468651], [11.1288587296, 50.9372634862], [11.1288049016, 50.937483036], [11.1287703736, 50.9376247822], [11.1287270554, 50.9377708817], [11.1287204222, 50.9377932544], [11.1286273456, 50.9381492517], [11.1285718726, 50.9383688223], [11.1285486848, 50.9384616607], [11.1285380775, 50.9385047027], [11.1284482694, 50.9385211487], [11.1284396989, 50.9385945447], [11.1283977312, 50.9389851806], [11.1283925289, 50.9390306001], [11.1283353746, 50.9395273491], [11.1283277899, 50.9395906396], [11.1282488852, 50.9400026824], [11.1282448877, 50.9400498633], [11.1282378122, 50.9401322862], [11.1282285279, 50.9402165274], [11.1282186479, 50.9403066777], [11.1282011226, 50.9404656562], [11.1281487746, 50.9405352193], [11.1283791518, 50.9409493355], [11.1284296578, 50.9410431992], [11.1285984104, 50.9413511237], [11.1286631748, 50.9414692482], [11.1288761159, 50.9418039705], [11.1289283309, 50.9420136815], [11.1289549137, 50.9420987913], [11.1290507204, 50.9424100737], [11.128970123, 50.94244027], [11.1288986505, 50.9424709654], [11.1287464675, 50.9425325668], [11.1280869945, 50.9427979633], [11.1273467726, 50.9429565909], [11.1271945352, 50.9429889846], [11.1265490467, 50.9431219121], [11.1261521878, 50.9432353395], [11.1259709225, 50.9432871231], [11.1253164094, 50.9434716368], [11.1251818541, 50.9435093955], [11.1250922107, 50.9435868402], [11.1250138166, 50.9436546752], [11.1249010898, 50.9437531449], [11.1244517788, 50.9441454781], [11.1243635441, 50.9442225531], [11.1243479619, 50.9442360558], [11.1242604476, 50.9443131392], [11.1237008975, 50.9447713776], [11.1233686195, 50.944532879], [11.123253614, 50.9446063335], [11.1230129625, 50.9447602259], [11.1225991255, 50.9450245159], [11.1221320089, 50.9448086675], [11.122100681, 50.9448306855], [11.1220098785, 50.9448943784], [11.1219777749, 50.9449176202], [11.1218378841, 50.9450191789], [11.1217749846, 50.945064875], [11.1213039455, 50.9454075786], [11.1215515497, 50.9455386136], [11.1213565019, 50.9456811869], [11.1209347171, 50.9454807745], [11.1208669733, 50.945544713], [11.1198812489, 50.9464603507], [11.1198354102, 50.946502893], [11.1195786226, 50.946428399], [11.1194874817, 50.9465415334], [11.1192078414, 50.9468898432], [11.1190663401, 50.9470655856], [11.1190469451, 50.9470896562], [11.1185659962, 50.9476861853], [11.1183691983, 50.9479775235], [11.1183345766, 50.9480197096], [11.1183122464, 50.9480462212], [11.1179048404, 50.9485294989], [11.1178811063, 50.9485624989], [11.117232866, 50.9483806972], [11.1164219164, 50.9481460197], [11.1163687121, 50.9481414557], [11.1161842119, 50.9481253728], [11.1159739848, 50.9483885415], [11.1153618796, 50.9490263234], [11.1153320912, 50.9490588281], [11.1147885152, 50.9496202135], [11.1146614228, 50.9497454417], [11.1145931902, 50.9498127661], [11.114569957, 50.9498357282], [11.1145541919, 50.9498513582], [11.1144343035, 50.9499711474], [11.113704281, 50.9500361079], [11.1135513961, 50.9500132039], [11.1132524677, 50.9504883463], [11.1132416086, 50.9505056131], [11.1131202935, 50.9506985809], [11.1130362665, 50.9508322419], [11.1129363762, 50.9509911406], [11.1129255201, 50.9510082275], [11.1128462757, 50.9511342839], [11.1128340955, 50.9511536981], [11.1123115178, 50.9519846466], [11.1107466632, 50.951662113], [11.1098257665, 50.9514722906], [11.1094912974, 50.9520811434], [11.1093404992, 50.952355675], [11.1077175201, 50.9553098382], [11.1076711146, 50.955394315], [11.1074758346, 50.9557497396], [11.1071701767, 50.9563060572], [11.106899807, 50.9566870834], [11.1068615784, 50.956674395], [11.1042707074, 50.9556312786], [11.1041662207, 50.9556716661], [11.1034002456, 50.9555032955], [11.1031485321, 50.9554486878], [11.1026799849, 50.9553470387], [11.1023344118, 50.955270278], [11.101618452, 50.9551127977], [11.1015140733, 50.9551201934], [11.1008210644, 50.9548872409], [11.1002482112, 50.954692415], [11.0996876948, 50.954502499], [11.0996633204, 50.9545317239], [11.0996138944, 50.9545227493], [11.0993773872, 50.9544800898], [11.0992851578, 50.9544642499], [11.0978510855, 50.9541976372], [11.0976251591, 50.9541554964], [11.0971212657, 50.9540239855], [11.0971324734, 50.953967], [11.0975073607, 50.9537915404], [11.0976683584, 50.9537145865], [11.0978281189, 50.9537324583], [11.0978445774, 50.9536666318], [11.0978892208, 50.9535894622], [11.0979252078, 50.9535492707], [11.0980308502, 50.9534704509], [11.0980973606, 50.9534473853], [11.0981787272, 50.9534191844], [11.0983150869, 50.9534179083], [11.0983578083, 50.9532989509], [11.0987377137, 50.9528986247], [11.0989583843, 50.9526579772], [11.099179397, 50.9525103713], [11.0992006468, 50.9524049118], [11.0991171993, 50.952186821], [11.0991526443, 50.9521052016], [11.0992520622, 50.9520123912], [11.0995390742, 50.9518590883], [11.0996156096, 50.9518165301], [11.0998904109, 50.9515649618], [11.0999811429, 50.9514723519], [11.1004383952, 50.9510512316], [11.1005445958, 50.9509533378], [11.1006482403, 50.9507895545], [11.1006599663, 50.9507709458], [11.1006476246, 50.9505187042], [11.1005803647, 50.9503683281], [11.100444345, 50.9500640862], [11.1003111652, 50.9499678641], [11.1001458358, 50.9498484658], [11.100114963, 50.9498326857], [11.099455051, 50.9496430459], [11.0991795876, 50.9496044351], [11.0990955748, 50.9495925513], [11.0990571147, 50.9495871225], [11.0982436545, 50.94959748], [11.0983349235, 50.9495140534], [11.0984560283, 50.9494033419], [11.0986095583, 50.9493372782], [11.0991079319, 50.9491229606], [11.0993853528, 50.949008501], [11.0995066925, 50.9489584646], [11.0995203371, 50.9489528265], [11.0997350547, 50.9488642205], [11.0999771517, 50.9487449195], [11.1001686464, 50.9486505697], [11.1004609522, 50.9484946984], [11.1001375861, 50.9484680286], [11.1000695357, 50.9484622817], [11.1002265423, 50.9483860046], [11.0997846971, 50.9483491716], [11.0997894737, 50.9483310414], [11.1000294255, 50.9481671506], [11.1001567547, 50.9480801922], [11.1002679747, 50.9480239765], [11.1003760631, 50.9479976523], [11.1004378757, 50.9479939941], [11.1005804542, 50.9479870082], [11.1007726634, 50.9479740152], [11.1009527961, 50.9479455477], [11.1014215233, 50.9477167914], [11.1015063788, 50.9476783307], [11.1021470341, 50.9473876873], [11.1022155231, 50.9473565819], [11.1022374935, 50.9473478697], [11.1025041684, 50.9472421088], [11.1027224133, 50.9471555212], [11.1028599885, 50.9470451001], [11.1028676146, 50.9470341108], [11.1029204519, 50.9469576495], [11.102927183, 50.9469479948], [11.1029726767, 50.9468162117], [11.1029940793, 50.9467030211], [11.103030488, 50.9466440609], [11.1031056734, 50.9466049063], [11.1031212996, 50.9465988156], [11.1030865263, 50.9465647574], [11.1029624467, 50.9464427582], [11.1028423741, 50.9462186886], [11.1028037565, 50.9460727291], [11.1029262178, 50.9458741555], [11.1029213133, 50.9458282629], [11.1028800767, 50.9454424024], [11.1028524965, 50.9452266867], [11.102516434, 50.9451922163], [11.1024659047, 50.9451873874], [11.1028018087, 50.9448120057], [11.1032884885, 50.9442542835], [11.103324442, 50.9440589544], [11.1033874089, 50.9437226207], [11.1034289848, 50.9436700473], [11.1035525725, 50.9435139269], [11.1035877957, 50.9434697989], [11.1036533137, 50.9433885813], [11.1037637934, 50.9432533404], [11.1039712952, 50.9430024691], [11.1040425676, 50.9429164321], [11.1040590713, 50.9429001705], [11.1041112524, 50.9428487575], [11.1047289522, 50.9422405252], [11.105168066, 50.9418137985], [11.1055544564, 50.9414367919], [11.1055993992, 50.9413924502], [11.1056864343, 50.9413112281], [11.1056919864, 50.9413059125], [11.1062096769, 50.940795897], [11.1063216175, 50.9407047033], [11.106674128, 50.9404206241], [11.1073408761, 50.9398695285], [11.1076515785, 50.9396120142], [11.1076903659, 50.9395656386], [11.1078919842, 50.9393303653], [11.1079922313, 50.9392119787], [11.1081718578, 50.9390001613], [11.1082175633, 50.9389461976], [11.1082615138, 50.9388946291], [11.1083939447, 50.9387410066], [11.1085106173, 50.9386034628], [11.1089366092, 50.9381085115], [11.108968383, 50.9380702343], [11.1091392594, 50.9378707089], [11.1092171412, 50.9377929529], [11.1093405428, 50.9376722867], [11.1093842903, 50.9376250925], [11.1094483417, 50.9375559892], [11.1096531938, 50.937432186], [11.1100375268, 50.9372046923]]]}, "properties": {"STADTTE_ID": 33, "NAME": "Niedernissa", "DOWNLOADLI": "https://geoportal.erfurt.de/gis/pub/downloads/thematik/stadtteile.zip", "SHAPE_AREA": 3801147.16352}}, {"type": "Feature", "geometry": {"type": "Polygon", "coordinates": [[[11.0640551253, 50.9717698977], [11.0640416994, 50.9717725858], [11.0638553148, 50.9718091087], [11.0638569831, 50.9717606686], [11.0638740085, 50.9717573997], [11.0639210966, 50.9717300025], [11.0634465537, 50.9714058251], [11.0632438895, 50.9712674761], [11.0630049982, 50.9711042965], [11.0629058345, 50.971036614], [11.0626160167, 50.970836717], [11.0624936211, 50.9707496962], [11.0623743932, 50.9706609248], [11.062266039, 50.9705766381], [11.0621433245, 50.9704772111], [11.0620764708, 50.9704199594], [11.0620144904, 50.9703605602], [11.0619575603, 50.9702991805], [11.0619097936, 50.9702411815], [11.0618665363, 50.9701817898], [11.0618278884, 50.9701211439], [11.0618185296, 50.9701048902], [11.0617776556, 50.9700371075], [11.0617338093, 50.9699700679], [11.0616870299, 50.9699038257], [11.0616374094, 50.9698384279], [11.0615849288, 50.9697739286], [11.0615296258, 50.9697103749], [11.0614557226, 50.9696269909], [11.0614415479, 50.9696088319], [11.0614299636, 50.9695899553], [11.0614210617, 50.969570507], [11.0614149146, 50.9695506386], [11.0614115674, 50.969530504], [11.061411047, 50.969510262], [11.0614133592, 50.9694900716], [11.0614184822, 50.9694700861], [11.0614263775, 50.9694504653], [11.061436992, 50.9694313587], [11.0614502368, 50.9694129179], [11.0614660086, 50.9693952869], [11.0614841842, 50.9693786055], [11.0615046166, 50.9693630012], [11.0615271531, 50.9693485956], [11.0615516152, 50.9693355023], [11.0615778092, 50.9693238237], [11.061605537, 50.9693136514], [11.0617466516, 50.9692553653], [11.0617446621, 50.9692341455], [11.0612606964, 50.969399426], [11.0610212969, 50.9694812806], [11.0606044398, 50.9696236467], [11.0602839034, 50.9697332644], [11.0602436441, 50.9697451612], [11.0603951953, 50.9695437621], [11.0603796634, 50.9695099283], [11.060399297, 50.9695024615], [11.0605861188, 50.9694410507], [11.0606376565, 50.9694238247], [11.0608423451, 50.9693566246], [11.06095839, 50.9693185312], [11.0611471656, 50.9692531214], [11.061094582, 50.9692284733], [11.0610555508, 50.9691943555], [11.0609322274, 50.9690334469], [11.0608634579, 50.9689356369], [11.0608173741, 50.9688700944], [11.0607110943, 50.9687043806], [11.0606080018, 50.9685359043], [11.0605217299, 50.9683867977], [11.0604403567, 50.9682364642], [11.0603141052, 50.9682487624], [11.0602538845, 50.9681347383], [11.060098832, 50.9677107153], [11.0599960195, 50.9673205026], [11.0599834376, 50.9672738393], [11.0599779965, 50.9672541967], [11.0599045661, 50.9668081899], [11.0599029334, 50.9667691642], [11.0598858497, 50.9663598381], [11.0598783789, 50.9659113068], [11.0599360617, 50.9654653691], [11.060002212, 50.9652344297], [11.0600591927, 50.9650348783], [11.0600235155, 50.9650467248], [11.0600430126, 50.9649900538], [11.0600812792, 50.964977345], [11.0601042209, 50.9649197292], [11.0602361295, 50.9645904365], [11.0602416455, 50.9645780762], [11.0604289775, 50.9641612242], [11.0606685103, 50.9637395779], [11.0608708193, 50.9634551673], [11.0609582751, 50.963332269], [11.0612506817, 50.9629774785], [11.0612859962, 50.9629346105], [11.061480022, 50.9627375628], [11.0615856378, 50.9626303082], [11.0616430335, 50.9625720675], [11.0618150121, 50.962422338], [11.062045369, 50.9622218407], [11.0620586988, 50.9622103523], [11.0622148823, 50.9620811704], [11.0623839546, 50.9619413062], [11.0624906341, 50.9618530735], [11.0627882838, 50.9616329866], [11.0628780103, 50.9615666427], [11.0629515584, 50.961512128], [11.063001514, 50.961477025], [11.0633584151, 50.9612254053], [11.0634310621, 50.9611742024], [11.0635765398, 50.9610940745], [11.0638935061, 50.9609197381], [11.0639781399, 50.9608731221], [11.0640396055, 50.9608389267], [11.0641810887, 50.9607601349], [11.0642546618, 50.9607191933], [11.0643960035, 50.9606405027], [11.0645154899, 50.9605740377], [11.0645605002, 50.9605512979], [11.0649757682, 50.9603419424], [11.0650759898, 50.9602914155], [11.06519696, 50.9602264355], [11.0652878959, 50.9601777365], [11.0654038933, 50.9601160468], [11.0656209425, 50.9600023877], [11.0656688405, 50.9599781232], [11.0658144513, 50.9599064622], [11.065960443, 50.9598375239], [11.0661065321, 50.9597684802], [11.0661905495, 50.9597287033], [11.0662513588, 50.9596998463], [11.0663603768, 50.9596479988], [11.0664869185, 50.9595876963], [11.0666150322, 50.9595265312], [11.0667437951, 50.9594649515], [11.0667696721, 50.9594525704], [11.0672008339, 50.9593006888], [11.0673483644, 50.9592499806], [11.0674081324, 50.9592301919], [11.0674969614, 50.9592019389], [11.0676468253, 50.9591558495], [11.067892843, 50.9590825057], [11.0680418887, 50.9590377281], [11.0681419384, 50.9590097634], [11.068509502, 50.9589068971], [11.0686901385, 50.9588563687], [11.0688296592, 50.9588190079], [11.0691719481, 50.9587273475], [11.0693457964, 50.9586808281], [11.0693860119, 50.9586703598], [11.0694125503, 50.958663467], [11.0696006234, 50.9586146212], [11.0698018911, 50.9585622791], [11.0699995153, 50.9585109214], [11.0700020754, 50.9585103058], [11.0701634705, 50.9584751008], [11.07028441, 50.9584486434], [11.0705440105, 50.95839201], [11.0706805317, 50.9583622612], [11.0711094037, 50.9582894321], [11.0713583254, 50.9582471847], [11.07141761, 50.9582371472], [11.0715172816, 50.9582201316], [11.0716446858, 50.9581984994], [11.0718596219, 50.958161912], [11.0720017212, 50.9581377719], [11.0722302232, 50.9580988737], [11.0723848762, 50.9580725847], [11.072462139, 50.958059355], [11.0726220916, 50.9580321289], [11.0729291398, 50.9579799101], [11.0730820614, 50.9579489409], [11.0735514901, 50.9578538713], [11.0736093807, 50.9578421945], [11.0737010344, 50.9578202767], [11.0740476868, 50.9577374372], [11.0742745112, 50.9576832402], [11.0743918205, 50.9576530666], [11.0745812125, 50.957604496], [11.074677062, 50.9575798964], [11.074776054, 50.9575546203], [11.0749322748, 50.9575144974], [11.0750949092, 50.9574809956], [11.0752551114, 50.9574481044], [11.0753793164, 50.9574224795], [11.0755652304, 50.9573842265], [11.0756115476, 50.9573747043], [11.0757831736, 50.9573327333], [11.0762426869, 50.9572202256], [11.0769029576, 50.9570478151], [11.0769122428, 50.9570453718], [11.0774823099, 50.9568998324], [11.0775238442, 50.9568882927], [11.0776584678, 50.957018514], [11.0783903739, 50.9577434862], [11.0792843642, 50.9585951921], [11.0792985702, 50.9587522637], [11.0793080618, 50.9588539799], [11.0793274714, 50.9590214483], [11.0793461783, 50.9591994528], [11.0793657433, 50.9593713182], [11.0793857114, 50.9595429894], [11.0793904847, 50.9595837748], [11.0802688542, 50.9595704821], [11.0811364749, 50.9595612166], [11.0811787427, 50.9595607662], [11.0811800504, 50.9595883377], [11.0814059062, 50.9602530298], [11.0817524172, 50.9609017334], [11.0822061935, 50.9615344054], [11.0826460403, 50.9621447975], [11.0830720688, 50.9627938999], [11.0833570454, 50.9633658032], [11.0834110352, 50.9634940453], [11.0844997982, 50.9666742225], [11.0846213669, 50.9677243735], [11.0845422401, 50.9677367523], [11.0820233791, 50.9680174542], [11.0819291279, 50.9680301261], [11.0812661464, 50.9681402396], [11.0805854259, 50.968253922], [11.0796237423, 50.9683503032], [11.0789118542, 50.9684220389], [11.0788314532, 50.9684283001], [11.0778140061, 50.9684888035], [11.0769161636, 50.9685437242], [11.0758979884, 50.9686127626], [11.0758543242, 50.9686156533], [11.075607667, 50.9696916957], [11.0754860985, 50.9702243502], [11.0754757683, 50.9702713985], [11.0754294397, 50.9702787173], [11.0746403884, 50.9704102695], [11.0735948399, 50.9705834979], [11.0731199244, 50.9706630761], [11.0727955954, 50.9707174202], [11.072692709, 50.970725205], [11.0727273516, 50.9706684735], [11.0726810754, 50.9706947401], [11.0716647043, 50.9708220471], [11.070281813, 50.970995283], [11.0699689841, 50.9710344892], [11.0692420949, 50.9711257448], [11.0682554432, 50.9712497783], [11.0675240451, 50.9713417478], [11.0671637301, 50.9713871233], [11.0660468826, 50.9715323703], [11.0648982675, 50.9716756915], [11.0648291305, 50.9716866355], [11.0640551253, 50.9717698977]]]}, "properties": {"STADTTE_ID": 12, "NAME": "Dittelstedt", "DOWNLOADLI": "https://geoportal.erfurt.de/gis/pub/downloads/thematik/stadtteile.zip", "SHAPE_AREA": 1937733.55423}}, {"type": "Feature", "geometry": {"type": "Polygon", "coordinates": [[[11.1069503027, 51.0342755855], [11.1069432751, 51.0342881973], [11.1062089106, 51.0342491579], [11.1054894906, 51.0342181556], [11.1047632878, 51.034152247], [11.1040471244, 51.0340396761], [11.1030060318, 51.0338549179], [11.102202547, 51.0336188395], [11.1020541895, 51.0338569627], [11.1017038705, 51.0337640402], [11.1013540118, 51.0337735332], [11.1012896829, 51.0337745041], [11.101279224, 51.0338148384], [11.1012333345, 51.0339917507], [11.1011581472, 51.0342816276], [11.1010911068, 51.0345400786], [11.1010861583, 51.03456299], [11.101013089, 51.0350735468], [11.1009612852, 51.0350703621], [11.100923124, 51.0350680103], [11.1000947808, 51.0350145283], [11.0992530761, 51.034928298], [11.0983889776, 51.0348059233], [11.0980767262, 51.0347518379], [11.0979995308, 51.0347383973], [11.0978039844, 51.0347068354], [11.097511222, 51.0346595809], [11.0964699873, 51.0344401368], [11.0950723424, 51.0341063626], [11.0950140737, 51.0340925995], [11.0951484585, 51.033907727], [11.0953512377, 51.0336285571], [11.0952306279, 51.0335965137], [11.0952543641, 51.0335598776], [11.0954010915, 51.0333332747], [11.0956449497, 51.0329568101], [11.0960291306, 51.0323562889], [11.0959824923, 51.032339802], [11.0950144254, 51.0319977955], [11.0940058475, 51.0316402133], [11.0938708693, 51.0315937007], [11.0938028149, 51.0315702428], [11.0931624502, 51.0313491733], [11.0921638004, 51.0309995007], [11.0916282323, 51.0308503392], [11.0916407714, 51.030825114], [11.0919949224, 51.0301165845], [11.0922938019, 51.0294960964], [11.0923411504, 51.0293977998], [11.0931403119, 51.0295203263], [11.0935156492, 51.0288266268], [11.0938914002, 51.0281316522], [11.0948706452, 51.0282470588], [11.0958190906, 51.0283588214], [11.0961046414, 51.0277557581], [11.0961765559, 51.027603859], [11.0962359683, 51.0274981384], [11.0963355271, 51.027320969], [11.0964246472, 51.0271623799], [11.0965816367, 51.0268830434], [11.0966069725, 51.0268379609], [11.0970148557, 51.0262658629], [11.0977188526, 51.0255186941], [11.0979869911, 51.0252723198], [11.0987108228, 51.0246072266], [11.0990754324, 51.0242719916], [11.0991671029, 51.0241876974], [11.0995613802, 51.0238186211], [11.0996145516, 51.0237688538], [11.0997619346, 51.023633039], [11.1005242465, 51.0229475533], [11.1008124122, 51.0226658131], [11.100999276, 51.0224934816], [11.1015644623, 51.0219744413], [11.1015798274, 51.0219611384], [11.1026660953, 51.0210799443], [11.1035331527, 51.0204414021], [11.1040073409, 51.0200946856], [11.1047061682, 51.0195854392], [11.1053568606, 51.0191112547], [11.1056815517, 51.0186787679], [11.1059166446, 51.0183656208], [11.1063754321, 51.0177643857], [11.1064751677, 51.0176312822], [11.1071519565, 51.0167134502], [11.1078365727, 51.0157940833], [11.1085525585, 51.0149800066], [11.1087969689, 51.0147031269], [11.108830306, 51.0146656353], [11.1089115701, 51.0145736577], [11.1089430367, 51.0145378062], [11.1093266543, 51.0141007936], [11.1094068271, 51.0140098499], [11.1094396767, 51.0139725073], [11.1097541927, 51.0136111311], [11.1105253485, 51.0127650499], [11.1105830893, 51.0127016484], [11.1106312776, 51.012648952], [11.110721749, 51.0125318563], [11.1115233158, 51.0113521512], [11.1123527841, 51.0101231048], [11.1129183888, 51.0092973158], [11.1129490054, 51.0093050083], [11.1141258135, 51.0096540953], [11.1151027127, 51.009945475], [11.1151867374, 51.0099702826], [11.1157101447, 51.0100961072], [11.1169464381, 51.0103244327], [11.1173513144, 51.0103992578], [11.1174161335, 51.0104112352], [11.1183030039, 51.0105753426], [11.1194652802, 51.0108098523], [11.1195576922, 51.0108284184], [11.1198869417, 51.0108942338], [11.1199841661, 51.0109137168], [11.1210281284, 51.0111220786], [11.1220695392, 51.0113620005], [11.1221066099, 51.0113705662], [11.1221032113, 51.0113762851], [11.1216076553, 51.0125272762], [11.1216372518, 51.0125325594], [11.1228407721, 51.0127474339], [11.1240105194, 51.0129601104], [11.124050574, 51.0128829692], [11.1241495124, 51.0129009867], [11.1244084546, 51.0129482225], [11.1240099207, 51.0138305908], [11.1243157892, 51.0138855938], [11.125321026, 51.0140663456], [11.1253699955, 51.0140751794], [11.1260066878, 51.0141891754], [11.1262242253, 51.0142281859], [11.1264042507, 51.0142606695], [11.1266494446, 51.0143051719], [11.1267014528, 51.0143145669], [11.1266205314, 51.0144919025], [11.1263798228, 51.0153667384], [11.1262173124, 51.0160435356], [11.1261496275, 51.0169159331], [11.1260304483, 51.0179469086], [11.1258427697, 51.0188312039], [11.12583316, 51.0188764788], [11.1257425363, 51.0191835517], [11.1255165277, 51.0197972453], [11.1251109141, 51.02069713], [11.1249740995, 51.0209930691], [11.1249227518, 51.0211043206], [11.1249004368, 51.0211647491], [11.1246430432, 51.0218743266], [11.124538136, 51.0223003972], [11.1245295983, 51.022320882], [11.1245151005, 51.0223922458], [11.1244588758, 51.0223913392], [11.1243567024, 51.0223850734], [11.1240710541, 51.0223689737], [11.1238169109, 51.0223691916], [11.1235813567, 51.022378259], [11.1233264377, 51.022392986], [11.1230722998, 51.022418632], [11.1228282226, 51.0224465652], [11.1224631455, 51.0225128083], [11.1202785759, 51.0229386514], [11.1202257951, 51.0229952897], [11.1201793428, 51.0230451443], [11.1200957478, 51.0231296514], [11.119849592, 51.0233816862], [11.1197950042, 51.0234374038], [11.1193495636, 51.0238946415], [11.1187635527, 51.0244194871], [11.118189868, 51.0249421923], [11.1174861574, 51.0255636483], [11.1164371921, 51.0264188778], [11.1163525006, 51.026495841], [11.1157755179, 51.0270078307], [11.1151213515, 51.0275804316], [11.1147367723, 51.0279068269], [11.1143980825, 51.0282140807], [11.1139431087, 51.0286809344], [11.1132497382, 51.0294172326], [11.112698968, 51.0300489253], [11.1129014193, 51.0301183556], [11.1126034714, 51.0304083653], [11.1121789526, 51.0307026551], [11.1114859919, 51.0311115021], [11.1106800767, 51.030675465], [11.1101219907, 51.0310349996], [11.109754097, 51.0314020482], [11.1082249319, 51.0331258111], [11.108174709, 51.0331710574], [11.1076084649, 51.0336841847], [11.1069503027, 51.0342755855]]]}, "properties": {"STADTTE_ID": 52, "NAME": "Töttleben", "DOWNLOADLI": "https://geoportal.erfurt.de/gis/pub/downloads/thematik/stadtteile.zip", "SHAPE_AREA": 3345872.39728}}, {"type": "Feature", "geometry": {"type": "Polygon", "coordinates": [[[11.0047523178, 50.9883522682], [11.0044440323, 50.988242586], [11.0038685258, 50.9882302626], [11.0027811458, 50.9884016904], [11.0020659035, 50.9887664948], [11.0016172578, 50.9886310019], [11.0006426242, 50.988808128], [10.9991947269, 50.9882091824], [10.9988362934, 50.9880490828], [10.9985422743, 50.9879824445], [10.9980939094, 50.9878815679], [10.9979990889, 50.9878601629], [10.9979389195, 50.9878465803], [10.9965124723, 50.9875263679], [10.9941896116, 50.9870148488], [10.9937890968, 50.9869266426], [10.9930757242, 50.9867695269], [10.9930209966, 50.9867574777], [10.9927193658, 50.9866910464], [10.9925607522, 50.9866496777], [10.9918189443, 50.9864670939], [10.9909665476, 50.9862854392], [10.9909287115, 50.9862931668], [10.9908359034, 50.9863257609], [10.9905206383, 50.9862617949], [10.9890819711, 50.985964333], [10.9889932021, 50.9859480051], [10.9888137362, 50.9859155116], [10.9879988364, 50.9857670237], [10.9869662555, 50.9855788713], [10.985292406, 50.9852739791], [10.984118744, 50.9850805401], [10.9838302448, 50.9850516496], [10.983658671, 50.9850343905], [10.9830607399, 50.9849009775], [10.9819661945, 50.9845634705], [10.9808741618, 50.9842322934], [10.9797674206, 50.9839298743], [10.9788699961, 50.9836912442], [10.9778506809, 50.983432077], [10.9774540568, 50.9833013136], [10.9766475515, 50.9831255339], [10.9759925588, 50.9829733169], [10.9758530735, 50.9830143488], [10.9749648322, 50.9828204827], [10.9739938186, 50.9826092214], [10.9730502458, 50.9824016507], [10.9715415111, 50.9820771892], [10.9714098412, 50.9821712649], [10.9715932536, 50.9817670221], [10.97188487, 50.9812602555], [10.9720032499, 50.9810724571], [10.9720043093, 50.9810706603], [10.9721335535, 50.9810619186], [10.9723598835, 50.9810465591], [10.9729018725, 50.9810068352], [10.9732338764, 50.9809825216], [10.9737245286, 50.9809465869], [10.9744276917, 50.9808948854], [10.9750174666, 50.9808544291], [10.9757009081, 50.9808070681], [10.9763688132, 50.9807590011], [10.9765461831, 50.9807472231], [10.9768655201, 50.9807260175], [10.9795760357, 50.9805411327], [10.9798558961, 50.9805161795], [10.9798142538, 50.9804107678], [10.9798083536, 50.980366584], [10.9803323374, 50.9801950115], [10.9809128304, 50.9799998456], [10.9812494689, 50.9798887246], [10.9807445093, 50.9773700879], [10.9807346373, 50.977322098], [10.9805022113, 50.9761569635], [10.9804302792, 50.9761147442], [10.9796143625, 50.9761219175], [10.9795943809, 50.9759913817], [10.9785129555, 50.9760597458], [10.976876601, 50.976172169], [10.977087819, 50.9757141245], [10.9759978035, 50.9755122035], [10.9764563845, 50.9746247383], [10.9764269027, 50.9746231949], [10.9764295258, 50.9746165662], [10.9764509316, 50.9745625119], [10.9764904273, 50.974554822], [10.976975981, 50.9745527253], [10.9769961685, 50.9745015649], [10.9770524575, 50.9745123144], [10.9781340059, 50.9718561843], [10.9780650724, 50.9718515368], [10.9776947173, 50.9716580862], [10.9794534972, 50.9696243829], [10.9787308846, 50.9695321972], [10.9785589369, 50.9694788358], [10.9780789313, 50.9692868731], [10.9769156768, 50.9688555777], [10.9762018004, 50.9686237865], [10.9751298057, 50.9683006407], [10.974719234, 50.9682034798], [10.9741307731, 50.9681235612], [10.9735999198, 50.967974174], [10.9731514278, 50.9678144062], [10.9727108452, 50.9676627699], [10.9723089018, 50.9675266536], [10.9717380454, 50.9673339736], [10.9717457122, 50.9672484809], [10.972732299, 50.9659646168], [10.9731004352, 50.9654953134], [10.9729842864, 50.9654676303], [10.9727632818, 50.9654146838], [10.9727117602, 50.965141631], [10.973721689, 50.9637481516], [10.9738076224, 50.9637470002], [10.9744109449, 50.963796541], [10.9766331721, 50.9643499985], [10.9775340174, 50.9645377938], [10.978496254, 50.9646573233], [10.9797323567, 50.9646608207], [10.9811088655, 50.9648696997], [10.9825108896, 50.9650921721], [10.9826139985, 50.9650248584], [10.9827638393, 50.9649269578], [10.9828795542, 50.964851439], [10.983057256, 50.9647358195], [10.9834502814, 50.9644176114], [10.983679917, 50.9642213682], [10.9836962573, 50.9642031275], [10.9842520274, 50.9635842039], [10.9846238619, 50.9627782114], [10.9855365938, 50.9630006932], [10.9864452152, 50.9632292717], [10.9874800897, 50.963479755], [10.9875181387, 50.9634371968], [10.9883454744, 50.9625952091], [10.9886151766, 50.9623150102], [10.9886563002, 50.9622728291], [10.9897368735, 50.961164459], [10.9898582821, 50.96103903], [10.9898732008, 50.9609953003], [10.9898975743, 50.9609632398], [10.9899083393, 50.9609490802], [10.9899236727, 50.9608994615], [10.9901814508, 50.9609717147], [10.9903074617, 50.9610290761], [10.9905015707, 50.9610658771], [10.9907007779, 50.9611066353], [10.9908509875, 50.9611507208], [10.9918962995, 50.9615144565], [10.9923542565, 50.9616770659], [10.9928037232, 50.9618506576], [10.9931551172, 50.9619966591], [10.9937080315, 50.9622263755], [10.9942050641, 50.9624521494], [10.9945809978, 50.9626229449], [10.9948377488, 50.9627442606], [10.9953446013, 50.9629837733], [10.9954422439, 50.9630306768], [10.9957409298, 50.9631741556], [10.9959074403, 50.9632545126], [10.9963133101, 50.9634504507], [10.9964510969, 50.9635175251], [10.9971284008, 50.9638553664], [10.9972755835, 50.9639269756], [10.9976344954, 50.964101579], [10.9976808624, 50.9641242034], [10.997857201, 50.9642102354], [10.9978768145, 50.9642198145], [10.9979888985, 50.9642744299], [10.9981232841, 50.9643725142], [10.9982666323, 50.9644932825], [10.9983879657, 50.9646243718], [10.9984306834, 50.9646707244], [10.9984896425, 50.9647223076], [10.9986042528, 50.9647797887], [10.9987665399, 50.9648596501], [10.9993128911, 50.9651277071], [10.9997869059, 50.9653596193], [11.0003448764, 50.965632411], [11.0006937728, 50.9658044066], [11.0008871408, 50.9659011182], [11.0013846181, 50.9661493078], [11.0017700467, 50.9663360226], [11.0018394932, 50.9663696582], [11.002028925, 50.9664615015], [11.0024913524, 50.9666860314], [11.0025163665, 50.9666678408], [11.0025639114, 50.966633264], [11.0026435184, 50.9665753814], [11.0035020091, 50.9661200003], [11.0039492722, 50.9658835255], [11.0042752897, 50.965863378], [11.0053196637, 50.9654590287], [11.0053498927, 50.9654476406], [11.0064304649, 50.9650405479], [11.0072211479, 50.9647374242], [11.0075341839, 50.9646174124], [11.0077443803, 50.9645379939], [11.0084422132, 50.9642655601], [11.0084205223, 50.9642059903], [11.0083807447, 50.9640971061], [11.0082758176, 50.9637992195], [11.0082593574, 50.9637523432], [11.0079651492, 50.9634198987], [11.0078542155, 50.9630483055], [11.0078291374, 50.9627375477], [11.0079501954, 50.9626333901], [11.0080544518, 50.9625741688], [11.0082442428, 50.9625908058], [11.0086156908, 50.9626340274], [11.008688047, 50.962584553], [11.0090640114, 50.9627880926], [11.0091501872, 50.9628339022], [11.0092299183, 50.9628095306], [11.0095045628, 50.9625614167], [11.0094781956, 50.9621966472], [11.0094546192, 50.9620776176], [11.00943705, 50.9620444607], [11.0093706263, 50.961976231], [11.0091392093, 50.9618108827], [11.0088010151, 50.961633072], [11.0083114413, 50.9614539763], [11.0076989074, 50.9612546617], [11.0085178351, 50.9611948009], [11.0086759693, 50.9611892106], [11.0087459628, 50.9611967339], [11.0088397181, 50.9611864419], [11.0089109528, 50.9611699513], [11.0085415451, 50.9607385708], [11.0086415744, 50.9605556485], [11.0089820134, 50.9599394113], [11.0090238166, 50.9598634795], [11.0090421127, 50.9598307586], [11.0086361747, 50.9596538613], [11.0091840422, 50.9592362547], [11.0091962017, 50.9592315909], [11.0081933292, 50.9585672173], [11.0091665262, 50.9591787518], [11.0100128142, 50.9594767383], [11.0103711517, 50.9595081454], [11.0108833669, 50.9596898104], [11.015330318, 50.9608187884], [11.0163134657, 50.9612249682], [11.016663811, 50.9617946262], [11.0167387213, 50.9621602342], [11.016873192, 50.9622592102], [11.0170156902, 50.9622919491], [11.0171496807, 50.9622689605], [11.0179361645, 50.9628499551], [11.0183889592, 50.9631693124], [11.0187249401, 50.9633925214], [11.0189065598, 50.9635480409], [11.0192152471, 50.9638123657], [11.0194173078, 50.9639993867], [11.0197910137, 50.9643130671], [11.0201168164, 50.9646443646], [11.0211255982, 50.9656545764], [11.0225809157, 50.9659827935], [11.022650202, 50.9660520095], [11.0226299519, 50.9660828948], [11.0227309418, 50.9661789061], [11.0232292565, 50.9665978225], [11.0237686842, 50.9670877454], [11.0246846325, 50.9678574207], [11.025656724, 50.9683211743], [11.0255926255, 50.9684149116], [11.0254513444, 50.9686337016], [11.0252832394, 50.9689465397], [11.0251304945, 50.9692673764], [11.0247581611, 50.9700205988], [11.0246076919, 50.9703950023], [11.0245958479, 50.9709608972], [11.0246828525, 50.9713473005], [11.0248134531, 50.9715437328], [11.025024645, 50.9716757233], [11.0247041665, 50.9718433491], [11.0240247428, 50.9721231791], [11.0223038748, 50.972703466], [11.0221675638, 50.9727426262], [11.0218384699, 50.9728382053], [11.0216790629, 50.9728819505], [11.0214713797, 50.972960353], [11.0212406678, 50.9730388569], [11.0215214865, 50.9732512383], [11.0189143145, 50.974436019], [11.0193231106, 50.9746952579], [11.0197769668, 50.9749830661], [11.0199657076, 50.9750862587], [11.0202752715, 50.9751777635], [11.0209447668, 50.9753548409], [11.0214239197, 50.9755049189], [11.0216212452, 50.9756780399], [11.0217185089, 50.9758312706], [11.0216952167, 50.9759834919], [11.0216226256, 50.9760908463], [11.0214176975, 50.9762796515], [11.0213645295, 50.9764189219], [11.0214116964, 50.9765653834], [11.0215375028, 50.9767950619], [11.0216753545, 50.9769295809], [11.0212259263, 50.9767988043], [11.0204550018, 50.9765383241], [11.0201103573, 50.9764706294], [11.0197378689, 50.9765080102], [11.0194689243, 50.9764976549], [11.01912377, 50.9764542554], [11.0189188997, 50.9764444358], [11.0185062628, 50.9765624832], [11.0182362913, 50.9766007203], [11.0178520099, 50.9765893913], [11.0175842614, 50.9765223354], [11.0172271486, 50.9764383263], [11.0168816558, 50.9764111192], [11.0164968727, 50.9764354804], [11.0163169405, 50.9764468724], [11.0157018207, 50.9764416949], [11.0150614149, 50.9764200999], [11.0142926853, 50.9764055194], [11.0135613735, 50.9764398538], [11.0128934502, 50.976507123], [11.0126745667, 50.9765538794], [11.0127129557, 50.9771617608], [11.0126767168, 50.9774062886], [11.0124931717, 50.9773109146], [11.0118315507, 50.9770082147], [11.0108679955, 50.9767195868], [11.0101588559, 50.976548401], [11.0088969311, 50.9761803937], [11.0088043365, 50.9767676171], [11.0086874649, 50.9776272232], [11.0085464445, 50.9784632591], [11.0083696692, 50.9789524167], [11.0080360636, 50.9796808027], [11.0080036783, 50.979763389], [11.0078981246, 50.9799945049], [11.0075362491, 50.9810294389], [11.0074300463, 50.981289088], [11.0072995597, 50.9817434149], [11.0071219981, 50.9824371087], [11.0069706949, 50.9832432204], [11.0069103564, 50.9837556939], [11.0068410756, 50.9839310765], [11.0068405179, 50.984092865], [11.0070311521, 50.9841686054], [11.0073453954, 50.9841670984], [11.0077165219, 50.9841347572], [11.0083399925, 50.9840565381], [11.0089727535, 50.9840076208], [11.0093269963, 50.9839724694], [11.0091249198, 50.9841804119], [11.0090179115, 50.9842330338], [11.0087632663, 50.984257642], [11.0083605888, 50.9842720696], [11.0077526642, 50.9843115188], [11.0073704929, 50.9843573425], [11.0071220398, 50.984422145], [11.0069573328, 50.9845322639], [11.0066690242, 50.9848108425], [11.0064156222, 50.9851075599], [11.0061667935, 50.9855202928], [11.0058441487, 50.9860841769], [11.0054688512, 50.9867991656], [11.0052831559, 50.9872302781], [11.005176423, 50.9872695172], [11.0047523178, 50.9883522682]]]}, "properties": {"STADTTE_ID": 3, "NAME": "Brühlervorstadt", "DOWNLOADLI": "https://geoportal.erfurt.de/gis/pub/downloads/thematik/stadtteile.zip", "SHAPE_AREA": 7120109.72913}}]}